<?xml version="1.0" encoding="UTF-8"?>
<alto xmlns:xsi="http://www.w3.org/2001/XMLSchema-instance" xsi:noNamespaceSchemaLocation="http://www.bl.uk/schemas/alto/alto-1-4.xsd" xmlns:xlink="http://www.w3.org/1999/xlink">
	<Description>
		<MeasurementUnit>mm10</MeasurementUnit>
		<sourceImageInformation>
			<fileName>//head1/IN/2008-11/A0011351408.1/007250.jp2</fileName>
		</sourceImageInformation>
		<OCRProcessing ID="OCRPROCESSING_1">
			<preProcessingStep>
				<processingSoftware>
					<softwareCreator>CCS Content Conversion Specialists GmbH, Germany</softwareCreator>
					<softwareName>CCS docWORKS</softwareName>
					<softwareVersion>6.1-0.67</softwareVersion>
				</processingSoftware>
			</preProcessingStep>
			<ocrProcessingStep>
				<processingSoftware>
					<softwareCreator>ABBYY (BIT Software), Russia</softwareCreator>
					<softwareName>Finereader</softwareName>
				</processingSoftware>
			</ocrProcessingStep>
		</OCRProcessing>
	</Description>
	<Styles>
		<TextStyle ID="TXT_0" FONTSIZE="9" FONTFAMILY="Courier New"/>
		<TextStyle ID="TXT_1" FONTSIZE="11" FONTFAMILY="Courier New"/>
		<ParagraphStyle ID="PAR_CENTER" ALIGN="Center"/>
		<ParagraphStyle ID="PAR_LEFT" ALIGN="Left"/>
	</Styles>
	<Layout>
		<Page ID="P164" PHYSICAL_IMG_NR="164" HEIGHT="1706" WIDTH="1150" PRINTED_IMG_NR="156" POSITION="Left" ACCURACY="93.53">
			<TopMargin ID="P164_TM00001" HPOS="0" VPOS="0" WIDTH="1149" HEIGHT="150">
				<TextBlock ID="P164_TB00001" HPOS="363" VPOS="109" WIDTH="382" HEIGHT="41" STYLEREFS="TXT_0 PAR_CENTER">
					<TextLine ID="P164_TL00001" HPOS="364" VPOS="110" WIDTH="381" HEIGHT="40">
						<String ID="P164_ST00001" HPOS="364" VPOS="112" WIDTH="76" HEIGHT="38" CONTENT="Life" WC="1.00" CC="0000"/>
						<SP ID="P164_SP00001" HPOS="440" VPOS="150" WIDTH="21"/>
						<String ID="P164_ST00002" HPOS="461" VPOS="113" WIDTH="33" HEIGHT="30" CONTENT="in" WC="0.61" CC="07"/>
						<SP ID="P164_SP00002" HPOS="494" VPOS="150" WIDTH="23"/>
						<String ID="P164_ST00003" HPOS="517" VPOS="112" WIDTH="50" HEIGHT="31" CONTENT="the" WC="1.00" CC="000"/>
						<SP ID="P164_SP00003" HPOS="567" VPOS="150" WIDTH="20"/>
						<String ID="P164_ST00004" HPOS="587" VPOS="110" WIDTH="158" HEIGHT="39" CONTENT="Mofussil." WC="0.99" CC="000000000"/>
					</TextLine>
				</TextBlock>
				<TextBlock ID="P164_TB00002" HPOS="93" VPOS="112" WIDTH="56" HEIGHT="37" STYLEREFS="TXT_1 PAR_LEFT">
					<TextLine ID="P164_TL00002" HPOS="93" VPOS="112" WIDTH="56" HEIGHT="37">
						<String ID="P164_ST00005" HPOS="93" VPOS="112" WIDTH="56" HEIGHT="37" CONTENT="156" WC="1.00" CC="000"/>
					</TextLine>
				</TextBlock>
			</TopMargin>
			<LeftMargin ID="P164_LM00001" HPOS="0" VPOS="150" WIDTH="86" HEIGHT="1455"/>
			<RightMargin ID="P164_RM00001" HPOS="1021" VPOS="150" WIDTH="128" HEIGHT="1455"/>
			<BottomMargin ID="P164_BM00001" HPOS="0" VPOS="1605" WIDTH="1149" HEIGHT="101"/>
			<PrintSpace ID="P164_PS00001" HPOS="86" VPOS="150" WIDTH="935" HEIGHT="1455">
				<TextBlock ID="P164_TB00003" HPOS="86" VPOS="195" WIDTH="935" HEIGHT="462" STYLEREFS="TXT_0 PAR_LEFT">
					<TextLine ID="P164_TL00003" HPOS="88" VPOS="196" WIDTH="933" HEIGHT="37">
						<String ID="P164_ST00006" HPOS="88" VPOS="198" WIDTH="36" HEIGHT="26" CONTENT="all" WC="0.97" CC="000"/>
						<SP ID="P164_SP00004" HPOS="124" VPOS="224" WIDTH="14"/>
						<String ID="P164_ST00007" HPOS="138" VPOS="199" WIDTH="94" HEIGHT="26" CONTENT="orders" WC="1.00" CC="000000"/>
						<SP ID="P164_SP00005" HPOS="232" VPOS="225" WIDTH="14"/>
						<String ID="P164_ST00008" HPOS="246" VPOS="199" WIDTH="32" HEIGHT="26" CONTENT="of" WC="0.89" CC="02"/>
						<SP ID="P164_SP00006" HPOS="278" VPOS="225" WIDTH="9"/>
						<String ID="P164_ST00009" HPOS="287" VPOS="199" WIDTH="48" HEIGHT="26" CONTENT="the" WC="0.62" CC="560"/>
						<SP ID="P164_SP00007" HPOS="335" VPOS="225" WIDTH="14"/>
						<String ID="P164_ST00010" HPOS="349" VPOS="199" WIDTH="172" HEIGHT="34" CONTENT="Magistrate," WC="0.94" CC="00050000000"/>
						<SP ID="P164_SP00008" HPOS="521" VPOS="233" WIDTH="18"/>
						<String ID="P164_ST00011" HPOS="539" VPOS="198" WIDTH="147" HEIGHT="34" CONTENT="recording" WC="0.97" CC="000000200"/>
						<SP ID="P164_SP00009" HPOS="686" VPOS="233" WIDTH="14"/>
						<String ID="P164_ST00012" HPOS="700" VPOS="196" WIDTH="43" HEIGHT="26" CONTENT="his" WC="0.77" CC="060"/>
						<SP ID="P164_SP00010" HPOS="743" VPOS="233" WIDTH="20"/>
						<String ID="P164_ST00013" HPOS="763" VPOS="203" WIDTH="258" HEIGHT="18" CONTENT="non-concurrence" WC="0.99" CC="000000000000000"/>
					</TextLine>
					<TextLine ID="P164_TL00004" HPOS="88" VPOS="242" WIDTH="933" HEIGHT="39">
						<String ID="P164_ST00014" HPOS="88" VPOS="246" WIDTH="38" HEIGHT="34" CONTENT="by" WC="1.00" CC="00"/>
						<SP ID="P164_SP00011" HPOS="126" VPOS="280" WIDTH="13"/>
						<String ID="P164_ST00015" HPOS="139" VPOS="254" WIDTH="62" HEIGHT="26" CONTENT="way" WC="1.00" CC="000"/>
						<SP ID="P164_SP00012" HPOS="201" VPOS="280" WIDTH="14"/>
						<String ID="P164_ST00016" HPOS="215" VPOS="246" WIDTH="31" HEIGHT="26" CONTENT="of" WC="1.00" CC="00"/>
						<SP ID="P164_SP00013" HPOS="246" VPOS="280" WIDTH="10"/>
						<String ID="P164_ST00017" HPOS="256" VPOS="250" WIDTH="112" HEIGHT="31" CONTENT="protest," WC="0.98" CC="00010000"/>
						<SP ID="P164_SP00014" HPOS="368" VPOS="281" WIDTH="16"/>
						<String ID="P164_ST00018" HPOS="384" VPOS="247" WIDTH="23" HEIGHT="25" CONTENT="if" WC="0.93" CC="10"/>
						<SP ID="P164_SP00015" HPOS="407" VPOS="281" WIDTH="10"/>
						<String ID="P164_ST00019" HPOS="417" VPOS="247" WIDTH="35" HEIGHT="26" CONTENT="he" WC="1.00" CC="00"/>
						<SP ID="P164_SP00016" HPOS="452" VPOS="281" WIDTH="13"/>
						<String ID="P164_ST00020" HPOS="465" VPOS="255" WIDTH="57" HEIGHT="17" CONTENT="saw" WC="1.00" CC="000"/>
						<SP ID="P164_SP00017" HPOS="522" VPOS="281" WIDTH="13"/>
						<String ID="P164_ST00021" HPOS="535" VPOS="254" WIDTH="99" HEIGHT="17" CONTENT="reason" WC="0.84" CC="301202"/>
						<SP ID="P164_SP00018" HPOS="634" VPOS="281" WIDTH="15"/>
						<String ID="P164_ST00022" HPOS="649" VPOS="249" WIDTH="30" HEIGHT="22" CONTENT="to" WC="1.00" CC="00"/>
						<SP ID="P164_SP00019" HPOS="679" VPOS="281" WIDTH="14"/>
						<String ID="P164_ST00023" HPOS="693" VPOS="244" WIDTH="37" HEIGHT="27" CONTENT="do" WC="1.00" CC="00"/>
						<SP ID="P164_SP00020" HPOS="730" VPOS="281" WIDTH="14"/>
						<String ID="P164_ST00024" HPOS="744" VPOS="253" WIDTH="38" HEIGHT="22" CONTENT="so," WC="1.00" CC="000"/>
						<SP ID="P164_SP00021" HPOS="782" VPOS="281" WIDTH="16"/>
						<String ID="P164_ST00025" HPOS="798" VPOS="243" WIDTH="57" HEIGHT="26" CONTENT="and" WC="0.94" CC="010"/>
						<SP ID="P164_SP00022" HPOS="855" VPOS="281" WIDTH="22"/>
						<String ID="P164_ST00026" HPOS="877" VPOS="242" WIDTH="144" HEIGHT="34" CONTENT="reporting" WC="1.00" CC="000000000"/>
					</TextLine>
					<TextLine ID="P164_TL00005" HPOS="88" VPOS="289" WIDTH="933" HEIGHT="39">
						<String ID="P164_ST00027" HPOS="88" VPOS="297" WIDTH="29" HEIGHT="22" CONTENT="to" WC="1.00" CC="00"/>
						<SP ID="P164_SP00023" HPOS="117" VPOS="319" WIDTH="15"/>
						<String ID="P164_ST00028" HPOS="132" VPOS="293" WIDTH="41" HEIGHT="26" CONTENT="his" WC="0.84" CC="040"/>
						<SP ID="P164_SP00024" HPOS="173" VPOS="319" WIDTH="19"/>
						<String ID="P164_ST00029" HPOS="192" VPOS="294" WIDTH="122" HEIGHT="34" CONTENT="superior" WC="0.94" CC="00000400"/>
						<SP ID="P164_SP00025" HPOS="314" VPOS="328" WIDTH="20"/>
						<String ID="P164_ST00030" HPOS="334" VPOS="294" WIDTH="100" HEIGHT="32" CONTENT="officer," WC="1.00" CC="00000000"/>
						<SP ID="P164_SP00026" HPOS="434" VPOS="328" WIDTH="19"/>
						<String ID="P164_ST00031" HPOS="453" VPOS="293" WIDTH="49" HEIGHT="27" CONTENT="the" WC="1.00" CC="000"/>
						<SP ID="P164_SP00027" HPOS="502" VPOS="328" WIDTH="22"/>
						<String ID="P164_ST00032" HPOS="524" VPOS="294" WIDTH="117" HEIGHT="33" CONTENT="Deputy" WC="0.99" CC="000000"/>
						<SP ID="P164_SP00028" HPOS="641" VPOS="328" WIDTH="21"/>
						<String ID="P164_ST00033" HPOS="662" VPOS="290" WIDTH="281" HEIGHT="36" CONTENT="Inspector-general," WC="0.95" CC="000000004000000012"/>
						<SP ID="P164_SP00029" HPOS="943" VPOS="328" WIDTH="15"/>
						<String ID="P164_ST00034" HPOS="958" VPOS="289" WIDTH="63" HEIGHT="26" CONTENT="who" WC="0.89" CC="030"/>
					</TextLine>
					<TextLine ID="P164_TL00006" HPOS="88" VPOS="338" WIDTH="933" HEIGHT="33">
						<String ID="P164_ST00035" HPOS="88" VPOS="341" WIDTH="90" HEIGHT="25" CONTENT="would" WC="0.90" CC="00040"/>
						<SP ID="P164_SP00030" HPOS="178" VPOS="366" WIDTH="12"/>
						<String ID="P164_ST00036" HPOS="190" VPOS="342" WIDTH="94" HEIGHT="25" CONTENT="confer" WC="0.94" CC="003000"/>
						<SP ID="P164_SP00031" HPOS="284" VPOS="367" WIDTH="8"/>
						<String ID="P164_ST00037" HPOS="292" VPOS="342" WIDTH="65" HEIGHT="25" CONTENT="with" WC="1.00" CC="0000"/>
						<SP ID="P164_SP00032" HPOS="357" VPOS="367" WIDTH="14"/>
						<String ID="P164_ST00038" HPOS="371" VPOS="342" WIDTH="48" HEIGHT="25" CONTENT="the" WC="1.00" CC="000"/>
						<SP ID="P164_SP00033" HPOS="419" VPOS="367" WIDTH="11"/>
						<String ID="P164_ST00039" HPOS="430" VPOS="341" WIDTH="227" HEIGHT="30" CONTENT="Commissioner," WC="0.98" CC="0000000000002"/>
						<SP ID="P164_SP00034" HPOS="657" VPOS="371" WIDTH="11"/>
						<String ID="P164_ST00040" HPOS="668" VPOS="340" WIDTH="55" HEIGHT="25" CONTENT="and" WC="1.00" CC="000"/>
						<SP ID="P164_SP00035" HPOS="723" VPOS="371" WIDTH="16"/>
						<String ID="P164_ST00041" HPOS="739" VPOS="339" WIDTH="74" HEIGHT="31" CONTENT="then," WC="0.98" CC="00000"/>
						<SP ID="P164_SP00036" HPOS="813" VPOS="371" WIDTH="16"/>
						<String ID="P164_ST00042" HPOS="829" VPOS="338" WIDTH="23" HEIGHT="26" CONTENT="if" WC="0.66" CC="51"/>
						<SP ID="P164_SP00037" HPOS="852" VPOS="371" WIDTH="11"/>
						<String ID="P164_ST00043" HPOS="863" VPOS="346" WIDTH="158" HEIGHT="24" CONTENT="necessary," WC="0.99" CC="0000000000"/>
					</TextLine>
					<TextLine ID="P164_TL00007" HPOS="88" VPOS="385" WIDTH="933" HEIGHT="37">
						<String ID="P164_ST00044" HPOS="88" VPOS="387" WIDTH="46" HEIGHT="35" CONTENT="lay" WC="0.91" CC="200"/>
						<SP ID="P164_SP00038" HPOS="134" VPOS="422" WIDTH="19"/>
						<String ID="P164_ST00045" HPOS="153" VPOS="388" WIDTH="47" HEIGHT="27" CONTENT="the" WC="1.00" CC="000"/>
						<SP ID="P164_SP00039" HPOS="200" VPOS="422" WIDTH="23"/>
						<String ID="P164_ST00046" HPOS="223" VPOS="392" WIDTH="103" HEIGHT="23" CONTENT="matter" WC="0.85" CC="800000"/>
						<SP ID="P164_SP00040" HPOS="326" VPOS="422" WIDTH="22"/>
						<String ID="P164_ST00047" HPOS="348" VPOS="389" WIDTH="94" HEIGHT="26" CONTENT="before" WC="1.00" CC="000000"/>
						<SP ID="P164_SP00041" HPOS="442" VPOS="422" WIDTH="24"/>
						<String ID="P164_ST00048" HPOS="466" VPOS="388" WIDTH="47" HEIGHT="27" CONTENT="the" WC="0.95" CC="100"/>
						<SP ID="P164_SP00042" HPOS="513" VPOS="422" WIDTH="25"/>
						<String ID="P164_ST00049" HPOS="538" VPOS="387" WIDTH="197" HEIGHT="27" CONTENT="Government." WC="1.00" CC="00000000000"/>
						<SP ID="P164_SP00043" HPOS="735" VPOS="422" WIDTH="42"/>
						<String ID="P164_ST00050" HPOS="777" VPOS="387" WIDTH="100" HEIGHT="26" CONTENT="Under" WC="0.93" CC="02000"/>
						<SP ID="P164_SP00044" HPOS="877" VPOS="422" WIDTH="21"/>
						<String ID="P164_ST00051" HPOS="898" VPOS="385" WIDTH="49" HEIGHT="26" CONTENT="the" WC="0.78" CC="060"/>
						<SP ID="P164_SP00045" HPOS="947" VPOS="422" WIDTH="24"/>
						<String ID="P164_ST00052" HPOS="971" VPOS="386" WIDTH="50" HEIGHT="25" CONTENT="cir" SUBS_TYPE="HypPart1" SUBS_CONTENT="circumstances," WC="0.80" CC="0610"/>
						<HYP CONTENT="-"/>
					</TextLine>
					<TextLine ID="P164_TL00008" HPOS="87" VPOS="433" WIDTH="934" HEIGHT="37">
						<String ID="P164_ST00053" HPOS="87" VPOS="440" WIDTH="181" HEIGHT="27" CONTENT="cumstances," SUBS_TYPE="HypPart2" SUBS_CONTENT="circumstances," WC="0.95" CC="00000000030"/>
						<SP ID="P164_SP00046" HPOS="268" VPOS="467" WIDTH="21"/>
						<String ID="P164_ST00054" HPOS="289" VPOS="436" WIDTH="22" HEIGHT="25" CONTENT="if" WC="1.00" CC="00"/>
						<SP ID="P164_SP00047" HPOS="311" VPOS="467" WIDTH="20"/>
						<String ID="P164_ST00055" HPOS="331" VPOS="445" WIDTH="16" HEIGHT="17" CONTENT="a" WC="1.00" CC="0"/>
						<SP ID="P164_SP00048" HPOS="347" VPOS="467" WIDTH="24"/>
						<String ID="P164_ST00056" HPOS="371" VPOS="436" WIDTH="168" HEIGHT="34" CONTENT="Magistrate" WC="0.94" CC="0006000000"/>
						<SP ID="P164_SP00049" HPOS="539" VPOS="470" WIDTH="21"/>
						<String ID="P164_ST00057" HPOS="560" VPOS="436" WIDTH="47" HEIGHT="25" CONTENT="did" WC="0.92" CC="020"/>
						<SP ID="P164_SP00050" HPOS="607" VPOS="470" WIDTH="24"/>
						<String ID="P164_ST00058" HPOS="631" VPOS="435" WIDTH="64" HEIGHT="34" CONTENT="give" WC="0.91" CC="0300"/>
						<SP ID="P164_SP00051" HPOS="695" VPOS="470" WIDTH="23"/>
						<String ID="P164_ST00059" HPOS="718" VPOS="443" WIDTH="16" HEIGHT="17" CONTENT="a" WC="1.00" CC="0"/>
						<SP ID="P164_SP00052" HPOS="734" VPOS="470" WIDTH="26"/>
						<String ID="P164_ST00060" HPOS="760" VPOS="442" WIDTH="97" HEIGHT="26" CONTENT="wrong" WC="0.87" CC="00060"/>
						<SP ID="P164_SP00053" HPOS="857" VPOS="470" WIDTH="26"/>
						<String ID="P164_ST00061" HPOS="883" VPOS="433" WIDTH="88" HEIGHT="31" CONTENT="order," WC="1.00" CC="000000"/>
						<SP ID="P164_SP00054" HPOS="971" VPOS="470" WIDTH="29"/>
						<String ID="P164_ST00062" HPOS="1000" VPOS="433" WIDTH="21" HEIGHT="26" CONTENT="it" WC="0.27" CC="59"/>
					</TextLine>
					<TextLine ID="P164_TL00009" HPOS="88" VPOS="481" WIDTH="933" HEIGHT="36">
						<String ID="P164_ST00063" HPOS="88" VPOS="483" WIDTH="90" HEIGHT="25" CONTENT="would" WC="0.96" CC="00100"/>
						<SP ID="P164_SP00055" HPOS="178" VPOS="508" WIDTH="12"/>
						<String ID="P164_ST00064" HPOS="190" VPOS="483" WIDTH="35" HEIGHT="25" CONTENT="be" WC="1.00" CC="00"/>
						<SP ID="P164_SP00056" HPOS="225" VPOS="508" WIDTH="14"/>
						<String ID="P164_ST00065" HPOS="239" VPOS="492" WIDTH="16" HEIGHT="16" CONTENT="a" WC="1.00" CC="0"/>
						<SP ID="P164_SP00057" HPOS="255" VPOS="508" WIDTH="14"/>
						<String ID="P164_ST00066" HPOS="269" VPOS="483" WIDTH="108" HEIGHT="34" CONTENT="longish" WC="0.86" CC="0000090"/>
						<SP ID="P164_SP00058" HPOS="377" VPOS="517" WIDTH="15"/>
						<String ID="P164_ST00067" HPOS="392" VPOS="484" WIDTH="67" HEIGHT="24" CONTENT="time" WC="0.94" CC="0002"/>
						<SP ID="P164_SP00059" HPOS="459" VPOS="517" WIDTH="15"/>
						<String ID="P164_ST00068" HPOS="474" VPOS="483" WIDTH="95" HEIGHT="25" CONTENT="before" WC="0.98" CC="000000"/>
						<SP ID="P164_SP00060" HPOS="569" VPOS="517" WIDTH="15"/>
						<String ID="P164_ST00069" HPOS="584" VPOS="483" WIDTH="20" HEIGHT="25" CONTENT="it" WC="0.70" CC="50"/>
						<SP ID="P164_SP00061" HPOS="604" VPOS="517" WIDTH="14"/>
						<String ID="P164_ST00070" HPOS="618" VPOS="491" WIDTH="56" HEIGHT="17" CONTENT="was" WC="1.00" CC="000"/>
						<SP ID="P164_SP00062" HPOS="674" VPOS="517" WIDTH="15"/>
						<String ID="P164_ST00071" HPOS="689" VPOS="481" WIDTH="124" HEIGHT="27" CONTENT="rectified" WC="0.95" CC="100020000"/>
						<SP ID="P164_SP00063" HPOS="813" VPOS="517" WIDTH="12"/>
						<String ID="P164_ST00072" HPOS="825" VPOS="491" WIDTH="5" HEIGHT="22" CONTENT=";" WC="1.00" CC="0"/>
						<SP ID="P164_SP00064" HPOS="830" VPOS="517" WIDTH="21"/>
						<String ID="P164_ST00073" HPOS="851" VPOS="481" WIDTH="51" HEIGHT="25" CONTENT="but" WC="1.00" CC="000"/>
						<SP ID="P164_SP00065" HPOS="902" VPOS="517" WIDTH="21"/>
						<String ID="P164_ST00074" HPOS="923" VPOS="481" WIDTH="21" HEIGHT="25" CONTENT="it" WC="0.72" CC="50"/>
						<SP ID="P164_SP00066" HPOS="944" VPOS="517" WIDTH="20"/>
						<String ID="P164_ST00075" HPOS="964" VPOS="489" WIDTH="57" HEIGHT="17" CONTENT="was" WC="0.67" CC="900"/>
					</TextLine>
					<TextLine ID="P164_TL00010" HPOS="88" VPOS="527" WIDTH="933" HEIGHT="36">
						<String ID="P164_ST00076" HPOS="88" VPOS="530" WIDTH="41" HEIGHT="25" CONTENT="far" WC="0.89" CC="003"/>
						<SP ID="P164_SP00067" HPOS="129" VPOS="555" WIDTH="13"/>
						<String ID="P164_ST00077" HPOS="142" VPOS="530" WIDTH="91" HEIGHT="26" CONTENT="better" WC="0.94" CC="000003"/>
						<SP ID="P164_SP00068" HPOS="233" VPOS="556" WIDTH="14"/>
						<String ID="P164_ST00078" HPOS="247" VPOS="534" WIDTH="29" HEIGHT="22" CONTENT="to" WC="1.00" CC="00"/>
						<SP ID="P164_SP00069" HPOS="276" VPOS="556" WIDTH="14"/>
						<String ID="P164_ST00079" HPOS="290" VPOS="534" WIDTH="70" HEIGHT="22" CONTENT="trust" WC="1.00" CC="00000"/>
						<SP ID="P164_SP00070" HPOS="360" VPOS="556" WIDTH="15"/>
						<String ID="P164_ST00080" HPOS="375" VPOS="539" WIDTH="34" HEIGHT="17" CONTENT="an" WC="0.98" CC="00"/>
						<SP ID="P164_SP00071" HPOS="409" VPOS="556" WIDTH="21"/>
						<String ID="P164_ST00081" HPOS="430" VPOS="530" WIDTH="100" HEIGHT="26" CONTENT="official" WC="0.93" CC="00000202"/>
						<SP ID="P164_SP00072" HPOS="530" VPOS="556" WIDTH="22"/>
						<String ID="P164_ST00082" HPOS="552" VPOS="530" WIDTH="31" HEIGHT="25" CONTENT="of" WC="1.00" CC="00"/>
						<SP ID="P164_SP00073" HPOS="583" VPOS="556" WIDTH="15"/>
						<String ID="P164_ST00083" HPOS="598" VPOS="530" WIDTH="43" HEIGHT="25" CONTENT="his" WC="0.81" CC="050"/>
						<SP ID="P164_SP00074" HPOS="641" VPOS="556" WIDTH="21"/>
						<String ID="P164_ST00084" HPOS="662" VPOS="530" WIDTH="121" HEIGHT="33" CONTENT="position" WC="0.89" CC="00002500"/>
						<SP ID="P164_SP00075" HPOS="783" VPOS="563" WIDTH="21"/>
						<String ID="P164_ST00085" HPOS="804" VPOS="528" WIDTH="67" HEIGHT="26" CONTENT="with" WC="0.89" CC="0004"/>
						<SP ID="P164_SP00076" HPOS="871" VPOS="563" WIDTH="20"/>
						<String ID="P164_ST00086" HPOS="891" VPOS="527" WIDTH="130" HEIGHT="26" CONTENT="absolute" WC="0.99" CC="00000100"/>
					</TextLine>
					<TextLine ID="P164_TL00011" HPOS="88" VPOS="575" WIDTH="933" HEIGHT="35">
						<String ID="P164_ST00087" HPOS="88" VPOS="577" WIDTH="142" HEIGHT="33" CONTENT="authority" WC="0.93" CC="000000600"/>
						<SP ID="P164_SP00077" HPOS="230" VPOS="610" WIDTH="11"/>
						<String ID="P164_ST00088" HPOS="241" VPOS="577" WIDTH="41" HEIGHT="25" CONTENT="for" WC="1.00" CC="000"/>
						<SP ID="P164_SP00078" HPOS="282" VPOS="610" WIDTH="10"/>
						<String ID="P164_ST00089" HPOS="292" VPOS="577" WIDTH="48" HEIGHT="25" CONTENT="the" WC="0.90" CC="020"/>
						<SP ID="P164_SP00079" HPOS="340" VPOS="610" WIDTH="13"/>
						<String ID="P164_ST00090" HPOS="353" VPOS="578" WIDTH="75" HEIGHT="30" CONTENT="time," WC="0.73" CC="06600"/>
						<SP ID="P164_SP00080" HPOS="428" VPOS="610" WIDTH="13"/>
						<String ID="P164_ST00091" HPOS="441" VPOS="577" WIDTH="67" HEIGHT="25" CONTENT="than" WC="0.64" CC="1309"/>
						<SP ID="P164_SP00081" HPOS="508" VPOS="610" WIDTH="16"/>
						<String ID="P164_ST00092" HPOS="524" VPOS="580" WIDTH="28" HEIGHT="22" CONTENT="to" WC="1.00" CC="00"/>
						<SP ID="P164_SP00082" HPOS="552" VPOS="610" WIDTH="15"/>
						<String ID="P164_ST00093" HPOS="567" VPOS="576" WIDTH="82" HEIGHT="26" CONTENT="allow" WC="0.89" CC="00120"/>
						<SP ID="P164_SP00083" HPOS="649" VPOS="610" WIDTH="13"/>
						<String ID="P164_ST00094" HPOS="662" VPOS="580" WIDTH="103" HEIGHT="22" CONTENT="storms" WC="1.00" CC="000000"/>
						<SP ID="P164_SP00084" HPOS="765" VPOS="610" WIDTH="14"/>
						<String ID="P164_ST00095" HPOS="779" VPOS="580" WIDTH="30" HEIGHT="22" CONTENT="to" WC="1.00" CC="00"/>
						<SP ID="P164_SP00085" HPOS="809" VPOS="610" WIDTH="14"/>
						<String ID="P164_ST00096" HPOS="823" VPOS="576" WIDTH="71" HEIGHT="26" CONTENT="arise" WC="1.00" CC="00000"/>
						<SP ID="P164_SP00086" HPOS="894" VPOS="610" WIDTH="15"/>
						<String ID="P164_ST00097" HPOS="909" VPOS="575" WIDTH="28" HEIGHT="26" CONTENT="in" WC="0.76" CC="40"/>
						<SP ID="P164_SP00087" HPOS="937" VPOS="610" WIDTH="14"/>
						<String ID="P164_ST00098" HPOS="951" VPOS="575" WIDTH="70" HEIGHT="26" CONTENT="each" WC="0.92" CC="0003"/>
					</TextLine>
					<TextLine ID="P164_TL00012" HPOS="88" VPOS="625" WIDTH="240" HEIGHT="32">
						<String ID="P164_ST00099" HPOS="88" VPOS="625" WIDTH="107" HEIGHT="26" CONTENT="district" WC="1.00" CC="00000000"/>
						<SP ID="P164_SP00088" HPOS="195" VPOS="651" WIDTH="14"/>
						<String ID="P164_ST00100" HPOS="209" VPOS="628" WIDTH="119" HEIGHT="29" CONTENT="tea-cup." WC="0.88" CC="00120400"/>
					</TextLine>
				</TextBlock>
				<TextBlock ID="P164_TB00004" HPOS="87" VPOS="669" WIDTH="934" HEIGHT="936" STYLEREFS="TXT_0 PAR_LEFT">
					<TextLine ID="P164_TL00013" HPOS="126" VPOS="670" WIDTH="894" HEIGHT="36">
						<String ID="P164_ST00101" HPOS="126" VPOS="672" WIDTH="26" HEIGHT="25" CONTENT="It" WC="1.00" CC="00"/>
						<SP ID="P164_SP00089" HPOS="152" VPOS="697" WIDTH="13"/>
						<String ID="P164_ST00102" HPOS="165" VPOS="680" WIDTH="57" HEIGHT="17" CONTENT="was" WC="1.00" CC="000"/>
						<SP ID="P164_SP00090" HPOS="222" VPOS="697" WIDTH="14"/>
						<String ID="P164_ST00103" HPOS="236" VPOS="672" WIDTH="67" HEIGHT="33" CONTENT="only" WC="1.00" CC="0000"/>
						<SP ID="P164_SP00091" HPOS="303" VPOS="705" WIDTH="13"/>
						<String ID="P164_ST00104" HPOS="316" VPOS="675" WIDTH="30" HEIGHT="22" CONTENT="to" WC="1.00" CC="00"/>
						<SP ID="P164_SP00092" HPOS="346" VPOS="705" WIDTH="13"/>
						<String ID="P164_ST00105" HPOS="359" VPOS="672" WIDTH="35" HEIGHT="25" CONTENT="be" WC="1.00" CC="00"/>
						<SP ID="P164_SP00093" HPOS="394" VPOS="705" WIDTH="21"/>
						<String ID="P164_ST00106" HPOS="415" VPOS="671" WIDTH="141" HEIGHT="35" CONTENT="expected" WC="1.00" CC="00000000"/>
						<SP ID="P164_SP00094" HPOS="556" VPOS="706" WIDTH="21"/>
						<String ID="P164_ST00107" HPOS="577" VPOS="671" WIDTH="62" HEIGHT="26" CONTENT="that" WC="0.86" CC="1300"/>
						<SP ID="P164_SP00095" HPOS="639" VPOS="706" WIDTH="21"/>
						<String ID="P164_ST00108" HPOS="660" VPOS="671" WIDTH="48" HEIGHT="26" CONTENT="the" WC="1.00" CC="000"/>
						<SP ID="P164_SP00096" HPOS="708" VPOS="706" WIDTH="22"/>
						<String ID="P164_ST00109" HPOS="730" VPOS="670" WIDTH="242" HEIGHT="32" CONTENT="Commissioners," WC="0.96" CC="00000000050000"/>
						<SP ID="P164_SP00097" HPOS="972" VPOS="706" WIDTH="16"/>
						<String ID="P164_ST00110" HPOS="988" VPOS="679" WIDTH="32" HEIGHT="17" CONTENT="as" WC="1.00" CC="00"/>
					</TextLine>
					<TextLine ID="P164_TL00014" HPOS="88" VPOS="718" WIDTH="933" HEIGHT="35">
						<String ID="P164_ST00111" HPOS="88" VPOS="719" WIDTH="61" HEIGHT="26" CONTENT="well" WC="1.00" CC="0000"/>
						<SP ID="P164_SP00098" HPOS="149" VPOS="745" WIDTH="14"/>
						<String ID="P164_ST00112" HPOS="163" VPOS="729" WIDTH="30" HEIGHT="16" CONTENT="as" WC="1.00" CC="00"/>
						<SP ID="P164_SP00099" HPOS="193" VPOS="745" WIDTH="15"/>
						<String ID="P164_ST00113" HPOS="208" VPOS="719" WIDTH="187" HEIGHT="34" CONTENT="Magistrates," WC="0.94" CC="000400000020"/>
						<SP ID="P164_SP00100" HPOS="395" VPOS="753" WIDTH="14"/>
						<String ID="P164_ST00114" HPOS="409" VPOS="718" WIDTH="101" HEIGHT="26" CONTENT="should" WC="1.00" CC="000000"/>
						<SP ID="P164_SP00101" HPOS="510" VPOS="753" WIDTH="15"/>
						<String ID="P164_ST00115" HPOS="525" VPOS="718" WIDTH="94" HEIGHT="34" CONTENT="object" WC="0.93" CC="101001"/>
						<SP ID="P164_SP00102" HPOS="619" VPOS="753" WIDTH="21"/>
						<String ID="P164_ST00116" HPOS="640" VPOS="722" WIDTH="29" HEIGHT="22" CONTENT="to" WC="1.00" CC="00"/>
						<SP ID="P164_SP00103" HPOS="669" VPOS="753" WIDTH="21"/>
						<String ID="P164_ST00117" HPOS="690" VPOS="718" WIDTH="48" HEIGHT="26" CONTENT="the" WC="1.00" CC="000"/>
						<SP ID="P164_SP00104" HPOS="738" VPOS="753" WIDTH="20"/>
						<String ID="P164_ST00118" HPOS="758" VPOS="718" WIDTH="117" HEIGHT="33" CONTENT="change," WC="1.00" CC="0000000"/>
						<SP ID="P164_SP00105" HPOS="875" VPOS="753" WIDTH="14"/>
						<String ID="P164_ST00119" HPOS="889" VPOS="718" WIDTH="44" HEIGHT="26" CONTENT="for" WC="1.00" CC="000"/>
						<SP ID="P164_SP00106" HPOS="933" VPOS="753" WIDTH="18"/>
						<String ID="P164_ST00120" HPOS="951" VPOS="718" WIDTH="70" HEIGHT="33" CONTENT="they" WC="0.83" CC="0600"/>
					</TextLine>
					<TextLine ID="P164_TL00015" HPOS="92" VPOS="765" WIDTH="928" HEIGHT="35">
						<String ID="P164_ST00121" HPOS="92" VPOS="771" WIDTH="48" HEIGHT="22" CONTENT="too" WC="1.00" CC="000"/>
						<SP ID="P164_SP00107" HPOS="140" VPOS="793" WIDTH="20"/>
						<String ID="P164_ST00122" HPOS="160" VPOS="775" WIDTH="71" HEIGHT="18" CONTENT="were" WC="1.00" CC="0000"/>
						<SP ID="P164_SP00108" HPOS="231" VPOS="793" WIDTH="31"/>
						<String ID="P164_ST00123" HPOS="262" VPOS="766" WIDTH="55" HEIGHT="26" CONTENT="still" WC="1.00" CC="00000"/>
						<SP ID="P164_SP00109" HPOS="317" VPOS="793" WIDTH="23"/>
						<String ID="P164_ST00124" HPOS="340" VPOS="766" WIDTH="64" HEIGHT="25" CONTENT="held" WC="1.00" CC="0000"/>
						<SP ID="P164_SP00110" HPOS="404" VPOS="793" WIDTH="28"/>
						<String ID="P164_ST00125" HPOS="432" VPOS="766" WIDTH="174" HEIGHT="34" CONTENT="responsible" WC="0.95" CC="00000001101"/>
						<SP ID="P164_SP00111" HPOS="606" VPOS="800" WIDTH="26"/>
						<String ID="P164_ST00126" HPOS="632" VPOS="765" WIDTH="42" HEIGHT="26" CONTENT="for" WC="0.97" CC="000"/>
						<SP ID="P164_SP00112" HPOS="674" VPOS="800" WIDTH="25"/>
						<String ID="P164_ST00127" HPOS="699" VPOS="765" WIDTH="49" HEIGHT="26" CONTENT="the" WC="1.00" CC="000"/>
						<SP ID="P164_SP00113" HPOS="748" VPOS="800" WIDTH="27"/>
						<String ID="P164_ST00128" HPOS="775" VPOS="765" WIDTH="128" HEIGHT="34" CONTENT="peaceful" WC="1.00" CC="00000000"/>
						<SP ID="P164_SP00114" HPOS="903" VPOS="800" WIDTH="27"/>
						<String ID="P164_ST00129" HPOS="930" VPOS="765" WIDTH="90" HEIGHT="26" CONTENT="admi" SUBS_TYPE="HypPart1" SUBS_CONTENT="administration" WC="1.00" CC="00000"/>
						<HYP CONTENT="-"/>
					</TextLine>
					<TextLine ID="P164_TL00016" HPOS="89" VPOS="812" WIDTH="931" HEIGHT="34">
						<String ID="P164_ST00130" HPOS="89" VPOS="814" WIDTH="147" HEIGHT="25" CONTENT="nistration" SUBS_TYPE="HypPart2" SUBS_CONTENT="administration" WC="0.80" CC="7600000500"/>
						<SP ID="P164_SP00115" HPOS="236" VPOS="839" WIDTH="21"/>
						<String ID="P164_ST00131" HPOS="257" VPOS="813" WIDTH="32" HEIGHT="26" CONTENT="of" WC="1.00" CC="00"/>
						<SP ID="P164_SP00116" HPOS="289" VPOS="839" WIDTH="15"/>
						<String ID="P164_ST00132" HPOS="304" VPOS="813" WIDTH="73" HEIGHT="26" CONTENT="their" WC="0.78" CC="04060"/>
						<SP ID="P164_SP00117" HPOS="377" VPOS="839" WIDTH="23"/>
						<String ID="P164_ST00133" HPOS="400" VPOS="813" WIDTH="152" HEIGHT="33" CONTENT="provinces," WC="0.95" CC="0000300000"/>
						<SP ID="P164_SP00118" HPOS="552" VPOS="846" WIDTH="22"/>
						<String ID="P164_ST00134" HPOS="574" VPOS="813" WIDTH="55" HEIGHT="26" CONTENT="and" WC="1.00" CC="000"/>
						<SP ID="P164_SP00119" HPOS="629" VPOS="846" WIDTH="22"/>
						<String ID="P164_ST00135" HPOS="651" VPOS="817" WIDTH="48" HEIGHT="29" CONTENT="yet" WC="1.00" CC="000"/>
						<SP ID="P164_SP00120" HPOS="699" VPOS="846" WIDTH="22"/>
						<String ID="P164_ST00136" HPOS="721" VPOS="812" WIDTH="88" HEIGHT="26" CONTENT="found" WC="0.95" CC="00200"/>
						<SP ID="P164_SP00121" HPOS="809" VPOS="846" WIDTH="24"/>
						<String ID="P164_ST00137" HPOS="833" VPOS="812" WIDTH="48" HEIGHT="27" CONTENT="the" WC="1.00" CC="000"/>
						<SP ID="P164_SP00122" HPOS="881" VPOS="846" WIDTH="22"/>
						<String ID="P164_ST00138" HPOS="903" VPOS="812" WIDTH="117" HEIGHT="34" CONTENT="Deputy" WC="0.99" CC="000000"/>
					</TextLine>
					<TextLine ID="P164_TL00017" HPOS="89" VPOS="860" WIDTH="929" HEIGHT="35">
						<String ID="P164_ST00139" HPOS="89" VPOS="860" WIDTH="275" HEIGHT="35" CONTENT="Inspector-general" WC="0.97" CC="00000000300010000"/>
						<SP ID="P164_SP00123" HPOS="364" VPOS="895" WIDTH="21"/>
						<String ID="P164_ST00140" HPOS="385" VPOS="861" WIDTH="160" HEIGHT="33" CONTENT="interposed" WC="1.00" CC="0000000000"/>
						<SP ID="P164_SP00124" HPOS="545" VPOS="895" WIDTH="16"/>
						<String ID="P164_ST00141" HPOS="561" VPOS="869" WIDTH="29" HEIGHT="16" CONTENT="as" WC="1.00" CC="00"/>
						<SP ID="P164_SP00125" HPOS="590" VPOS="895" WIDTH="14"/>
						<String ID="P164_ST00142" HPOS="604" VPOS="860" WIDTH="104" HEIGHT="25" CONTENT="buffers" WC="0.97" CC="0100000"/>
						<SP ID="P164_SP00126" HPOS="708" VPOS="895" WIDTH="20"/>
						<String ID="P164_ST00143" HPOS="728" VPOS="861" WIDTH="127" HEIGHT="25" CONTENT="between" WC="1.00" CC="0000000"/>
						<SP ID="P164_SP00127" HPOS="855" VPOS="895" WIDTH="15"/>
						<String ID="P164_ST00144" HPOS="870" VPOS="860" WIDTH="77" HEIGHT="26" CONTENT="them" WC="1.00" CC="0000"/>
						<SP ID="P164_SP00128" HPOS="947" VPOS="895" WIDTH="15"/>
						<String ID="P164_ST00145" HPOS="962" VPOS="861" WIDTH="56" HEIGHT="25" CONTENT="and" WC="0.90" CC="030"/>
					</TextLine>
					<TextLine ID="P164_TL00018" HPOS="89" VPOS="907" WIDTH="930" HEIGHT="34">
						<String ID="P164_ST00146" HPOS="89" VPOS="908" WIDTH="47" HEIGHT="26" CONTENT="the" WC="1.00" CC="000"/>
						<SP ID="P164_SP00129" HPOS="136" VPOS="934" WIDTH="11"/>
						<String ID="P164_ST00147" HPOS="147" VPOS="907" WIDTH="96" HEIGHT="34" CONTENT="police," WC="0.94" CC="0000004"/>
						<SP ID="P164_SP00130" HPOS="243" VPOS="941" WIDTH="13"/>
						<String ID="P164_ST00148" HPOS="256" VPOS="907" WIDTH="58" HEIGHT="34" CONTENT="just" WC="0.96" CC="1000"/>
						<SP ID="P164_SP00131" HPOS="314" VPOS="941" WIDTH="12"/>
						<String ID="P164_ST00149" HPOS="326" VPOS="917" WIDTH="30" HEIGHT="17" CONTENT="as" WC="1.00" CC="00"/>
						<SP ID="P164_SP00132" HPOS="356" VPOS="941" WIDTH="9"/>
						<String ID="P164_ST00150" HPOS="365" VPOS="907" WIDTH="48" HEIGHT="26" CONTENT="the" WC="1.00" CC="000"/>
						<SP ID="P164_SP00133" HPOS="413" VPOS="941" WIDTH="16"/>
						<String ID="P164_ST00151" HPOS="429" VPOS="907" WIDTH="180" HEIGHT="34" CONTENT="Magistrates" WC="1.00" CC="00000000000"/>
						<SP ID="P164_SP00134" HPOS="609" VPOS="941" WIDTH="10"/>
						<String ID="P164_ST00152" HPOS="619" VPOS="907" WIDTH="87" HEIGHT="26" CONTENT="found" WC="0.97" CC="00010"/>
						<SP ID="P164_SP00135" HPOS="706" VPOS="941" WIDTH="15"/>
						<String ID="P164_ST00153" HPOS="721" VPOS="907" WIDTH="47" HEIGHT="26" CONTENT="the" WC="1.00" CC="000"/>
						<SP ID="P164_SP00136" HPOS="768" VPOS="941" WIDTH="16"/>
						<String ID="P164_ST00154" HPOS="784" VPOS="907" WIDTH="117" HEIGHT="26" CONTENT="District" WC="0.85" CC="05000600"/>
						<SP ID="P164_SP00137" HPOS="901" VPOS="941" WIDTH="15"/>
						<String ID="P164_ST00155" HPOS="916" VPOS="907" WIDTH="103" HEIGHT="34" CONTENT="Super" SUBS_TYPE="HypPart1" SUBS_CONTENT="Superintendents." WC="1.00" CC="000000"/>
						<HYP CONTENT="-"/>
					</TextLine>
					<TextLine ID="P164_TL00019" HPOS="89" VPOS="955" WIDTH="930" HEIGHT="34">
						<String ID="P164_ST00156" HPOS="89" VPOS="956" WIDTH="164" HEIGHT="25" CONTENT="intendents." SUBS_TYPE="HypPart2" SUBS_CONTENT="Superintendents." WC="0.89" CC="33004000000"/>
						<SP ID="P164_SP00138" HPOS="253" VPOS="981" WIDTH="40"/>
						<String ID="P164_ST00157" HPOS="293" VPOS="955" WIDTH="43" HEIGHT="25" CONTENT="As" WC="1.00" CC="00"/>
						<SP ID="P164_SP00139" HPOS="336" VPOS="981" WIDTH="13"/>
						<String ID="P164_ST00158" HPOS="349" VPOS="963" WIDTH="81" HEIGHT="26" CONTENT="years" WC="1.00" CC="00000"/>
						<SP ID="P164_SP00140" HPOS="430" VPOS="989" WIDTH="19"/>
						<String ID="P164_ST00159" HPOS="449" VPOS="955" WIDTH="73" HEIGHT="25" CONTENT="have" WC="0.84" CC="6000"/>
						<SP ID="P164_SP00141" HPOS="522" VPOS="989" WIDTH="19"/>
						<String ID="P164_ST00160" HPOS="541" VPOS="963" WIDTH="73" HEIGHT="26" CONTENT="gone" WC="0.90" CC="0030"/>
						<SP ID="P164_SP00142" HPOS="614" VPOS="989" WIDTH="20"/>
						<String ID="P164_ST00161" HPOS="634" VPOS="963" WIDTH="43" HEIGHT="22" CONTENT="on," WC="0.92" CC="020"/>
						<SP ID="P164_SP00143" HPOS="677" VPOS="989" WIDTH="16"/>
						<String ID="P164_ST00162" HPOS="693" VPOS="955" WIDTH="48" HEIGHT="25" CONTENT="the" WC="0.99" CC="000"/>
						<SP ID="P164_SP00144" HPOS="741" VPOS="989" WIDTH="20"/>
						<String ID="P164_ST00163" HPOS="761" VPOS="963" WIDTH="61" HEIGHT="17" CONTENT="new" WC="1.00" CC="000"/>
						<SP ID="P164_SP00145" HPOS="822" VPOS="989" WIDTH="19"/>
						<String ID="P164_ST00164" HPOS="841" VPOS="959" WIDTH="106" HEIGHT="30" CONTENT="system" WC="1.00" CC="000000"/>
						<SP ID="P164_SP00146" HPOS="947" VPOS="989" WIDTH="21"/>
						<String ID="P164_ST00165" HPOS="968" VPOS="955" WIDTH="51" HEIGHT="26" CONTENT="has" WC="1.00" CC="000"/>
					</TextLine>
					<TextLine ID="P164_TL00020" HPOS="88" VPOS="1001" WIDTH="932" HEIGHT="33">
						<String ID="P164_ST00166" HPOS="88" VPOS="1003" WIDTH="71" HEIGHT="25" CONTENT="been" WC="1.00" CC="0000"/>
						<SP ID="P164_SP00147" HPOS="159" VPOS="1028" WIDTH="15"/>
						<String ID="P164_ST00167" HPOS="174" VPOS="1002" WIDTH="83" HEIGHT="26" CONTENT="much" WC="1.00" CC="0000"/>
						<SP ID="P164_SP00148" HPOS="257" VPOS="1028" WIDTH="21"/>
						<String ID="P164_ST00168" HPOS="278" VPOS="1001" WIDTH="131" HEIGHT="26" CONTENT="modified" WC="1.00" CC="00000000"/>
						<SP ID="P164_SP00149" HPOS="409" VPOS="1028" WIDTH="12"/>
						<String ID="P164_ST00169" HPOS="421" VPOS="1011" WIDTH="6" HEIGHT="23" CONTENT=";" WC="0.58" CC="4"/>
						<SP ID="P164_SP00150" HPOS="427" VPOS="1034" WIDTH="20"/>
						<String ID="P164_ST00170" HPOS="447" VPOS="1002" WIDTH="51" HEIGHT="25" CONTENT="but" WC="0.90" CC="020"/>
						<SP ID="P164_SP00151" HPOS="498" VPOS="1034" WIDTH="15"/>
						<String ID="P164_ST00171" HPOS="513" VPOS="1005" WIDTH="28" HEIGHT="22" CONTENT="at" WC="1.00" CC="00"/>
						<SP ID="P164_SP00152" HPOS="541" VPOS="1034" WIDTH="21"/>
						<String ID="P164_ST00172" HPOS="562" VPOS="1001" WIDTH="66" HEIGHT="32" CONTENT="first," WC="0.95" CC="110000"/>
						<SP ID="P164_SP00153" HPOS="628" VPOS="1034" WIDTH="19"/>
						<String ID="P164_ST00173" HPOS="647" VPOS="1001" WIDTH="79" HEIGHT="26" CONTENT="there" WC="1.00" CC="00000"/>
						<SP ID="P164_SP00154" HPOS="726" VPOS="1034" WIDTH="20"/>
						<String ID="P164_ST00174" HPOS="746" VPOS="1011" WIDTH="51" HEIGHT="16" CONTENT="can" WC="0.82" CC="005"/>
						<SP ID="P164_SP00155" HPOS="797" VPOS="1034" WIDTH="22"/>
						<String ID="P164_ST00175" HPOS="819" VPOS="1002" WIDTH="34" HEIGHT="25" CONTENT="be" WC="1.00" CC="00"/>
						<SP ID="P164_SP00156" HPOS="853" VPOS="1034" WIDTH="20"/>
						<String ID="P164_ST00176" HPOS="873" VPOS="1011" WIDTH="37" HEIGHT="16" CONTENT="no" WC="1.00" CC="00"/>
						<SP ID="P164_SP00157" HPOS="910" VPOS="1034" WIDTH="20"/>
						<String ID="P164_ST00177" HPOS="930" VPOS="1003" WIDTH="90" HEIGHT="25" CONTENT="doubt" WC="0.96" CC="00002"/>
					</TextLine>
					<TextLine ID="P164_TL00021" HPOS="89" VPOS="1049" WIDTH="932" HEIGHT="34">
						<String ID="P164_ST00178" HPOS="89" VPOS="1050" WIDTH="61" HEIGHT="25" CONTENT="that" WC="1.00" CC="0000"/>
						<SP ID="P164_SP00158" HPOS="150" VPOS="1075" WIDTH="10"/>
						<String ID="P164_ST00179" HPOS="160" VPOS="1050" WIDTH="48" HEIGHT="25" CONTENT="the" WC="0.85" CC="040"/>
						<SP ID="P164_SP00159" HPOS="208" VPOS="1075" WIDTH="11"/>
						<String ID="P164_ST00180" HPOS="219" VPOS="1050" WIDTH="80" HEIGHT="33" CONTENT="thing" WC="0.98" CC="00000"/>
						<SP ID="P164_SP00160" HPOS="299" VPOS="1083" WIDTH="10"/>
						<String ID="P164_ST00181" HPOS="309" VPOS="1050" WIDTH="48" HEIGHT="24" CONTENT="did" WC="1.00" CC="000"/>
						<SP ID="P164_SP00161" HPOS="357" VPOS="1083" WIDTH="16"/>
						<String ID="P164_ST00182" HPOS="373" VPOS="1053" WIDTH="48" HEIGHT="22" CONTENT="not" WC="1.00" CC="000"/>
						<SP ID="P164_SP00162" HPOS="421" VPOS="1083" WIDTH="14"/>
						<String ID="P164_ST00183" HPOS="435" VPOS="1049" WIDTH="76" HEIGHT="26" CONTENT="work" WC="1.00" CC="0000"/>
						<SP ID="P164_SP00163" HPOS="511" VPOS="1083" WIDTH="13"/>
						<String ID="P164_ST00184" HPOS="524" VPOS="1049" WIDTH="69" HEIGHT="26" CONTENT="well." WC="0.94" CC="00002"/>
						<SP ID="P164_SP00164" HPOS="593" VPOS="1083" WIDTH="40"/>
						<String ID="P164_ST00185" HPOS="633" VPOS="1049" WIDTH="29" HEIGHT="25" CONTENT="A" WC="1.00" CC="0"/>
						<SP ID="P164_SP00165" HPOS="662" VPOS="1083" WIDTH="14"/>
						<String ID="P164_ST00186" HPOS="676" VPOS="1057" WIDTH="75" HEIGHT="18" CONTENT="mass" WC="1.00" CC="0000"/>
						<SP ID="P164_SP00166" HPOS="751" VPOS="1083" WIDTH="15"/>
						<String ID="P164_ST00187" HPOS="766" VPOS="1049" WIDTH="31" HEIGHT="26" CONTENT="of" WC="1.00" CC="00"/>
						<SP ID="P164_SP00167" HPOS="797" VPOS="1083" WIDTH="11"/>
						<String ID="P164_ST00188" HPOS="808" VPOS="1050" WIDTH="213" HEIGHT="33" CONTENT="appointments" WC="0.93" CC="000003000400"/>
					</TextLine>
					<TextLine ID="P164_TL00022" HPOS="88" VPOS="1096" WIDTH="933" HEIGHT="35">
						<String ID="P164_ST00189" HPOS="88" VPOS="1105" WIDTH="71" HEIGHT="17" CONTENT="were" WC="0.92" CC="0030"/>
						<SP ID="P164_SP00168" HPOS="159" VPOS="1122" WIDTH="14"/>
						<String ID="P164_ST00190" HPOS="173" VPOS="1096" WIDTH="138" HEIGHT="34" CONTENT="suddenly" WC="0.90" CC="00000520"/>
						<SP ID="P164_SP00169" HPOS="311" VPOS="1130" WIDTH="14"/>
						<String ID="P164_ST00191" HPOS="325" VPOS="1097" WIDTH="118" HEIGHT="30" CONTENT="created," WC="0.99" CC="00000000"/>
						<SP ID="P164_SP00170" HPOS="443" VPOS="1130" WIDTH="15"/>
						<String ID="P164_ST00192" HPOS="458" VPOS="1097" WIDTH="63" HEIGHT="30" CONTENT="and," WC="0.93" CC="0002"/>
						<SP ID="P164_SP00171" HPOS="521" VPOS="1130" WIDTH="15"/>
						<String ID="P164_ST00193" HPOS="536" VPOS="1105" WIDTH="30" HEIGHT="17" CONTENT="as" WC="1.00" CC="00"/>
						<SP ID="P164_SP00172" HPOS="566" VPOS="1130" WIDTH="14"/>
						<String ID="P164_ST00194" HPOS="580" VPOS="1105" WIDTH="16" HEIGHT="16" CONTENT="a" WC="1.00" CC="0"/>
						<SP ID="P164_SP00173" HPOS="596" VPOS="1130" WIDTH="19"/>
						<String ID="P164_ST00195" HPOS="615" VPOS="1105" WIDTH="147" HEIGHT="25" CONTENT="necessary" WC="0.99" CC="000001000"/>
						<SP ID="P164_SP00174" HPOS="762" VPOS="1130" WIDTH="22"/>
						<String ID="P164_ST00196" HPOS="784" VPOS="1105" WIDTH="198" HEIGHT="26" CONTENT="consequence," WC="0.95" CC="005000000000"/>
						<SP ID="P164_SP00175" HPOS="982" VPOS="1131" WIDTH="22"/>
						<String ID="P164_ST00197" HPOS="1004" VPOS="1106" WIDTH="17" HEIGHT="18" CONTENT="a" WC="1.00" CC="0"/>
					</TextLine>
					<TextLine ID="P164_TL00023" HPOS="88" VPOS="1143" WIDTH="933" HEIGHT="36">
						<String ID="P164_ST00198" HPOS="88" VPOS="1143" WIDTH="55" HEIGHT="27" CONTENT="still" WC="0.76" CC="60040"/>
						<SP ID="P164_SP00176" HPOS="143" VPOS="1170" WIDTH="17"/>
						<String ID="P164_ST00199" HPOS="160" VPOS="1153" WIDTH="75" HEIGHT="16" CONTENT="more" WC="1.00" CC="0000"/>
						<SP ID="P164_SP00177" HPOS="235" VPOS="1170" WIDTH="13"/>
						<String ID="P164_ST00200" HPOS="248" VPOS="1153" WIDTH="150" HEIGHT="16" CONTENT="numerous" WC="0.97" CC="01000000"/>
						<SP ID="P164_SP00178" HPOS="398" VPOS="1170" WIDTH="21"/>
						<String ID="P164_ST00201" HPOS="419" VPOS="1152" WIDTH="73" HEIGHT="17" CONTENT="mass" WC="1.00" CC="0000"/>
						<SP ID="P164_SP00179" HPOS="492" VPOS="1170" WIDTH="21"/>
						<String ID="P164_ST00202" HPOS="513" VPOS="1143" WIDTH="32" HEIGHT="26" CONTENT="of" WC="0.93" CC="01"/>
						<SP ID="P164_SP00180" HPOS="545" VPOS="1170" WIDTH="16"/>
						<String ID="P164_ST00203" HPOS="561" VPOS="1143" WIDTH="166" HEIGHT="26" CONTENT="candidates" WC="0.89" CC="0040500000"/>
						<SP ID="P164_SP00181" HPOS="727" VPOS="1170" WIDTH="20"/>
						<String ID="P164_ST00204" HPOS="747" VPOS="1144" WIDTH="148" HEIGHT="33" CONTENT="appeared," WC="1.00" CC="000000000"/>
						<SP ID="P164_SP00182" HPOS="895" VPOS="1177" WIDTH="22"/>
						<String ID="P164_ST00205" HPOS="917" VPOS="1154" WIDTH="16" HEIGHT="17" CONTENT="a" WC="1.00" CC="0"/>
						<SP ID="P164_SP00183" HPOS="933" VPOS="1177" WIDTH="20"/>
						<String ID="P164_ST00206" HPOS="953" VPOS="1154" WIDTH="68" HEIGHT="25" CONTENT="very" WC="1.00" CC="0000"/>
					</TextLine>
					<TextLine ID="P164_TL00024" HPOS="88" VPOS="1190" WIDTH="933" HEIGHT="35">
						<String ID="P164_ST00207" HPOS="88" VPOS="1192" WIDTH="76" HEIGHT="33" CONTENT="large" WC="0.94" CC="02000"/>
						<SP ID="P164_SP00184" HPOS="164" VPOS="1225" WIDTH="23"/>
						<String ID="P164_ST00208" HPOS="187" VPOS="1191" WIDTH="117" HEIGHT="25" CONTENT="number" WC="0.94" CC="000002"/>
						<SP ID="P164_SP00185" HPOS="304" VPOS="1225" WIDTH="21"/>
						<String ID="P164_ST00209" HPOS="325" VPOS="1190" WIDTH="32" HEIGHT="26" CONTENT="of" WC="1.00" CC="00"/>
						<SP ID="P164_SP00186" HPOS="357" VPOS="1225" WIDTH="22"/>
						<String ID="P164_ST00210" HPOS="379" VPOS="1190" WIDTH="76" HEIGHT="26" CONTENT="them" WC="0.82" CC="0007"/>
						<SP ID="P164_SP00187" HPOS="455" VPOS="1225" WIDTH="27"/>
						<String ID="P164_ST00211" HPOS="482" VPOS="1191" WIDTH="84" HEIGHT="34" CONTENT="being" WC="0.91" CC="00400"/>
						<SP ID="P164_SP00188" HPOS="566" VPOS="1225" WIDTH="26"/>
						<String ID="P164_ST00212" HPOS="592" VPOS="1191" WIDTH="124" HEIGHT="34" CONTENT="military" WC="0.89" CC="00044000"/>
						<SP ID="P164_SP00189" HPOS="716" VPOS="1225" WIDTH="26"/>
						<String ID="P164_ST00213" HPOS="742" VPOS="1200" WIDTH="73" HEIGHT="22" CONTENT="men," WC="1.00" CC="0000"/>
						<SP ID="P164_SP00190" HPOS="815" VPOS="1225" WIDTH="27"/>
						<String ID="P164_ST00214" HPOS="842" VPOS="1192" WIDTH="94" HEIGHT="26" CONTENT="whose" WC="1.00" CC="00000"/>
						<SP ID="P164_SP00191" HPOS="936" VPOS="1225" WIDTH="27"/>
						<String ID="P164_ST00215" HPOS="963" VPOS="1193" WIDTH="58" HEIGHT="26" CONTENT="sole" WC="1.00" CC="0000"/>
					</TextLine>
					<TextLine ID="P164_TL00025" HPOS="88" VPOS="1237" WIDTH="933" HEIGHT="35">
						<String ID="P164_ST00216" HPOS="88" VPOS="1237" WIDTH="188" HEIGHT="35" CONTENT="qualification" WC="0.95" CC="0002000000003"/>
						<SP ID="P164_SP00192" HPOS="276" VPOS="1272" WIDTH="16"/>
						<String ID="P164_ST00217" HPOS="292" VPOS="1238" WIDTH="41" HEIGHT="26" CONTENT="for" WC="0.89" CC="003"/>
						<SP ID="P164_SP00193" HPOS="333" VPOS="1272" WIDTH="13"/>
						<String ID="P164_ST00218" HPOS="346" VPOS="1237" WIDTH="47" HEIGHT="27" CONTENT="the" WC="0.92" CC="020"/>
						<SP ID="P164_SP00194" HPOS="393" VPOS="1272" WIDTH="15"/>
						<String ID="P164_ST00219" HPOS="408" VPOS="1242" WIDTH="77" HEIGHT="29" CONTENT="posts" WC="1.00" CC="00000"/>
						<SP ID="P164_SP00195" HPOS="485" VPOS="1272" WIDTH="11"/>
						<String ID="P164_ST00220" HPOS="496" VPOS="1237" WIDTH="67" HEIGHT="34" CONTENT="they" WC="1.00" CC="0000"/>
						<SP ID="P164_SP00196" HPOS="563" VPOS="1272" WIDTH="14"/>
						<String ID="P164_ST00221" HPOS="577" VPOS="1238" WIDTH="102" HEIGHT="34" CONTENT="sought" WC="0.88" CC="000070"/>
						<SP ID="P164_SP00197" HPOS="679" VPOS="1272" WIDTH="13"/>
						<String ID="P164_ST00222" HPOS="692" VPOS="1248" WIDTH="57" HEIGHT="16" CONTENT="was" WC="1.00" CC="000"/>
						<SP ID="P164_SP00198" HPOS="749" VPOS="1272" WIDTH="14"/>
						<String ID="P164_ST00223" HPOS="763" VPOS="1248" WIDTH="16" HEIGHT="17" CONTENT="a" WC="1.00" CC="0"/>
						<SP ID="P164_SP00199" HPOS="779" VPOS="1272" WIDTH="14"/>
						<String ID="P164_ST00224" HPOS="793" VPOS="1239" WIDTH="90" HEIGHT="26" CONTENT="desire" WC="0.93" CC="000400"/>
						<SP ID="P164_SP00200" HPOS="883" VPOS="1272" WIDTH="16"/>
						<String ID="P164_ST00225" HPOS="899" VPOS="1243" WIDTH="30" HEIGHT="22" CONTENT="to" WC="1.00" CC="00"/>
						<SP ID="P164_SP00201" HPOS="929" VPOS="1272" WIDTH="15"/>
						<String ID="P164_ST00226" HPOS="944" VPOS="1244" WIDTH="77" HEIGHT="22" CONTENT="enter" WC="1.00" CC="00000"/>
					</TextLine>
					<TextLine ID="P164_TL00026" HPOS="88" VPOS="1286" WIDTH="933" HEIGHT="34">
						<String ID="P164_ST00227" HPOS="88" VPOS="1286" WIDTH="68" HEIGHT="25" CONTENT="staff" WC="1.00" CC="00000"/>
						<SP ID="P164_SP00202" HPOS="156" VPOS="1311" WIDTH="9"/>
						<String ID="P164_ST00228" HPOS="165" VPOS="1286" WIDTH="122" HEIGHT="34" CONTENT="employ," WC="0.83" CC="0005202"/>
						<SP ID="P164_SP00203" HPOS="287" VPOS="1320" WIDTH="14"/>
						<String ID="P164_ST00229" HPOS="301" VPOS="1286" WIDTH="54" HEIGHT="25" CONTENT="and" WC="1.00" CC="000"/>
						<SP ID="P164_SP00204" HPOS="355" VPOS="1320" WIDTH="15"/>
						<String ID="P164_ST00230" HPOS="370" VPOS="1289" WIDTH="48" HEIGHT="30" CONTENT="get" WC="0.97" CC="000"/>
						<SP ID="P164_SP00205" HPOS="418" VPOS="1320" WIDTH="13"/>
						<String ID="P164_ST00231" HPOS="431" VPOS="1286" WIDTH="92" HEIGHT="25" CONTENT="better" WC="1.00" CC="000000"/>
						<SP ID="P164_SP00206" HPOS="523" VPOS="1320" WIDTH="15"/>
						<String ID="P164_ST00232" HPOS="538" VPOS="1294" WIDTH="57" HEIGHT="26" CONTENT="pay" WC="1.00" CC="000"/>
						<SP ID="P164_SP00207" HPOS="595" VPOS="1320" WIDTH="19"/>
						<String ID="P164_ST00233" HPOS="614" VPOS="1286" WIDTH="70" HEIGHT="25" CONTENT="than" WC="0.81" CC="0006"/>
						<SP ID="P164_SP00208" HPOS="684" VPOS="1320" WIDTH="20"/>
						<String ID="P164_ST00234" HPOS="704" VPOS="1286" WIDTH="69" HEIGHT="34" CONTENT="they" WC="0.92" CC="0300"/>
						<SP ID="P164_SP00209" HPOS="773" VPOS="1320" WIDTH="20"/>
						<String ID="P164_ST00235" HPOS="793" VPOS="1287" WIDTH="47" HEIGHT="25" CONTENT="did" WC="1.00" CC="000"/>
						<SP ID="P164_SP00210" HPOS="840" VPOS="1320" WIDTH="21"/>
						<String ID="P164_ST00236" HPOS="861" VPOS="1287" WIDTH="67" HEIGHT="26" CONTENT="with" WC="0.77" CC="0305"/>
						<SP ID="P164_SP00211" HPOS="928" VPOS="1320" WIDTH="21"/>
						<String ID="P164_ST00237" HPOS="949" VPOS="1287" WIDTH="72" HEIGHT="27" CONTENT="their" WC="0.86" CC="00060"/>
					</TextLine>
					<TextLine ID="P164_TL00027" HPOS="89" VPOS="1332" WIDTH="931" HEIGHT="37">
						<String ID="P164_ST00238" HPOS="89" VPOS="1333" WIDTH="157" HEIGHT="34" CONTENT="regiments." WC="1.00" CC="0000000000"/>
						<SP ID="P164_SP00212" HPOS="246" VPOS="1367" WIDTH="41"/>
						<String ID="P164_ST00239" HPOS="287" VPOS="1332" WIDTH="80" HEIGHT="34" CONTENT="They" WC="1.00" CC="0000"/>
						<SP ID="P164_SP00213" HPOS="367" VPOS="1367" WIDTH="22"/>
						<String ID="P164_ST00240" HPOS="389" VPOS="1342" WIDTH="70" HEIGHT="17" CONTENT="were" WC="1.00" CC="0000"/>
						<SP ID="P164_SP00214" HPOS="459" VPOS="1367" WIDTH="23"/>
						<String ID="P164_ST00241" HPOS="482" VPOS="1332" WIDTH="89" HEIGHT="27" CONTENT="useful" WC="0.91" CC="200101"/>
						<SP ID="P164_SP00215" HPOS="571" VPOS="1367" WIDTH="21"/>
						<String ID="P164_ST00242" HPOS="592" VPOS="1333" WIDTH="27" HEIGHT="26" CONTENT="in" WC="0.44" CC="55"/>
						<SP ID="P164_SP00216" HPOS="619" VPOS="1367" WIDTH="21"/>
						<String ID="P164_ST00243" HPOS="640" VPOS="1333" WIDTH="114" HEIGHT="35" CONTENT="drilling" WC="0.99" CC="00000000"/>
						<SP ID="P164_SP00217" HPOS="754" VPOS="1368" WIDTH="19"/>
						<String ID="P164_ST00244" HPOS="773" VPOS="1334" WIDTH="48" HEIGHT="25" CONTENT="the" WC="1.00" CC="000"/>
						<SP ID="P164_SP00218" HPOS="821" VPOS="1368" WIDTH="21"/>
						<String ID="P164_ST00245" HPOS="842" VPOS="1343" WIDTH="60" HEIGHT="17" CONTENT="new" WC="1.00" CC="000"/>
						<SP ID="P164_SP00219" HPOS="902" VPOS="1368" WIDTH="20"/>
						<String ID="P164_ST00246" HPOS="922" VPOS="1336" WIDTH="98" HEIGHT="33" CONTENT="police," WC="0.93" CC="0040000"/>
					</TextLine>
					<TextLine ID="P164_TL00028" HPOS="90" VPOS="1380" WIDTH="931" HEIGHT="34">
						<String ID="P164_ST00247" HPOS="90" VPOS="1381" WIDTH="162" HEIGHT="33" CONTENT="practically" WC="0.95" CC="00010000300"/>
						<SP ID="P164_SP00220" HPOS="252" VPOS="1414" WIDTH="8"/>
						<String ID="P164_ST00248" HPOS="260" VPOS="1380" WIDTH="48" HEIGHT="26" CONTENT="the" WC="1.00" CC="000"/>
						<SP ID="P164_SP00221" HPOS="308" VPOS="1414" WIDTH="9"/>
						<String ID="P164_ST00249" HPOS="317" VPOS="1380" WIDTH="69" HEIGHT="26" CONTENT="least" WC="0.97" CC="10000"/>
						<SP ID="P164_SP00222" HPOS="386" VPOS="1414" WIDTH="12"/>
						<String ID="P164_ST00250" HPOS="398" VPOS="1381" WIDTH="154" HEIGHT="33" CONTENT="important" WC="0.80" CC="070050050"/>
						<SP ID="P164_SP00223" HPOS="552" VPOS="1414" WIDTH="14"/>
						<String ID="P164_ST00251" HPOS="566" VPOS="1385" WIDTH="62" HEIGHT="29" CONTENT="part" WC="1.00" CC="0000"/>
						<SP ID="P164_SP00224" HPOS="628" VPOS="1414" WIDTH="14"/>
						<String ID="P164_ST00252" HPOS="642" VPOS="1381" WIDTH="31" HEIGHT="26" CONTENT="of" WC="1.00" CC="00"/>
						<SP ID="P164_SP00225" HPOS="673" VPOS="1414" WIDTH="11"/>
						<String ID="P164_ST00253" HPOS="684" VPOS="1381" WIDTH="73" HEIGHT="26" CONTENT="their" WC="1.00" CC="00000"/>
						<SP ID="P164_SP00226" HPOS="757" VPOS="1414" WIDTH="14"/>
						<String ID="P164_ST00254" HPOS="771" VPOS="1382" WIDTH="77" HEIGHT="26" CONTENT="work" WC="0.82" CC="7000"/>
						<SP ID="P164_SP00227" HPOS="848" VPOS="1414" WIDTH="12"/>
						<String ID="P164_ST00255" HPOS="860" VPOS="1391" WIDTH="5" HEIGHT="23" CONTENT=";" WC="1.00" CC="0"/>
						<SP ID="P164_SP00228" HPOS="865" VPOS="1414" WIDTH="21"/>
						<String ID="P164_ST00256" HPOS="886" VPOS="1383" WIDTH="58" HEIGHT="31" CONTENT="but," WC="0.97" CC="0001"/>
						<SP ID="P164_SP00229" HPOS="944" VPOS="1414" WIDTH="16"/>
						<String ID="P164_ST00257" HPOS="960" VPOS="1392" WIDTH="31" HEIGHT="17" CONTENT="as" WC="1.00" CC="00"/>
						<SP ID="P164_SP00230" HPOS="991" VPOS="1414" WIDTH="14"/>
						<String ID="P164_ST00258" HPOS="1005" VPOS="1392" WIDTH="16" HEIGHT="17" CONTENT="a" WC="1.00" CC="0"/>
					</TextLine>
					<TextLine ID="P164_TL00029" HPOS="89" VPOS="1427" WIDTH="932" HEIGHT="37">
						<String ID="P164_ST00259" HPOS="89" VPOS="1428" WIDTH="65" HEIGHT="31" CONTENT="rule," WC="0.89" CC="00500"/>
						<SP ID="P164_SP00231" HPOS="154" VPOS="1459" WIDTH="15"/>
						<String ID="P164_ST00260" HPOS="169" VPOS="1427" WIDTH="104" HEIGHT="34" CONTENT="utterly" WC="0.90" CC="0003030"/>
						<SP ID="P164_SP00232" HPOS="273" VPOS="1461" WIDTH="19"/>
						<String ID="P164_ST00261" HPOS="292" VPOS="1427" WIDTH="117" HEIGHT="26" CONTENT="without" WC="0.75" CC="9040003"/>
						<SP ID="P164_SP00233" HPOS="409" VPOS="1461" WIDTH="21"/>
						<String ID="P164_ST00262" HPOS="430" VPOS="1428" WIDTH="166" HEIGHT="33" CONTENT="experience" WC="0.94" CC="0000000600"/>
						<SP ID="P164_SP00234" HPOS="596" VPOS="1461" WIDTH="21"/>
						<String ID="P164_ST00263" HPOS="617" VPOS="1429" WIDTH="27" HEIGHT="24" CONTENT="in" WC="0.83" CC="20"/>
						<SP ID="P164_SP00235" HPOS="644" VPOS="1461" WIDTH="21"/>
						<String ID="P164_ST00264" HPOS="665" VPOS="1429" WIDTH="47" HEIGHT="25" CONTENT="the" WC="0.79" CC="060"/>
						<SP ID="P164_SP00236" HPOS="712" VPOS="1461" WIDTH="21"/>
						<String ID="P164_ST00265" HPOS="733" VPOS="1435" WIDTH="200" HEIGHT="29" CONTENT="management" WC="0.96" CC="0000000040"/>
						<SP ID="P164_SP00237" HPOS="933" VPOS="1464" WIDTH="22"/>
						<String ID="P164_ST00266" HPOS="955" VPOS="1431" WIDTH="32" HEIGHT="26" CONTENT="of" WC="1.00" CC="00"/>
						<SP ID="P164_SP00238" HPOS="987" VPOS="1464" WIDTH="19"/>
						<String ID="P164_ST00267" HPOS="1006" VPOS="1440" WIDTH="15" HEIGHT="17" CONTENT="a" WC="1.00" CC="0"/>
					</TextLine>
					<TextLine ID="P164_TL00030" HPOS="88" VPOS="1475" WIDTH="933" HEIGHT="36">
						<String ID="P164_ST00268" HPOS="88" VPOS="1475" WIDTH="78" HEIGHT="34" CONTENT="body" WC="1.00" CC="0000"/>
						<SP ID="P164_SP00239" HPOS="166" VPOS="1509" WIDTH="13"/>
						<String ID="P164_ST00269" HPOS="179" VPOS="1475" WIDTH="31" HEIGHT="26" CONTENT="of" WC="0.89" CC="02"/>
						<SP ID="P164_SP00240" HPOS="210" VPOS="1509" WIDTH="11"/>
						<String ID="P164_ST00270" HPOS="221" VPOS="1484" WIDTH="71" HEIGHT="22" CONTENT="men," WC="0.83" CC="0042"/>
						<SP ID="P164_SP00241" HPOS="292" VPOS="1509" WIDTH="11"/>
						<String ID="P164_ST00271" HPOS="303" VPOS="1479" WIDTH="49" HEIGHT="22" CONTENT="not" WC="1.00" CC="000"/>
						<SP ID="P164_SP00242" HPOS="352" VPOS="1509" WIDTH="14"/>
						<String ID="P164_ST00272" HPOS="366" VPOS="1479" WIDTH="30" HEIGHT="22" CONTENT="to" WC="1.00" CC="00"/>
						<SP ID="P164_SP00243" HPOS="396" VPOS="1509" WIDTH="13"/>
						<String ID="P164_ST00273" HPOS="409" VPOS="1475" WIDTH="36" HEIGHT="26" CONTENT="be" WC="1.00" CC="00"/>
						<SP ID="P164_SP00244" HPOS="445" VPOS="1509" WIDTH="14"/>
						<String ID="P164_ST00274" HPOS="459" VPOS="1475" WIDTH="150" HEIGHT="34" CONTENT="employed" WC="0.92" CC="00060000"/>
						<SP ID="P164_SP00245" HPOS="609" VPOS="1509" WIDTH="14"/>
						<String ID="P164_ST00275" HPOS="623" VPOS="1476" WIDTH="28" HEIGHT="25" CONTENT="in" WC="0.95" CC="00"/>
						<SP ID="P164_SP00246" HPOS="651" VPOS="1509" WIDTH="16"/>
						<String ID="P164_ST00276" HPOS="667" VPOS="1475" WIDTH="121" HEIGHT="36" CONTENT="fighting" WC="0.91" CC="00040010"/>
						<SP ID="P164_SP00247" HPOS="788" VPOS="1511" WIDTH="14"/>
						<String ID="P164_ST00277" HPOS="802" VPOS="1477" WIDTH="110" HEIGHT="32" CONTENT="battles," WC="0.90" CC="00005001"/>
						<SP ID="P164_SP00248" HPOS="912" VPOS="1511" WIDTH="16"/>
						<String ID="P164_ST00278" HPOS="928" VPOS="1478" WIDTH="51" HEIGHT="25" CONTENT="but" WC="1.00" CC="000"/>
						<SP ID="P164_SP00249" HPOS="979" VPOS="1511" WIDTH="14"/>
						<String ID="P164_ST00279" HPOS="993" VPOS="1478" WIDTH="28" HEIGHT="26" CONTENT="in" WC="0.30" CC="67"/>
					</TextLine>
					<TextLine ID="P164_TL00031" HPOS="88" VPOS="1523" WIDTH="930" HEIGHT="36">
						<String ID="P164_ST00280" HPOS="88" VPOS="1523" WIDTH="47" HEIGHT="26" CONTENT="the" WC="0.91" CC="020"/>
						<SP ID="P164_SP00250" HPOS="135" VPOS="1549" WIDTH="9"/>
						<String ID="P164_ST00281" HPOS="144" VPOS="1523" WIDTH="162" HEIGHT="34" CONTENT="prevention" WC="0.81" CC="0000056501"/>
						<SP ID="P164_SP00251" HPOS="306" VPOS="1557" WIDTH="13"/>
						<String ID="P164_ST00282" HPOS="319" VPOS="1523" WIDTH="54" HEIGHT="25" CONTENT="and" WC="0.86" CC="040"/>
						<SP ID="P164_SP00252" HPOS="373" VPOS="1557" WIDTH="12"/>
						<String ID="P164_ST00283" HPOS="385" VPOS="1523" WIDTH="140" HEIGHT="25" CONTENT="detection" WC="0.92" CC="000000205"/>
						<SP ID="P164_SP00253" HPOS="525" VPOS="1557" WIDTH="13"/>
						<String ID="P164_ST00284" HPOS="538" VPOS="1523" WIDTH="31" HEIGHT="26" CONTENT="of" WC="1.00" CC="00"/>
						<SP ID="P164_SP00254" HPOS="569" VPOS="1557" WIDTH="10"/>
						<String ID="P164_ST00285" HPOS="579" VPOS="1524" WIDTH="85" HEIGHT="25" CONTENT="crime" WC="0.88" CC="00600"/>
						<SP ID="P164_SP00255" HPOS="664" VPOS="1557" WIDTH="15"/>
						<String ID="P164_ST00286" HPOS="679" VPOS="1524" WIDTH="27" HEIGHT="25" CONTENT="in" WC="0.75" CC="31"/>
						<SP ID="P164_SP00256" HPOS="706" VPOS="1557" WIDTH="16"/>
						<String ID="P164_ST00287" HPOS="722" VPOS="1533" WIDTH="15" HEIGHT="17" CONTENT="a" WC="1.00" CC="0"/>
						<SP ID="P164_SP00257" HPOS="737" VPOS="1557" WIDTH="15"/>
						<String ID="P164_ST00288" HPOS="752" VPOS="1524" WIDTH="126" HEIGHT="34" CONTENT="peaceful" WC="0.90" CC="00000214"/>
						<SP ID="P164_SP00258" HPOS="878" VPOS="1558" WIDTH="16"/>
						<String ID="P164_ST00289" HPOS="894" VPOS="1530" WIDTH="124" HEIGHT="29" CONTENT="country." WC="0.93" CC="00041000"/>
					</TextLine>
					<TextLine ID="P164_TL00032" HPOS="89" VPOS="1569" WIDTH="929" HEIGHT="36">
						<String ID="P164_ST00290" HPOS="89" VPOS="1571" WIDTH="89" HEIGHT="33" CONTENT="Many" WC="0.86" CC="0050"/>
						<SP ID="P164_SP00259" HPOS="178" VPOS="1604" WIDTH="15"/>
						<String ID="P164_ST00291" HPOS="193" VPOS="1569" WIDTH="32" HEIGHT="27" CONTENT="of" WC="0.88" CC="02"/>
						<SP ID="P164_SP00260" HPOS="225" VPOS="1604" WIDTH="10"/>
						<String ID="P164_ST00292" HPOS="235" VPOS="1570" WIDTH="76" HEIGHT="26" CONTENT="them" WC="0.99" CC="0000"/>
						<SP ID="P164_SP00261" HPOS="311" VPOS="1604" WIDTH="15"/>
						<String ID="P164_ST00293" HPOS="326" VPOS="1570" WIDTH="80" HEIGHT="26" CONTENT="knew" WC="0.81" CC="1500"/>
						<SP ID="P164_SP00262" HPOS="406" VPOS="1604" WIDTH="14"/>
						<String ID="P164_ST00294" HPOS="420" VPOS="1570" WIDTH="71" HEIGHT="26" CONTENT="little" WC="0.96" CC="200000"/>
						<SP ID="P164_SP00263" HPOS="491" VPOS="1604" WIDTH="14"/>
						<String ID="P164_ST00295" HPOS="505" VPOS="1580" WIDTH="31" HEIGHT="16" CONTENT="or" WC="1.00" CC="00"/>
						<SP ID="P164_SP00264" HPOS="536" VPOS="1604" WIDTH="14"/>
						<String ID="P164_ST00296" HPOS="550" VPOS="1570" WIDTH="118" HEIGHT="35" CONTENT="nothing" WC="0.77" CC="0005540"/>
						<SP ID="P164_SP00265" HPOS="668" VPOS="1605" WIDTH="14"/>
						<String ID="P164_ST00297" HPOS="682" VPOS="1571" WIDTH="31" HEIGHT="26" CONTENT="of" WC="0.48" CC="27"/>
						<SP ID="P164_SP00266" HPOS="713" VPOS="1605" WIDTH="17"/>
						<String ID="P164_ST00298" HPOS="730" VPOS="1571" WIDTH="48" HEIGHT="26" CONTENT="the" WC="1.00" CC="000"/>
						<SP ID="P164_SP00267" HPOS="778" VPOS="1605" WIDTH="22"/>
						<String ID="P164_ST00299" HPOS="800" VPOS="1572" WIDTH="147" HEIGHT="33" CONTENT="language," WC="0.91" CC="007000000"/>
						<SP ID="P164_SP00268" HPOS="947" VPOS="1605" WIDTH="16"/>
						<String ID="P164_ST00300" HPOS="963" VPOS="1574" WIDTH="55" HEIGHT="25" CONTENT="and" WC="0.80" CC="023"/>
					</TextLine>
				</TextBlock>
			</PrintSpace>
		</Page>
	</Layout>
</alto>
