<?xml version="1.0" encoding="UTF-8"?>
<alto xmlns:xsi="http://www.w3.org/2001/XMLSchema-instance" xsi:noNamespaceSchemaLocation="http://www.bl.uk/schemas/alto/alto-1-4.xsd" xmlns:xlink="http://www.w3.org/1999/xlink">
	<Description>
		<MeasurementUnit>mm10</MeasurementUnit>
		<sourceImageInformation>
			<fileName>//head1/IN/2008-11/A0011351408.1/007120.jp2</fileName>
		</sourceImageInformation>
		<OCRProcessing ID="OCRPROCESSING_1">
			<preProcessingStep>
				<processingSoftware>
					<softwareCreator>CCS Content Conversion Specialists GmbH, Germany</softwareCreator>
					<softwareName>CCS docWORKS</softwareName>
					<softwareVersion>6.1-0.67</softwareVersion>
				</processingSoftware>
			</preProcessingStep>
			<ocrProcessingStep>
				<processingSoftware>
					<softwareCreator>ABBYY (BIT Software), Russia</softwareCreator>
					<softwareName>Finereader</softwareName>
				</processingSoftware>
			</ocrProcessingStep>
		</OCRProcessing>
	</Description>
	<Styles>
		<TextStyle ID="TXT_0" FONTSIZE="9" FONTFAMILY="Courier New"/>
		<TextStyle ID="TXT_1" FONTSIZE="11" FONTFAMILY="Courier New"/>
		<ParagraphStyle ID="PAR_CENTER" ALIGN="Center"/>
		<ParagraphStyle ID="PAR_LEFT" ALIGN="Left"/>
	</Styles>
	<Layout>
		<Page ID="P34" PHYSICAL_IMG_NR="34" HEIGHT="1706" WIDTH="1150" PRINTED_IMG_NR="26" POSITION="Left" ACCURACY="89.78">
			<TopMargin ID="P34_TM00001" HPOS="0" VPOS="0" WIDTH="1149" HEIGHT="121">
				<TextBlock ID="P34_TB00001" HPOS="397" VPOS="78" WIDTH="384" HEIGHT="43" STYLEREFS="TXT_0 PAR_CENTER">
					<TextLine ID="P34_TL00001" HPOS="398" VPOS="80" WIDTH="383" HEIGHT="41">
						<String ID="P34_ST00001" HPOS="398" VPOS="82" WIDTH="77" HEIGHT="39" CONTENT="Life" WC="1.00" CC="0000"/>
						<SP ID="P34_SP00001" HPOS="475" VPOS="121" WIDTH="19"/>
						<String ID="P34_ST00002" HPOS="494" VPOS="92" WIDTH="35" HEIGHT="21" CONTENT="zn" WC="0.39" CC="75"/>
						<SP ID="P34_SP00002" HPOS="529" VPOS="121" WIDTH="23"/>
						<String ID="P34_ST00003" HPOS="552" VPOS="80" WIDTH="49" HEIGHT="32" CONTENT="the" WC="0.88" CC="300"/>
						<SP ID="P34_SP00003" HPOS="601" VPOS="121" WIDTH="21"/>
						<String ID="P34_ST00004" HPOS="622" VPOS="80" WIDTH="159" HEIGHT="40" CONTENT="Mofussil." WC="0.76" CC="220703040"/>
					</TextLine>
				</TextBlock>
				<TextBlock ID="P34_TB00002" HPOS="126" VPOS="85" WIDTH="37" HEIGHT="27" STYLEREFS="TXT_1 PAR_LEFT">
					<TextLine ID="P34_TL00002" HPOS="126" VPOS="85" WIDTH="37" HEIGHT="27">
						<String ID="P34_ST00005" HPOS="126" VPOS="85" WIDTH="37" HEIGHT="27" CONTENT="26" WC="1.00" CC="00"/>
					</TextLine>
				</TextBlock>
			</TopMargin>
			<LeftMargin ID="P34_LM00001" HPOS="0" VPOS="114" WIDTH="121" HEIGHT="1458"/>
			<RightMargin ID="P34_RM00001" HPOS="1054" VPOS="114" WIDTH="95" HEIGHT="1458"/>
			<BottomMargin ID="P34_BM00001" HPOS="0" VPOS="1572" WIDTH="1149" HEIGHT="134"/>
			<PrintSpace ID="P34_PS00001" HPOS="121" VPOS="114" WIDTH="933" HEIGHT="1458">
				<TextBlock ID="P34_TB00003" HPOS="124" VPOS="160" WIDTH="927" HEIGHT="80" STYLEREFS="TXT_0 PAR_LEFT">
					<TextLine ID="P34_TL00003" HPOS="124" VPOS="160" WIDTH="927" HEIGHT="42">
						<String ID="P34_ST00006" HPOS="124" VPOS="168" WIDTH="156" HEIGHT="34" CONTENT="moonlight" WC="0.81" CC="100106060"/>
						<SP ID="P34_SP00004" HPOS="280" VPOS="202" WIDTH="20"/>
						<String ID="P34_ST00007" HPOS="300" VPOS="168" WIDTH="126" HEIGHT="33" CONTENT="evening," WC="0.88" CC="00007002"/>
						<SP ID="P34_SP00005" HPOS="426" VPOS="202" WIDTH="19"/>
						<String ID="P34_ST00008" HPOS="445" VPOS="167" WIDTH="81" HEIGHT="27" CONTENT="when" WC="0.68" CC="0705"/>
						<SP ID="P34_SP00006" HPOS="526" VPOS="202" WIDTH="20"/>
						<String ID="P34_ST00009" HPOS="546" VPOS="176" WIDTH="16" HEIGHT="17" CONTENT="a" WC="1.00" CC="0"/>
						<SP ID="P34_SP00007" HPOS="562" VPOS="202" WIDTH="21"/>
						<String ID="P34_ST00010" HPOS="583" VPOS="166" WIDTH="169" HEIGHT="26" CONTENT="moonbeam" WC="0.97" CC="00002000"/>
						<SP ID="P34_SP00008" HPOS="752" VPOS="202" WIDTH="21"/>
						<String ID="P34_ST00011" HPOS="773" VPOS="163" WIDTH="47" HEIGHT="27" CONTENT="fell" WC="0.77" CC="5003"/>
						<SP ID="P34_SP00009" HPOS="820" VPOS="202" WIDTH="21"/>
						<String ID="P34_ST00012" HPOS="841" VPOS="171" WIDTH="37" HEIGHT="18" CONTENT="on" WC="0.92" CC="00"/>
						<SP ID="P34_SP00010" HPOS="878" VPOS="202" WIDTH="13"/>
						<String ID="P34_ST00013" HPOS="891" VPOS="162" WIDTH="51" HEIGHT="25" CONTENT="her" WC="0.81" CC="500"/>
						<SP ID="P34_SP00011" HPOS="942" VPOS="202" WIDTH="22"/>
						<String ID="P34_ST00014" HPOS="964" VPOS="160" WIDTH="87" HEIGHT="27" CONTENT="cheek" WC="0.85" CC="07000"/>
					</TextLine>
					<TextLine ID="P34_TL00004" HPOS="124" VPOS="216" WIDTH="217" HEIGHT="24">
						<String ID="P34_ST00015" HPOS="124" VPOS="216" WIDTH="54" HEIGHT="24" CONTENT="and" WC="0.89" CC="030"/>
						<SP ID="P34_SP00012" HPOS="178" VPOS="240" WIDTH="16"/>
						<String ID="P34_ST00016" HPOS="194" VPOS="216" WIDTH="105" HEIGHT="24" CONTENT="burned" WC="0.95" CC="000300"/>
						<SP ID="P34_SP00013" HPOS="299" VPOS="240" WIDTH="15"/>
						<String ID="P34_ST00017" HPOS="314" VPOS="216" WIDTH="27" HEIGHT="24" CONTENT="it." WC="0.76" CC="600"/>
					</TextLine>
				</TextBlock>
				<TextBlock ID="P34_TB00004" HPOS="123" VPOS="254" WIDTH="929" HEIGHT="276" STYLEREFS="TXT_0 PAR_LEFT">
					<TextLine ID="P34_TL00005" HPOS="161" VPOS="255" WIDTH="891" HEIGHT="34">
						<String ID="P34_ST00018" HPOS="161" VPOS="263" WIDTH="60" HEIGHT="26" CONTENT="The" WC="0.89" CC="030"/>
						<SP ID="P34_SP00014" HPOS="221" VPOS="289" WIDTH="13"/>
						<String ID="P34_ST00019" HPOS="234" VPOS="263" WIDTH="103" HEIGHT="26" CONTENT="demon" WC="1.00" CC="00000"/>
						<SP ID="P34_SP00015" HPOS="337" VPOS="289" WIDTH="15"/>
						<String ID="P34_ST00020" HPOS="352" VPOS="262" WIDTH="86" HEIGHT="27" CONTENT="asked" WC="0.88" CC="00500"/>
						<SP ID="P34_SP00016" HPOS="438" VPOS="289" WIDTH="13"/>
						<String ID="P34_ST00021" HPOS="451" VPOS="262" WIDTH="91" HEIGHT="27" CONTENT="which" WC="0.76" CC="00623"/>
						<SP ID="P34_SP00017" HPOS="542" VPOS="289" WIDTH="12"/>
						<String ID="P34_ST00022" HPOS="554" VPOS="270" WIDTH="57" HEIGHT="18" CONTENT="was" WC="0.72" CC="800"/>
						<SP ID="P34_SP00018" HPOS="611" VPOS="289" WIDTH="14"/>
						<String ID="P34_ST00023" HPOS="625" VPOS="262" WIDTH="47" HEIGHT="25" CONTENT="the" WC="1.00" CC="000"/>
						<SP ID="P34_SP00019" HPOS="672" VPOS="289" WIDTH="14"/>
						<String ID="P34_ST00024" HPOS="686" VPOS="263" WIDTH="75" HEIGHT="23" CONTENT="most" WC="1.00" CC="0000"/>
						<SP ID="P34_SP00020" HPOS="761" VPOS="289" WIDTH="21"/>
						<String ID="P34_ST00025" HPOS="782" VPOS="258" WIDTH="127" HEIGHT="31" CONTENT="delicate," WC="0.90" CC="002600000"/>
						<SP ID="P34_SP00021" HPOS="909" VPOS="289" WIDTH="18"/>
						<String ID="P34_ST00026" HPOS="927" VPOS="256" WIDTH="57" HEIGHT="27" CONTENT="and" WC="1.00" CC="000"/>
						<SP ID="P34_SP00022" HPOS="984" VPOS="289" WIDTH="20"/>
						<String ID="P34_ST00027" HPOS="1004" VPOS="255" WIDTH="48" HEIGHT="26" CONTENT="the" WC="0.82" CC="050"/>
					</TextLine>
					<TextLine ID="P34_TL00006" HPOS="123" VPOS="303" WIDTH="929" HEIGHT="42">
						<String ID="P34_ST00028" HPOS="123" VPOS="310" WIDTH="74" HEIGHT="35" CONTENT="king," WC="0.87" CC="06000"/>
						<SP ID="P34_SP00023" HPOS="197" VPOS="345" WIDTH="24"/>
						<String ID="P34_ST00029" HPOS="221" VPOS="310" WIDTH="69" HEIGHT="26" CONTENT="after" WC="0.97" CC="01000"/>
						<SP ID="P34_SP00024" HPOS="290" VPOS="345" WIDTH="21"/>
						<String ID="P34_ST00030" HPOS="311" VPOS="319" WIDTH="77" HEIGHT="17" CONTENT="some" WC="0.75" CC="0090"/>
						<SP ID="P34_SP00025" HPOS="388" VPOS="345" WIDTH="22"/>
						<String ID="P34_ST00031" HPOS="410" VPOS="310" WIDTH="163" HEIGHT="34" CONTENT="pondering," WC="0.87" CC="0030026000"/>
						<SP ID="P34_SP00026" HPOS="573" VPOS="345" WIDTH="25"/>
						<String ID="P34_ST00032" HPOS="598" VPOS="309" WIDTH="107" HEIGHT="34" CONTENT="replies," WC="0.92" CC="40001000"/>
						<SP ID="P34_SP00027" HPOS="705" VPOS="345" WIDTH="25"/>
						<String ID="P34_ST00033" HPOS="730" VPOS="306" WIDTH="78" HEIGHT="27" CONTENT='"She' WC="0.84" CC="0060"/>
						<SP ID="P34_SP00028" HPOS="808" VPOS="345" WIDTH="22"/>
						<String ID="P34_ST00034" HPOS="830" VPOS="314" WIDTH="36" HEIGHT="17" CONTENT="on" WC="1.00" CC="00"/>
						<SP ID="P34_SP00029" HPOS="866" VPOS="345" WIDTH="21"/>
						<String ID="P34_ST00035" HPOS="887" VPOS="304" WIDTH="93" HEIGHT="26" CONTENT="whom" WC="0.74" CC="8100"/>
						<SP ID="P34_SP00030" HPOS="980" VPOS="345" WIDTH="25"/>
						<String ID="P34_ST00036" HPOS="1005" VPOS="303" WIDTH="47" HEIGHT="25" CONTENT="the" WC="0.86" CC="040"/>
					</TextLine>
					<TextLine ID="P34_TL00007" HPOS="124" VPOS="350" WIDTH="928" HEIGHT="39">
						<String ID="P34_ST00037" HPOS="124" VPOS="358" WIDTH="165" HEIGHT="26" CONTENT="moonbeam" WC="0.92" CC="30020000"/>
						<SP ID="P34_SP00031" HPOS="289" VPOS="384" WIDTH="22"/>
						<String ID="P34_ST00038" HPOS="311" VPOS="357" WIDTH="45" HEIGHT="26" CONTENT="fell" WC="1.00" CC="0000"/>
						<String ID="P34_ST00039" HPOS="370" VPOS="367" WIDTH="6" HEIGHT="22" CONTENT=";" WC="0.49" CC="5"/>
						<String ID="P34_ST00040" HPOS="386" VPOS="356" WIDTH="12" HEIGHT="11" CONTENT='"' WC="0.73" CC="2"/>
						<SP ID="P34_SP00032" HPOS="398" VPOS="389" WIDTH="19"/>
						<String ID="P34_ST00041" HPOS="417" VPOS="357" WIDTH="51" HEIGHT="26" CONTENT="but" WC="0.84" CC="040"/>
						<SP ID="P34_SP00033" HPOS="468" VPOS="389" WIDTH="19"/>
						<String ID="P34_ST00042" HPOS="487" VPOS="356" WIDTH="48" HEIGHT="27" CONTENT="the" WC="0.77" CC="060"/>
						<SP ID="P34_SP00034" HPOS="535" VPOS="389" WIDTH="20"/>
						<String ID="P34_ST00043" HPOS="555" VPOS="364" WIDTH="106" HEIGHT="18" CONTENT="answer" WC="1.00" CC="000000"/>
						<SP ID="P34_SP00035" HPOS="661" VPOS="389" WIDTH="11"/>
						<String ID="P34_ST00044" HPOS="672" VPOS="363" WIDTH="58" HEIGHT="18" CONTENT="was" WC="0.67" CC="900"/>
						<SP ID="P34_SP00036" HPOS="730" VPOS="389" WIDTH="19"/>
						<String ID="P34_ST00045" HPOS="749" VPOS="357" WIDTH="50" HEIGHT="23" CONTENT="not" WC="0.96" CC="100"/>
						<SP ID="P34_SP00037" HPOS="799" VPOS="389" WIDTH="14"/>
						<String ID="P34_ST00046" HPOS="813" VPOS="356" WIDTH="112" HEIGHT="23" CONTENT="correct." WC="0.97" CC="00000020"/>
						<SP ID="P34_SP00038" HPOS="925" VPOS="389" WIDTH="42"/>
						<String ID="P34_ST00047" HPOS="967" VPOS="350" WIDTH="34" HEIGHT="27" CONTENT="In" WC="0.90" CC="01"/>
						<SP ID="P34_SP00039" HPOS="1001" VPOS="389" WIDTH="15"/>
						<String ID="P34_ST00048" HPOS="1016" VPOS="359" WIDTH="36" HEIGHT="17" CONTENT="no" WC="1.00" CC="00"/>
					</TextLine>
					<TextLine ID="P34_TL00008" HPOS="123" VPOS="397" WIDTH="929" HEIGHT="41">
						<String ID="P34_ST00049" HPOS="123" VPOS="414" WIDTH="62" HEIGHT="17" CONTENT="case" WC="1.00" CC="0000"/>
						<SP ID="P34_SP00040" HPOS="185" VPOS="431" WIDTH="23"/>
						<String ID="P34_ST00050" HPOS="208" VPOS="406" WIDTH="67" HEIGHT="25" CONTENT="does" WC="0.98" CC="0000"/>
						<SP ID="P34_SP00041" HPOS="275" VPOS="431" WIDTH="13"/>
						<String ID="P34_ST00051" HPOS="288" VPOS="405" WIDTH="48" HEIGHT="25" CONTENT="the" WC="0.94" CC="100"/>
						<SP ID="P34_SP00042" HPOS="336" VPOS="431" WIDTH="19"/>
						<String ID="P34_ST00052" HPOS="355" VPOS="405" WIDTH="104" HEIGHT="25" CONTENT="demon" WC="0.96" CC="00001"/>
						<SP ID="P34_SP00043" HPOS="459" VPOS="431" WIDTH="20"/>
						<String ID="P34_ST00053" HPOS="479" VPOS="404" WIDTH="102" HEIGHT="34" CONTENT="supply" WC="0.95" CC="000200"/>
						<SP ID="P34_SP00044" HPOS="581" VPOS="438" WIDTH="13"/>
						<String ID="P34_ST00054" HPOS="594" VPOS="403" WIDTH="48" HEIGHT="25" CONTENT="the" WC="0.88" CC="030"/>
						<SP ID="P34_SP00045" HPOS="642" VPOS="438" WIDTH="22"/>
						<String ID="P34_ST00055" HPOS="664" VPOS="402" WIDTH="75" HEIGHT="34" CONTENT="right" WC="0.89" CC="00050"/>
						<SP ID="P34_SP00046" HPOS="739" VPOS="438" WIDTH="21"/>
						<String ID="P34_ST00056" HPOS="760" VPOS="400" WIDTH="122" HEIGHT="28" CONTENT="solution" WC="0.83" CC="00040602"/>
						<SP ID="P34_SP00047" HPOS="882" VPOS="438" WIDTH="20"/>
						<String ID="P34_ST00057" HPOS="902" VPOS="399" WIDTH="82" HEIGHT="26" CONTENT="when" WC="0.83" CC="0600"/>
						<SP ID="P34_SP00048" HPOS="984" VPOS="438" WIDTH="21"/>
						<String ID="P34_ST00058" HPOS="1005" VPOS="397" WIDTH="47" HEIGHT="26" CONTENT="the" WC="1.00" CC="000"/>
					</TextLine>
					<TextLine ID="P34_TL00009" HPOS="123" VPOS="445" WIDTH="929" HEIGHT="41">
						<String ID="P34_ST00059" HPOS="123" VPOS="453" WIDTH="68" HEIGHT="33" CONTENT="king" WC="0.84" CC="0410"/>
						<SP ID="P34_SP00049" HPOS="191" VPOS="486" WIDTH="20"/>
						<String ID="P34_ST00060" HPOS="211" VPOS="452" WIDTH="21" HEIGHT="26" CONTENT="is" WC="0.63" CC="70"/>
						<SP ID="P34_SP00050" HPOS="232" VPOS="486" WIDTH="13"/>
						<String ID="P34_ST00061" HPOS="245" VPOS="461" WIDTH="96" HEIGHT="25" CONTENT="wrong" WC="1.00" CC="00000"/>
						<String ID="P34_ST00062" HPOS="351" VPOS="461" WIDTH="6" HEIGHT="22" CONTENT=";" WC="0.91" CC="0"/>
						<SP ID="P34_SP00051" HPOS="357" VPOS="486" WIDTH="20"/>
						<String ID="P34_ST00063" HPOS="377" VPOS="452" WIDTH="55" HEIGHT="25" CONTENT="and" WC="1.00" CC="000"/>
						<SP ID="P34_SP00052" HPOS="432" VPOS="486" WIDTH="21"/>
						<String ID="P34_ST00064" HPOS="453" VPOS="451" WIDTH="27" HEIGHT="26" CONTENT="in" WC="0.62" CC="60"/>
						<SP ID="P34_SP00053" HPOS="480" VPOS="486" WIDTH="13"/>
						<String ID="P34_ST00065" HPOS="493" VPOS="451" WIDTH="38" HEIGHT="26" CONTENT="all" WC="1.00" CC="000"/>
						<SP ID="P34_SP00054" HPOS="531" VPOS="486" WIDTH="19"/>
						<String ID="P34_ST00066" HPOS="550" VPOS="451" WIDTH="48" HEIGHT="26" CONTENT="the" WC="0.80" CC="050"/>
						<SP ID="P34_SP00055" HPOS="598" VPOS="486" WIDTH="14"/>
						<String ID="P34_ST00067" HPOS="612" VPOS="459" WIDTH="76" HEIGHT="18" CONTENT="cases" WC="1.00" CC="00000"/>
						<SP ID="P34_SP00056" HPOS="688" VPOS="486" WIDTH="15"/>
						<String ID="P34_ST00068" HPOS="703" VPOS="450" WIDTH="21" HEIGHT="25" CONTENT="it" WC="0.72" CC="50"/>
						<SP ID="P34_SP00057" HPOS="724" VPOS="486" WIDTH="13"/>
						<String ID="P34_ST00069" HPOS="737" VPOS="448" WIDTH="93" HEIGHT="27" CONTENT="would" WC="0.78" CC="90100"/>
						<SP ID="P34_SP00058" HPOS="830" VPOS="486" WIDTH="20"/>
						<String ID="P34_ST00070" HPOS="850" VPOS="448" WIDTH="35" HEIGHT="26" CONTENT="be" WC="1.00" CC="00"/>
						<SP ID="P34_SP00059" HPOS="885" VPOS="486" WIDTH="14"/>
						<String ID="P34_ST00071" HPOS="899" VPOS="455" WIDTH="69" HEIGHT="26" CONTENT="very" WC="1.00" CC="0000"/>
						<SP ID="P34_SP00060" HPOS="968" VPOS="486" WIDTH="13"/>
						<String ID="P34_ST00072" HPOS="981" VPOS="445" WIDTH="71" HEIGHT="27" CONTENT="diffi" SUBS_TYPE="HypPart1" SUBS_CONTENT="difficult" WC="0.90" CC="050000"/>
						<HYP CONTENT="-"/>
					</TextLine>
					<TextLine ID="P34_TL00010" HPOS="123" VPOS="498" WIDTH="578" HEIGHT="32">
						<String ID="P34_ST00073" HPOS="123" VPOS="499" WIDTH="56" HEIGHT="26" CONTENT="cult" SUBS_TYPE="HypPart2" SUBS_CONTENT="difficult" WC="0.87" CC="0050"/>
						<SP ID="P34_SP00061" HPOS="179" VPOS="525" WIDTH="15"/>
						<String ID="P34_ST00074" HPOS="194" VPOS="503" WIDTH="28" HEIGHT="22" CONTENT="to" WC="1.00" CC="00"/>
						<SP ID="P34_SP00062" HPOS="222" VPOS="525" WIDTH="15"/>
						<String ID="P34_ST00075" HPOS="237" VPOS="499" WIDTH="36" HEIGHT="26" CONTENT="do" WC="1.00" CC="00"/>
						<SP ID="P34_SP00063" HPOS="273" VPOS="525" WIDTH="14"/>
						<String ID="P34_ST00076" HPOS="287" VPOS="508" WIDTH="31" HEIGHT="17" CONTENT="so" WC="0.96" CC="00"/>
						<SP ID="P34_SP00064" HPOS="318" VPOS="525" WIDTH="14"/>
						<String ID="P34_ST00077" HPOS="332" VPOS="507" WIDTH="35" HEIGHT="18" CONTENT="on" WC="1.00" CC="00"/>
						<SP ID="P34_SP00065" HPOS="367" VPOS="525" WIDTH="15"/>
						<String ID="P34_ST00078" HPOS="382" VPOS="499" WIDTH="177" HEIGHT="31" CONTENT="satisfactory" WC="0.94" CC="000600000000"/>
						<SP ID="P34_SP00066" HPOS="559" VPOS="530" WIDTH="12"/>
						<String ID="P34_ST00079" HPOS="571" VPOS="498" WIDTH="130" HEIGHT="32" CONTENT="grounds." WC="0.97" CC="00000002"/>
					</TextLine>
				</TextBlock>
				<TextBlock ID="P34_TB00005" HPOS="121" VPOS="540" WIDTH="931" HEIGHT="415" STYLEREFS="TXT_0 PAR_LEFT">
					<TextLine ID="P34_TL00011" HPOS="160" VPOS="540" WIDTH="892" HEIGHT="40">
						<String ID="P34_ST00080" HPOS="160" VPOS="546" WIDTH="27" HEIGHT="25" CONTENT="It" WC="1.00" CC="00"/>
						<SP ID="P34_SP00067" HPOS="187" VPOS="571" WIDTH="20"/>
						<String ID="P34_ST00081" HPOS="207" VPOS="546" WIDTH="22" HEIGHT="25" CONTENT="is" WC="0.71" CC="50"/>
						<SP ID="P34_SP00068" HPOS="229" VPOS="571" WIDTH="20"/>
						<String ID="P34_ST00082" HPOS="249" VPOS="555" WIDTH="66" HEIGHT="25" CONTENT="easy" WC="1.00" CC="0000"/>
						<SP ID="P34_SP00069" HPOS="315" VPOS="580" WIDTH="13"/>
						<String ID="P34_ST00083" HPOS="328" VPOS="550" WIDTH="29" HEIGHT="21" CONTENT="to" WC="0.93" CC="01"/>
						<SP ID="P34_SP00070" HPOS="357" VPOS="580" WIDTH="20"/>
						<String ID="P34_ST00084" HPOS="377" VPOS="546" WIDTH="130" HEIGHT="25" CONTENT="conceive" WC="0.98" CC="00000100"/>
						<SP ID="P34_SP00071" HPOS="507" VPOS="580" WIDTH="19"/>
						<String ID="P34_ST00085" HPOS="526" VPOS="544" WIDTH="62" HEIGHT="27" CONTENT="that" WC="1.00" CC="0000"/>
						<SP ID="P34_SP00072" HPOS="588" VPOS="580" WIDTH="20"/>
						<String ID="P34_ST00086" HPOS="608" VPOS="553" WIDTH="16" HEIGHT="18" CONTENT="a" WC="1.00" CC="0"/>
						<SP ID="P34_SP00073" HPOS="624" VPOS="580" WIDTH="19"/>
						<String ID="P34_ST00087" HPOS="643" VPOS="544" WIDTH="86" HEIGHT="33" CONTENT="study" WC="0.90" CC="04000"/>
						<SP ID="P34_SP00074" HPOS="729" VPOS="580" WIDTH="21"/>
						<String ID="P34_ST00088" HPOS="750" VPOS="543" WIDTH="31" HEIGHT="26" CONTENT="of" WC="0.81" CC="03"/>
						<SP ID="P34_SP00075" HPOS="781" VPOS="580" WIDTH="17"/>
						<String ID="P34_ST00089" HPOS="798" VPOS="542" WIDTH="69" HEIGHT="27" CONTENT="such" WC="1.00" CC="0000"/>
						<SP ID="P34_SP00076" HPOS="867" VPOS="580" WIDTH="21"/>
						<String ID="P34_ST00090" HPOS="888" VPOS="551" WIDTH="17" HEIGHT="17" CONTENT="a" WC="1.00" CC="0"/>
						<SP ID="P34_SP00077" HPOS="905" VPOS="580" WIDTH="17"/>
						<String ID="P34_ST00091" HPOS="922" VPOS="540" WIDTH="78" HEIGHT="27" CONTENT="work" WC="0.81" CC="0007"/>
						<SP ID="P34_SP00078" HPOS="1000" VPOS="580" WIDTH="21"/>
						<String ID="P34_ST00092" HPOS="1021" VPOS="549" WIDTH="31" HEIGHT="18" CONTENT="as" WC="1.00" CC="00"/>
					</TextLine>
					<TextLine ID="P34_TL00012" HPOS="123" VPOS="588" WIDTH="928" HEIGHT="38">
						<String ID="P34_ST00093" HPOS="123" VPOS="593" WIDTH="47" HEIGHT="26" CONTENT="the" WC="0.66" CC="450"/>
						<SP ID="P34_SP00079" HPOS="170" VPOS="619" WIDTH="14"/>
						<String ID="P34_ST00094" HPOS="184" VPOS="593" WIDTH="88" HEIGHT="26" CONTENT="above" WC="1.00" CC="00000"/>
						<SP ID="P34_SP00080" HPOS="272" VPOS="619" WIDTH="14"/>
						<String ID="P34_ST00095" HPOS="286" VPOS="593" WIDTH="47" HEIGHT="26" CONTENT="did" WC="0.85" CC="040"/>
						<SP ID="P34_SP00081" HPOS="333" VPOS="619" WIDTH="16"/>
						<String ID="P34_ST00096" HPOS="349" VPOS="597" WIDTH="49" HEIGHT="22" CONTENT="not" WC="1.00" CC="000"/>
						<SP ID="P34_SP00082" HPOS="398" VPOS="619" WIDTH="13"/>
						<String ID="P34_ST00097" HPOS="411" VPOS="593" WIDTH="124" HEIGHT="26" CONTENT="conduce" WC="0.98" CC="0010000"/>
						<SP ID="P34_SP00083" HPOS="535" VPOS="619" WIDTH="13"/>
						<String ID="P34_ST00098" HPOS="548" VPOS="596" WIDTH="30" HEIGHT="21" CONTENT="to" WC="0.84" CC="30"/>
						<SP ID="P34_SP00084" HPOS="578" VPOS="619" WIDTH="14"/>
						<String ID="P34_ST00099" HPOS="592" VPOS="601" WIDTH="16" HEIGHT="16" CONTENT="a" WC="1.00" CC="0"/>
						<SP ID="P34_SP00085" HPOS="608" VPOS="619" WIDTH="14"/>
						<String ID="P34_ST00100" HPOS="622" VPOS="590" WIDTH="132" HEIGHT="36" CONTENT="practical" WC="0.91" CC="000005100"/>
						<SP ID="P34_SP00086" HPOS="754" VPOS="626" WIDTH="15"/>
						<String ID="P34_ST00101" HPOS="769" VPOS="589" WIDTH="166" HEIGHT="34" CONTENT="knowledge" WC="1.00" CC="000000000"/>
						<SP ID="P34_SP00087" HPOS="935" VPOS="626" WIDTH="21"/>
						<String ID="P34_ST00102" HPOS="956" VPOS="588" WIDTH="31" HEIGHT="27" CONTENT="of" WC="1.00" CC="00"/>
						<SP ID="P34_SP00088" HPOS="987" VPOS="626" WIDTH="16"/>
						<String ID="P34_ST00103" HPOS="1003" VPOS="588" WIDTH="48" HEIGHT="26" CONTENT="the" WC="0.81" CC="050"/>
					</TextLine>
					<TextLine ID="P34_TL00013" HPOS="123" VPOS="635" WIDTH="929" HEIGHT="39">
						<String ID="P34_ST00104" HPOS="123" VPOS="641" WIDTH="138" HEIGHT="33" CONTENT="language" WC="0.93" CC="50000000"/>
						<SP ID="P34_SP00089" HPOS="261" VPOS="674" WIDTH="20"/>
						<String ID="P34_ST00105" HPOS="281" VPOS="649" WIDTH="31" HEIGHT="17" CONTENT="or" WC="0.88" CC="02"/>
						<SP ID="P34_SP00090" HPOS="312" VPOS="674" WIDTH="21"/>
						<String ID="P34_ST00106" HPOS="333" VPOS="640" WIDTH="33" HEIGHT="26" CONTENT="of" WC="1.00" CC="00"/>
						<SP ID="P34_SP00091" HPOS="366" VPOS="674" WIDTH="22"/>
						<String ID="P34_ST00107" HPOS="388" VPOS="640" WIDTH="46" HEIGHT="26" CONTENT="the" WC="0.78" CC="060"/>
						<SP ID="P34_SP00092" HPOS="434" VPOS="674" WIDTH="18"/>
						<String ID="P34_ST00108" HPOS="452" VPOS="639" WIDTH="226" HEIGHT="26" CONTENT="administration" WC="0.75" CC="00743604100500"/>
						<SP ID="P34_SP00093" HPOS="678" VPOS="674" WIDTH="20"/>
						<String ID="P34_ST00109" HPOS="698" VPOS="638" WIDTH="32" HEIGHT="27" CONTENT="of" WC="0.71" CC="04"/>
						<SP ID="P34_SP00094" HPOS="730" VPOS="674" WIDTH="21"/>
						<String ID="P34_ST00110" HPOS="751" VPOS="638" WIDTH="49" HEIGHT="26" CONTENT="the" WC="0.79" CC="060"/>
						<SP ID="P34_SP00095" HPOS="800" VPOS="674" WIDTH="18"/>
						<String ID="P34_ST00111" HPOS="818" VPOS="638" WIDTH="66" HEIGHT="25" CONTENT="laws" WC="1.00" CC="0000"/>
						<SP ID="P34_SP00096" HPOS="884" VPOS="674" WIDTH="13"/>
						<String ID="P34_ST00112" HPOS="897" VPOS="646" WIDTH="6" HEIGHT="22" CONTENT=";" WC="0.45" CC="5"/>
						<SP ID="P34_SP00097" HPOS="903" VPOS="674" WIDTH="21"/>
						<String ID="P34_ST00113" HPOS="924" VPOS="636" WIDTH="56" HEIGHT="26" CONTENT="and" WC="0.98" CC="000"/>
						<SP ID="P34_SP00098" HPOS="980" VPOS="674" WIDTH="24"/>
						<String ID="P34_ST00114" HPOS="1004" VPOS="635" WIDTH="48" HEIGHT="26" CONTENT="the" WC="0.76" CC="070"/>
					</TextLine>
					<TextLine ID="P34_TL00014" HPOS="122" VPOS="684" WIDTH="930" HEIGHT="37">
						<String ID="P34_ST00115" HPOS="122" VPOS="692" WIDTH="110" HEIGHT="29" CONTENT="present" WC="1.00" CC="0000000"/>
						<SP ID="P34_SP00099" HPOS="232" VPOS="721" WIDTH="13"/>
						<String ID="P34_ST00116" HPOS="245" VPOS="692" WIDTH="105" HEIGHT="29" CONTENT="system" WC="1.00" CC="000000"/>
						<SP ID="P34_SP00100" HPOS="350" VPOS="721" WIDTH="15"/>
						<String ID="P34_ST00117" HPOS="365" VPOS="687" WIDTH="22" HEIGHT="26" CONTENT="is" WC="0.76" CC="40"/>
						<SP ID="P34_SP00101" HPOS="387" VPOS="721" WIDTH="14"/>
						<String ID="P34_ST00118" HPOS="401" VPOS="687" WIDTH="82" HEIGHT="26" CONTENT="much" WC="1.00" CC="0000"/>
						<SP ID="P34_SP00102" HPOS="483" VPOS="721" WIDTH="14"/>
						<String ID="P34_ST00119" HPOS="497" VPOS="687" WIDTH="98" HEIGHT="31" CONTENT="better," WC="0.92" CC="0050000"/>
						<SP ID="P34_SP00103" HPOS="595" VPOS="721" WIDTH="14"/>
						<String ID="P34_ST00120" HPOS="609" VPOS="686" WIDTH="91" HEIGHT="26" CONTENT="where" WC="0.90" CC="40000"/>
						<SP ID="P34_SP00104" HPOS="700" VPOS="721" WIDTH="17"/>
						<String ID="P34_ST00121" HPOS="717" VPOS="694" WIDTH="96" HEIGHT="25" CONTENT="young" WC="0.96" CC="00100"/>
						<SP ID="P34_SP00105" HPOS="813" VPOS="721" WIDTH="14"/>
						<String ID="P34_ST00122" HPOS="827" VPOS="684" WIDTH="225" HEIGHT="26" CONTENT="administrators" WC="0.92" CC="00060000004000"/>
					</TextLine>
					<TextLine ID="P34_TL00015" HPOS="123" VPOS="730" WIDTH="929" HEIGHT="38">
						<String ID="P34_ST00123" HPOS="123" VPOS="743" WIDTH="46" HEIGHT="16" CONTENT="are" WC="1.00" CC="000"/>
						<SP ID="P34_SP00106" HPOS="169" VPOS="759" WIDTH="26"/>
						<String ID="P34_ST00124" HPOS="195" VPOS="734" WIDTH="139" HEIGHT="34" CONTENT="compelled" WC="0.99" CC="000000000"/>
						<SP ID="P34_SP00107" HPOS="334" VPOS="768" WIDTH="22"/>
						<String ID="P34_ST00125" HPOS="356" VPOS="738" WIDTH="30" HEIGHT="22" CONTENT="to" WC="0.89" CC="02"/>
						<SP ID="P34_SP00108" HPOS="386" VPOS="768" WIDTH="19"/>
						<String ID="P34_ST00126" HPOS="405" VPOS="734" WIDTH="76" HEIGHT="25" CONTENT="learn" WC="1.00" CC="00000"/>
						<SP ID="P34_SP00109" HPOS="481" VPOS="768" WIDTH="20"/>
						<String ID="P34_ST00127" HPOS="501" VPOS="734" WIDTH="68" HEIGHT="33" CONTENT="only" WC="1.00" CC="0000"/>
						<SP ID="P34_SP00110" HPOS="569" VPOS="768" WIDTH="18"/>
						<String ID="P34_ST00128" HPOS="587" VPOS="733" WIDTH="75" HEIGHT="26" CONTENT="what" WC="0.99" CC="0000"/>
						<SP ID="P34_SP00111" HPOS="662" VPOS="768" WIDTH="19"/>
						<String ID="P34_ST00129" HPOS="681" VPOS="733" WIDTH="23" HEIGHT="26" CONTENT="is" WC="1.00" CC="00"/>
						<SP ID="P34_SP00112" HPOS="704" VPOS="768" WIDTH="21"/>
						<String ID="P34_ST00130" HPOS="725" VPOS="731" WIDTH="96" HEIGHT="33" CONTENT="useful," WC="1.00" CC="0000000"/>
						<SP ID="P34_SP00113" HPOS="821" VPOS="768" WIDTH="20"/>
						<String ID="P34_ST00131" HPOS="841" VPOS="731" WIDTH="82" HEIGHT="26" CONTENT="while" WC="0.80" CC="06300"/>
						<SP ID="P34_SP00114" HPOS="923" VPOS="768" WIDTH="24"/>
						<String ID="P34_ST00132" HPOS="947" VPOS="734" WIDTH="30" HEIGHT="23" CONTENT="at" WC="1.00" CC="00"/>
						<SP ID="P34_SP00115" HPOS="977" VPOS="768" WIDTH="25"/>
						<String ID="P34_ST00133" HPOS="1002" VPOS="730" WIDTH="50" HEIGHT="26" CONTENT="the" WC="0.82" CC="050"/>
					</TextLine>
					<TextLine ID="P34_TL00016" HPOS="123" VPOS="779" WIDTH="929" HEIGHT="35">
						<String ID="P34_ST00134" HPOS="123" VPOS="790" WIDTH="77" HEIGHT="18" CONTENT="same" WC="0.90" CC="0400"/>
						<SP ID="P34_SP00116" HPOS="200" VPOS="808" WIDTH="12"/>
						<String ID="P34_ST00135" HPOS="212" VPOS="781" WIDTH="67" HEIGHT="26" CONTENT="time" WC="0.94" CC="0200"/>
						<SP ID="P34_SP00117" HPOS="279" VPOS="808" WIDTH="15"/>
						<String ID="P34_ST00136" HPOS="294" VPOS="781" WIDTH="192" HEIGHT="27" CONTENT="inducements" WC="0.95" CC="00050000000"/>
						<SP ID="P34_SP00118" HPOS="486" VPOS="808" WIDTH="18"/>
						<String ID="P34_ST00137" HPOS="504" VPOS="781" WIDTH="27" HEIGHT="25" CONTENT="in" WC="0.65" CC="60"/>
						<SP ID="P34_SP00119" HPOS="531" VPOS="808" WIDTH="17"/>
						<String ID="P34_ST00138" HPOS="548" VPOS="781" WIDTH="48" HEIGHT="25" CONTENT="the" WC="0.63" CC="460"/>
						<SP ID="P34_SP00120" HPOS="596" VPOS="808" WIDTH="19"/>
						<String ID="P34_ST00139" HPOS="615" VPOS="780" WIDTH="87" HEIGHT="34" CONTENT="shape" WC="0.66" CC="07900"/>
						<SP ID="P34_SP00121" HPOS="702" VPOS="814" WIDTH="20"/>
						<String ID="P34_ST00140" HPOS="722" VPOS="779" WIDTH="32" HEIGHT="26" CONTENT="of" WC="1.00" CC="00"/>
						<SP ID="P34_SP00122" HPOS="754" VPOS="814" WIDTH="16"/>
						<String ID="P34_ST00141" HPOS="770" VPOS="787" WIDTH="105" HEIGHT="26" CONTENT="money" WC="0.99" CC="00000"/>
						<SP ID="P34_SP00123" HPOS="875" VPOS="814" WIDTH="20"/>
						<String ID="P34_ST00142" HPOS="895" VPOS="779" WIDTH="89" HEIGHT="34" CONTENT="prizes" WC="0.86" CC="025000"/>
						<SP ID="P34_SP00124" HPOS="984" VPOS="814" WIDTH="22"/>
						<String ID="P34_ST00143" HPOS="1006" VPOS="787" WIDTH="46" HEIGHT="16" CONTENT="are" WC="0.97" CC="000"/>
					</TextLine>
					<TextLine ID="P34_TL00017" HPOS="123" VPOS="825" WIDTH="929" HEIGHT="34">
						<String ID="P34_ST00144" HPOS="123" VPOS="828" WIDTH="55" HEIGHT="25" CONTENT="still" WC="0.76" CC="00551"/>
						<SP ID="P34_SP00125" HPOS="178" VPOS="853" WIDTH="11"/>
						<String ID="P34_ST00145" HPOS="189" VPOS="828" WIDTH="64" HEIGHT="26" CONTENT="held" WC="0.82" CC="7000"/>
						<SP ID="P34_SP00126" HPOS="253" VPOS="854" WIDTH="12"/>
						<String ID="P34_ST00146" HPOS="265" VPOS="831" WIDTH="48" HEIGHT="22" CONTENT="out" WC="0.86" CC="004"/>
						<SP ID="P34_SP00127" HPOS="313" VPOS="854" WIDTH="14"/>
						<String ID="P34_ST00147" HPOS="327" VPOS="832" WIDTH="29" HEIGHT="21" CONTENT="to" WC="1.00" CC="00"/>
						<SP ID="P34_SP00128" HPOS="356" VPOS="854" WIDTH="14"/>
						<String ID="P34_ST00148" HPOS="370" VPOS="828" WIDTH="77" HEIGHT="26" CONTENT="them" WC="0.85" CC="0500"/>
						<SP ID="P34_SP00129" HPOS="447" VPOS="854" WIDTH="13"/>
						<String ID="P34_ST00149" HPOS="460" VPOS="831" WIDTH="30" HEIGHT="22" CONTENT="to" WC="0.83" CC="03"/>
						<SP ID="P34_SP00130" HPOS="490" VPOS="854" WIDTH="14"/>
						<String ID="P34_ST00150" HPOS="504" VPOS="828" WIDTH="102" HEIGHT="26" CONTENT="devote" WC="1.00" CC="000000"/>
						<SP ID="P34_SP00131" HPOS="606" VPOS="854" WIDTH="10"/>
						<String ID="P34_ST00151" HPOS="616" VPOS="827" WIDTH="75" HEIGHT="26" CONTENT="what" WC="0.85" CC="0500"/>
						<SP ID="P34_SP00132" HPOS="691" VPOS="854" WIDTH="14"/>
						<String ID="P34_ST00152" HPOS="705" VPOS="826" WIDTH="99" HEIGHT="27" CONTENT="leisure" WC="0.90" CC="0060000"/>
						<SP ID="P34_SP00133" HPOS="804" VPOS="854" WIDTH="14"/>
						<String ID="P34_ST00153" HPOS="818" VPOS="826" WIDTH="68" HEIGHT="33" CONTENT="they" WC="0.84" CC="0600"/>
						<SP ID="P34_SP00134" HPOS="886" VPOS="859" WIDTH="14"/>
						<String ID="P34_ST00154" HPOS="900" VPOS="834" WIDTH="67" HEIGHT="25" CONTENT="may" WC="0.95" CC="100"/>
						<SP ID="P34_SP00135" HPOS="967" VPOS="859" WIDTH="13"/>
						<String ID="P34_ST00155" HPOS="980" VPOS="825" WIDTH="72" HEIGHT="26" CONTENT="have" WC="0.85" CC="5000"/>
					</TextLine>
					<TextLine ID="P34_TL00018" HPOS="123" VPOS="873" WIDTH="929" HEIGHT="36">
						<String ID="P34_ST00156" HPOS="123" VPOS="875" WIDTH="99" HEIGHT="34" CONTENT="during" WC="0.63" CC="710650"/>
						<SP ID="P34_SP00136" HPOS="222" VPOS="909" WIDTH="13"/>
						<String ID="P34_ST00157" HPOS="235" VPOS="875" WIDTH="48" HEIGHT="26" CONTENT="the" WC="1.00" CC="000"/>
						<SP ID="P34_SP00137" HPOS="283" VPOS="909" WIDTH="14"/>
						<String ID="P34_ST00158" HPOS="297" VPOS="875" WIDTH="76" HEIGHT="33" CONTENT="early" WC="0.97" CC="00010"/>
						<SP ID="P34_SP00138" HPOS="373" VPOS="909" WIDTH="14"/>
						<String ID="P34_ST00159" HPOS="387" VPOS="879" WIDTH="62" HEIGHT="30" CONTENT="part" WC="1.00" CC="0000"/>
						<SP ID="P34_SP00139" HPOS="449" VPOS="909" WIDTH="13"/>
						<String ID="P34_ST00160" HPOS="462" VPOS="875" WIDTH="31" HEIGHT="26" CONTENT="of" WC="1.00" CC="00"/>
						<SP ID="P34_SP00140" HPOS="493" VPOS="909" WIDTH="16"/>
						<String ID="P34_ST00161" HPOS="509" VPOS="875" WIDTH="72" HEIGHT="26" CONTENT="their" WC="0.80" CC="05013"/>
						<SP ID="P34_SP00141" HPOS="581" VPOS="909" WIDTH="12"/>
						<String ID="P34_ST00162" HPOS="593" VPOS="875" WIDTH="104" HEIGHT="26" CONTENT="service" WC="0.88" CC="0040300"/>
						<SP ID="P34_SP00142" HPOS="697" VPOS="909" WIDTH="20"/>
						<String ID="P34_ST00163" HPOS="717" VPOS="878" WIDTH="29" HEIGHT="22" CONTENT="to" WC="1.00" CC="00"/>
						<SP ID="P34_SP00143" HPOS="746" VPOS="909" WIDTH="21"/>
						<String ID="P34_ST00164" HPOS="767" VPOS="874" WIDTH="46" HEIGHT="26" CONTENT="the" WC="1.00" CC="000"/>
						<SP ID="P34_SP00144" HPOS="813" VPOS="909" WIDTH="22"/>
						<String ID="P34_ST00165" HPOS="835" VPOS="882" WIDTH="77" HEIGHT="17" CONTENT="more" WC="1.00" CC="0000"/>
						<SP ID="P34_SP00145" HPOS="912" VPOS="909" WIDTH="20"/>
						<String ID="P34_ST00166" HPOS="932" VPOS="873" WIDTH="120" HEIGHT="26" CONTENT="finished" WC="0.75" CC="44420400"/>
					</TextLine>
					<TextLine ID="P34_TL00019" HPOS="123" VPOS="922" WIDTH="493" HEIGHT="33">
						<String ID="P34_ST00167" HPOS="123" VPOS="923" WIDTH="164" HEIGHT="32" CONTENT="acquisition" WC="0.93" CC="00005000000"/>
						<SP ID="P34_SP00146" HPOS="287" VPOS="955" WIDTH="14"/>
						<String ID="P34_ST00168" HPOS="301" VPOS="922" WIDTH="32" HEIGHT="26" CONTENT="of" WC="1.00" CC="00"/>
						<SP ID="P34_SP00147" HPOS="333" VPOS="955" WIDTH="11"/>
						<String ID="P34_ST00169" HPOS="344" VPOS="923" WIDTH="100" HEIGHT="25" CONTENT="Indian" WC="0.96" CC="100000"/>
						<SP ID="P34_SP00148" HPOS="444" VPOS="955" WIDTH="14"/>
						<String ID="P34_ST00170" HPOS="458" VPOS="923" WIDTH="158" HEIGHT="32" CONTENT="languages." WC="0.92" CC="0050000002"/>
					</TextLine>
				</TextBlock>
				<TextBlock ID="P34_TB00006" HPOS="121" VPOS="967" WIDTH="933" HEIGHT="319" STYLEREFS="TXT_0 PAR_LEFT">
					<TextLine ID="P34_TL00020" HPOS="159" VPOS="968" WIDTH="893" HEIGHT="35">
						<String ID="P34_ST00171" HPOS="159" VPOS="970" WIDTH="44" HEIGHT="25" CONTENT="To" WC="1.00" CC="00"/>
						<SP ID="P34_SP00149" HPOS="203" VPOS="995" WIDTH="19"/>
						<String ID="P34_ST00172" HPOS="222" VPOS="978" WIDTH="52" HEIGHT="23" CONTENT="me," WC="1.00" CC="000"/>
						<SP ID="P34_SP00150" HPOS="274" VPOS="1001" WIDTH="16"/>
						<String ID="P34_ST00173" HPOS="290" VPOS="969" WIDTH="54" HEIGHT="26" CONTENT="and" WC="0.93" CC="020"/>
						<SP ID="P34_SP00151" HPOS="344" VPOS="1001" WIDTH="20"/>
						<String ID="P34_ST00174" HPOS="364" VPOS="974" WIDTH="29" HEIGHT="21" CONTENT="to" WC="1.00" CC="00"/>
						<SP ID="P34_SP00152" HPOS="393" VPOS="1001" WIDTH="20"/>
						<String ID="P34_ST00175" HPOS="413" VPOS="979" WIDTH="86" HEIGHT="24" CONTENT="many" WC="0.82" CC="3030"/>
						<SP ID="P34_SP00153" HPOS="499" VPOS="1003" WIDTH="20"/>
						<String ID="P34_ST00176" HPOS="519" VPOS="969" WIDTH="100" HEIGHT="32" CONTENT="others," WC="0.94" CC="0030000"/>
						<SP ID="P34_SP00154" HPOS="619" VPOS="1003" WIDTH="23"/>
						<String ID="P34_ST00177" HPOS="642" VPOS="969" WIDTH="50" HEIGHT="26" CONTENT="the" WC="0.84" CC="130"/>
						<SP ID="P34_SP00155" HPOS="692" VPOS="1003" WIDTH="22"/>
						<String ID="P34_ST00178" HPOS="714" VPOS="968" WIDTH="86" HEIGHT="34" CONTENT="study" WC="0.87" CC="03300"/>
						<SP ID="P34_SP00156" HPOS="800" VPOS="1003" WIDTH="23"/>
						<String ID="P34_ST00179" HPOS="823" VPOS="968" WIDTH="29" HEIGHT="26" CONTENT="of" WC="1.00" CC="00"/>
						<SP ID="P34_SP00157" HPOS="852" VPOS="1003" WIDTH="25"/>
						<String ID="P34_ST00180" HPOS="877" VPOS="968" WIDTH="175" HEIGHT="26" CONTENT="Hindustani" WC="0.80" CC="4600300005"/>
					</TextLine>
					<TextLine ID="P34_TL00021" HPOS="123" VPOS="1015" WIDTH="930" HEIGHT="36">
						<String ID="P34_ST00181" HPOS="123" VPOS="1018" WIDTH="54" HEIGHT="24" CONTENT="and" WC="0.40" CC="935"/>
						<SP ID="P34_SP00158" HPOS="177" VPOS="1042" WIDTH="16"/>
						<String ID="P34_ST00182" HPOS="193" VPOS="1017" WIDTH="115" HEIGHT="34" CONTENT="Bengali" WC="0.84" CC="4000023"/>
						<SP ID="P34_SP00159" HPOS="308" VPOS="1051" WIDTH="14"/>
						<String ID="P34_ST00183" HPOS="322" VPOS="1018" WIDTH="27" HEIGHT="24" CONTENT="in" WC="0.71" CC="50"/>
						<SP ID="P34_SP00160" HPOS="349" VPOS="1051" WIDTH="18"/>
						<String ID="P34_ST00184" HPOS="367" VPOS="1017" WIDTH="48" HEIGHT="25" CONTENT="the" WC="0.90" CC="030"/>
						<SP ID="P34_SP00161" HPOS="415" VPOS="1051" WIDTH="17"/>
						<String ID="P34_ST00185" HPOS="432" VPOS="1018" WIDTH="88" HEIGHT="25" CONTENT="above" WC="1.00" CC="00000"/>
						<SP ID="P34_SP00162" HPOS="520" VPOS="1051" WIDTH="20"/>
						<String ID="P34_ST00186" HPOS="540" VPOS="1017" WIDTH="101" HEIGHT="34" CONTENT="shapes" WC="0.92" CC="050000"/>
						<SP ID="P34_SP00163" HPOS="641" VPOS="1051" WIDTH="17"/>
						<String ID="P34_ST00187" HPOS="658" VPOS="1024" WIDTH="56" HEIGHT="18" CONTENT="was" WC="0.77" CC="600"/>
						<SP ID="P34_SP00164" HPOS="714" VPOS="1051" WIDTH="21"/>
						<String ID="P34_ST00188" HPOS="735" VPOS="1024" WIDTH="17" HEIGHT="18" CONTENT="a" WC="1.00" CC="0"/>
						<SP ID="P34_SP00165" HPOS="752" VPOS="1051" WIDTH="18"/>
						<String ID="P34_ST00189" HPOS="770" VPOS="1024" WIDTH="68" HEIGHT="25" CONTENT="very" WC="1.00" CC="0000"/>
						<SP ID="P34_SP00166" HPOS="838" VPOS="1051" WIDTH="19"/>
						<String ID="P34_ST00190" HPOS="857" VPOS="1015" WIDTH="101" HEIGHT="34" CONTENT="dreary" WC="0.90" CC="000600"/>
						<SP ID="P34_SP00167" HPOS="958" VPOS="1051" WIDTH="20"/>
						<String ID="P34_ST00191" HPOS="978" VPOS="1016" WIDTH="75" HEIGHT="25" CONTENT="busi" SUBS_TYPE="HypPart1" SUBS_CONTENT="business" WC="0.88" CC="00050"/>
						<HYP CONTENT="-"/>
					</TextLine>
					<TextLine ID="P34_TL00022" HPOS="122" VPOS="1063" WIDTH="930" HEIGHT="35">
						<String ID="P34_ST00192" HPOS="122" VPOS="1073" WIDTH="63" HEIGHT="17" CONTENT="ness" SUBS_TYPE="HypPart2" SUBS_CONTENT="business" WC="1.00" CC="0000"/>
						<SP ID="P34_SP00168" HPOS="185" VPOS="1090" WIDTH="11"/>
						<String ID="P34_ST00193" HPOS="196" VPOS="1073" WIDTH="6" HEIGHT="23" CONTENT=";" WC="0.95" CC="0"/>
						<SP ID="P34_SP00169" HPOS="202" VPOS="1096" WIDTH="18"/>
						<String ID="P34_ST00194" HPOS="220" VPOS="1064" WIDTH="56" HEIGHT="26" CONTENT="and" WC="1.00" CC="000"/>
						<SP ID="P34_SP00170" HPOS="276" VPOS="1096" WIDTH="14"/>
						<String ID="P34_ST00195" HPOS="290" VPOS="1064" WIDTH="21" HEIGHT="26" CONTENT="it" WC="0.69" CC="60"/>
						<SP ID="P34_SP00171" HPOS="311" VPOS="1096" WIDTH="14"/>
						<String ID="P34_ST00196" HPOS="325" VPOS="1064" WIDTH="87" HEIGHT="34" CONTENT="really" WC="0.96" CC="000010"/>
						<SP ID="P34_SP00172" HPOS="412" VPOS="1098" WIDTH="13"/>
						<String ID="P34_ST00197" HPOS="425" VPOS="1073" WIDTH="56" HEIGHT="17" CONTENT="was" WC="1.00" CC="000"/>
						<SP ID="P34_SP00173" HPOS="481" VPOS="1098" WIDTH="14"/>
						<String ID="P34_ST00198" HPOS="495" VPOS="1073" WIDTH="35" HEIGHT="17" CONTENT="an" WC="1.00" CC="00"/>
						<SP ID="P34_SP00174" HPOS="530" VPOS="1098" WIDTH="14"/>
						<String ID="P34_ST00199" HPOS="544" VPOS="1064" WIDTH="81" HEIGHT="26" CONTENT="effort" WC="0.99" CC="000000"/>
						<SP ID="P34_SP00175" HPOS="625" VPOS="1098" WIDTH="11"/>
						<String ID="P34_ST00200" HPOS="636" VPOS="1068" WIDTH="28" HEIGHT="22" CONTENT="to" WC="1.00" CC="00"/>
						<SP ID="P34_SP00176" HPOS="664" VPOS="1098" WIDTH="11"/>
						<String ID="P34_ST00201" HPOS="675" VPOS="1063" WIDTH="99" HEIGHT="27" CONTENT="devote" WC="1.00" CC="000000"/>
						<SP ID="P34_SP00177" HPOS="774" VPOS="1098" WIDTH="10"/>
						<String ID="P34_ST00202" HPOS="784" VPOS="1063" WIDTH="139" HEIGHT="26" CONTENT="attention" WC="0.87" CC="000041600"/>
						<SP ID="P34_SP00178" HPOS="923" VPOS="1098" WIDTH="12"/>
						<String ID="P34_ST00203" HPOS="935" VPOS="1067" WIDTH="30" HEIGHT="22" CONTENT="to" WC="1.00" CC="00"/>
						<SP ID="P34_SP00179" HPOS="965" VPOS="1098" WIDTH="9"/>
						<String ID="P34_ST00204" HPOS="974" VPOS="1063" WIDTH="78" HEIGHT="26" CONTENT="them" WC="0.92" CC="0300"/>
					</TextLine>
					<TextLine ID="P34_TL00023" HPOS="123" VPOS="1111" WIDTH="930" HEIGHT="34">
						<String ID="P34_ST00205" HPOS="123" VPOS="1115" WIDTH="29" HEIGHT="22" CONTENT="at" WC="0.95" CC="01"/>
						<SP ID="P34_SP00180" HPOS="152" VPOS="1137" WIDTH="14"/>
						<String ID="P34_ST00206" HPOS="166" VPOS="1111" WIDTH="42" HEIGHT="26" CONTENT="all." WC="1.00" CC="0000"/>
						<SP ID="P34_SP00181" HPOS="208" VPOS="1137" WIDTH="40"/>
						<String ID="P34_ST00207" HPOS="248" VPOS="1112" WIDTH="28" HEIGHT="25" CONTENT="A" WC="1.00" CC="0"/>
						<SP ID="P34_SP00182" HPOS="276" VPOS="1137" WIDTH="14"/>
						<String ID="P34_ST00208" HPOS="290" VPOS="1112" WIDTH="71" HEIGHT="25" CONTENT="little" WC="0.80" CC="340300"/>
						<SP ID="P34_SP00183" HPOS="361" VPOS="1137" WIDTH="15"/>
						<String ID="P34_ST00209" HPOS="376" VPOS="1112" WIDTH="56" HEIGHT="25" CONTENT="real" WC="1.00" CC="0000"/>
						<SP ID="P34_SP00184" HPOS="432" VPOS="1137" WIDTH="13"/>
						<String ID="P34_ST00210" HPOS="445" VPOS="1112" WIDTH="75" HEIGHT="25" CONTENT="work" WC="0.97" CC="0100"/>
						<SP ID="P34_SP00185" HPOS="520" VPOS="1137" WIDTH="14"/>
						<String ID="P34_ST00211" HPOS="534" VPOS="1112" WIDTH="91" HEIGHT="25" CONTENT="would" WC="0.97" CC="01000"/>
						<SP ID="P34_SP00186" HPOS="625" VPOS="1137" WIDTH="16"/>
						<String ID="P34_ST00212" HPOS="641" VPOS="1112" WIDTH="70" HEIGHT="25" CONTENT="have" WC="0.69" CC="2090"/>
						<SP ID="P34_SP00187" HPOS="711" VPOS="1137" WIDTH="20"/>
						<String ID="P34_ST00213" HPOS="731" VPOS="1111" WIDTH="119" HEIGHT="25" CONTENT="enabled" WC="1.00" CC="0000000"/>
						<SP ID="P34_SP00188" HPOS="850" VPOS="1137" WIDTH="22"/>
						<String ID="P34_ST00214" HPOS="872" VPOS="1119" WIDTH="45" HEIGHT="17" CONTENT="me" WC="1.00" CC="00"/>
						<SP ID="P34_SP00189" HPOS="917" VPOS="1137" WIDTH="20"/>
						<String ID="P34_ST00215" HPOS="937" VPOS="1114" WIDTH="31" HEIGHT="22" CONTENT="to" WC="0.71" CC="50"/>
						<SP ID="P34_SP00190" HPOS="968" VPOS="1137" WIDTH="19"/>
						<String ID="P34_ST00216" HPOS="987" VPOS="1120" WIDTH="66" HEIGHT="25" CONTENT="pass" WC="1.00" CC="0000"/>
					</TextLine>
					<TextLine ID="P34_TL00024" HPOS="122" VPOS="1158" WIDTH="932" HEIGHT="35">
						<String ID="P34_ST00217" HPOS="122" VPOS="1159" WIDTH="46" HEIGHT="26" CONTENT="the" WC="0.82" CC="050"/>
						<SP ID="P34_SP00191" HPOS="168" VPOS="1185" WIDTH="15"/>
						<String ID="P34_ST00218" HPOS="183" VPOS="1159" WIDTH="190" HEIGHT="25" CONTENT="examination" WC="0.87" CC="00070100003"/>
						<SP ID="P34_SP00192" HPOS="373" VPOS="1185" WIDTH="15"/>
						<String ID="P34_ST00219" HPOS="388" VPOS="1159" WIDTH="27" HEIGHT="25" CONTENT="in" WC="0.52" CC="63"/>
						<SP ID="P34_SP00193" HPOS="415" VPOS="1185" WIDTH="15"/>
						<String ID="P34_ST00220" HPOS="430" VPOS="1159" WIDTH="68" HEIGHT="26" CONTENT="each" WC="0.83" CC="0006"/>
						<SP ID="P34_SP00194" HPOS="498" VPOS="1185" WIDTH="19"/>
						<String ID="P34_ST00221" HPOS="517" VPOS="1159" WIDTH="139" HEIGHT="34" CONTENT="language" WC="0.85" CC="20002600"/>
						<SP ID="P34_SP00195" HPOS="656" VPOS="1193" WIDTH="20"/>
						<String ID="P34_ST00222" HPOS="676" VPOS="1159" WIDTH="28" HEIGHT="25" CONTENT="in" WC="0.59" CC="61"/>
						<SP ID="P34_SP00196" HPOS="704" VPOS="1193" WIDTH="20"/>
						<String ID="P34_ST00223" HPOS="724" VPOS="1162" WIDTH="55" HEIGHT="22" CONTENT="two" WC="1.00" CC="000"/>
						<SP ID="P34_SP00197" HPOS="779" VPOS="1193" WIDTH="21"/>
						<String ID="P34_ST00224" HPOS="800" VPOS="1158" WIDTH="120" HEIGHT="32" CONTENT="months," WC="0.99" CC="0000000"/>
						<SP ID="P34_SP00198" HPOS="920" VPOS="1193" WIDTH="20"/>
						<String ID="P34_ST00225" HPOS="940" VPOS="1168" WIDTH="32" HEIGHT="16" CONTENT="or" WC="0.94" CC="01"/>
						<SP ID="P34_SP00199" HPOS="972" VPOS="1193" WIDTH="20"/>
						<String ID="P34_ST00226" HPOS="992" VPOS="1159" WIDTH="62" HEIGHT="26" CONTENT="four" WC="0.79" CC="5020"/>
					</TextLine>
					<TextLine ID="P34_TL00025" HPOS="123" VPOS="1206" WIDTH="929" HEIGHT="34">
						<String ID="P34_ST00227" HPOS="123" VPOS="1206" WIDTH="112" HEIGHT="26" CONTENT="months" WC="0.87" CC="403000"/>
						<SP ID="P34_SP00200" HPOS="235" VPOS="1232" WIDTH="15"/>
						<String ID="P34_ST00228" HPOS="250" VPOS="1206" WIDTH="162" HEIGHT="33" CONTENT="altogether," WC="1.00" CC="00000000000"/>
						<SP ID="P34_SP00201" HPOS="412" VPOS="1239" WIDTH="14"/>
						<String ID="P34_ST00229" HPOS="426" VPOS="1206" WIDTH="121" HEIGHT="26" CONTENT="whereas" WC="0.88" CC="0602000"/>
						<SP ID="P34_SP00202" HPOS="547" VPOS="1239" WIDTH="16"/>
						<String ID="P34_ST00230" HPOS="563" VPOS="1206" WIDTH="12" HEIGHT="26" CONTENT="I" WC="1.00" CC="0"/>
						<SP ID="P34_SP00203" HPOS="575" VPOS="1239" WIDTH="15"/>
						<String ID="P34_ST00231" HPOS="590" VPOS="1206" WIDTH="124" HEIGHT="34" CONTENT="lingered" WC="0.93" CC="05000000"/>
						<SP ID="P34_SP00204" HPOS="714" VPOS="1240" WIDTH="21"/>
						<String ID="P34_ST00232" HPOS="735" VPOS="1206" WIDTH="28" HEIGHT="25" CONTENT="in" WC="0.66" CC="60"/>
						<SP ID="P34_SP00205" HPOS="763" VPOS="1240" WIDTH="21"/>
						<String ID="P34_ST00233" HPOS="784" VPOS="1206" WIDTH="131" HEIGHT="26" CONTENT="Calcutta" WC="0.89" CC="00403000"/>
						<SP ID="P34_SP00206" HPOS="915" VPOS="1240" WIDTH="20"/>
						<String ID="P34_ST00234" HPOS="935" VPOS="1206" WIDTH="42" HEIGHT="27" CONTENT="for" WC="1.00" CC="000"/>
						<SP ID="P34_SP00207" HPOS="977" VPOS="1240" WIDTH="18"/>
						<String ID="P34_ST00235" HPOS="995" VPOS="1210" WIDTH="57" HEIGHT="29" CONTENT="ten," WC="0.64" CC="6033"/>
					</TextLine>
					<TextLine ID="P34_TL00026" HPOS="125" VPOS="1253" WIDTH="704" HEIGHT="33">
						<String ID="P34_ST00236" HPOS="125" VPOS="1254" WIDTH="54" HEIGHT="25" CONTENT="and" WC="0.76" CC="070"/>
						<SP ID="P34_SP00208" HPOS="179" VPOS="1279" WIDTH="16"/>
						<String ID="P34_ST00237" HPOS="195" VPOS="1262" WIDTH="76" HEIGHT="17" CONTENT="some" WC="0.97" CC="0001"/>
						<SP ID="P34_SP00209" HPOS="271" VPOS="1279" WIDTH="14"/>
						<String ID="P34_ST00238" HPOS="285" VPOS="1253" WIDTH="31" HEIGHT="26" CONTENT="of" WC="0.92" CC="01"/>
						<SP ID="P34_SP00210" HPOS="316" VPOS="1279" WIDTH="11"/>
						<String ID="P34_ST00239" HPOS="327" VPOS="1262" WIDTH="48" HEIGHT="24" CONTENT="my" WC="1.00" CC="00"/>
						<SP ID="P34_SP00211" HPOS="375" VPOS="1286" WIDTH="13"/>
						<String ID="P34_ST00240" HPOS="388" VPOS="1254" WIDTH="235" HEIGHT="32" CONTENT="contemporaries" WC="0.90" CC="20200000200600"/>
						<SP ID="P34_SP00212" HPOS="623" VPOS="1286" WIDTH="13"/>
						<String ID="P34_ST00241" HPOS="636" VPOS="1253" WIDTH="43" HEIGHT="26" CONTENT="for" WC="0.94" CC="001"/>
						<SP ID="P34_SP00213" HPOS="679" VPOS="1286" WIDTH="13"/>
						<String ID="P34_ST00242" HPOS="692" VPOS="1253" WIDTH="137" HEIGHT="33" CONTENT="eighteen." WC="0.90" CC="050000002"/>
					</TextLine>
				</TextBlock>
				<TextBlock ID="P34_TB00007" HPOS="122" VPOS="1300" WIDTH="932" HEIGHT="216" STYLEREFS="TXT_0 PAR_LEFT">
					<TextLine ID="P34_TL00027" HPOS="161" VPOS="1300" WIDTH="892" HEIGHT="35">
						<String ID="P34_ST00243" HPOS="161" VPOS="1301" WIDTH="91" HEIGHT="34" CONTENT="Eager" WC="0.89" CC="00005"/>
						<SP ID="P34_SP00214" HPOS="252" VPOS="1335" WIDTH="14"/>
						<String ID="P34_ST00244" HPOS="266" VPOS="1310" WIDTH="29" HEIGHT="17" CONTENT="as" WC="0.66" CC="06"/>
						<SP ID="P34_SP00215" HPOS="295" VPOS="1335" WIDTH="16"/>
						<String ID="P34_ST00245" HPOS="311" VPOS="1300" WIDTH="12" HEIGHT="27" CONTENT="I" WC="1.00" CC="0"/>
						<SP ID="P34_SP00216" HPOS="323" VPOS="1335" WIDTH="15"/>
						<String ID="P34_ST00246" HPOS="338" VPOS="1310" WIDTH="55" HEIGHT="17" CONTENT="was" WC="1.00" CC="000"/>
						<SP ID="P34_SP00217" HPOS="393" VPOS="1335" WIDTH="15"/>
						<String ID="P34_ST00247" HPOS="408" VPOS="1305" WIDTH="29" HEIGHT="22" CONTENT="to" WC="1.00" CC="00"/>
						<SP ID="P34_SP00218" HPOS="437" VPOS="1335" WIDTH="15"/>
						<String ID="P34_ST00248" HPOS="452" VPOS="1300" WIDTH="63" HEIGHT="27" CONTENT="rush" WC="0.90" CC="0300"/>
						<SP ID="P34_SP00219" HPOS="515" VPOS="1335" WIDTH="15"/>
						<String ID="P34_ST00249" HPOS="530" VPOS="1310" WIDTH="37" HEIGHT="24" CONTENT="up" WC="1.00" CC="00"/>
						<SP ID="P34_SP00220" HPOS="567" VPOS="1335" WIDTH="14"/>
						<String ID="P34_ST00250" HPOS="581" VPOS="1305" WIDTH="119" HEIGHT="29" CONTENT="country" WC="1.00" CC="0000000"/>
						<SP ID="P34_SP00221" HPOS="700" VPOS="1335" WIDTH="14"/>
						<String ID="P34_ST00251" HPOS="714" VPOS="1304" WIDTH="28" HEIGHT="23" CONTENT="at" WC="1.00" CC="00"/>
						<SP ID="P34_SP00222" HPOS="742" VPOS="1335" WIDTH="20"/>
						<String ID="P34_ST00252" HPOS="762" VPOS="1300" WIDTH="125" HEIGHT="35" CONTENT="starting," WC="0.80" CC="020321403"/>
						<SP ID="P34_SP00223" HPOS="887" VPOS="1335" WIDTH="15"/>
						<String ID="P34_ST00253" HPOS="902" VPOS="1301" WIDTH="82" HEIGHT="27" CONTENT="when" WC="0.94" CC="0002"/>
						<SP ID="P34_SP00224" HPOS="984" VPOS="1335" WIDTH="21"/>
						<String ID="P34_ST00254" HPOS="1005" VPOS="1302" WIDTH="48" HEIGHT="26" CONTENT="the" WC="0.76" CC="070"/>
					</TextLine>
					<TextLine ID="P34_TL00028" HPOS="123" VPOS="1348" WIDTH="930" HEIGHT="34">
						<String ID="P34_ST00255" HPOS="123" VPOS="1349" WIDTH="68" HEIGHT="25" CONTENT="time" WC="1.00" CC="0000"/>
						<SP ID="P34_SP00225" HPOS="191" VPOS="1374" WIDTH="15"/>
						<String ID="P34_ST00256" HPOS="206" VPOS="1348" WIDTH="121" HEIGHT="34" CONTENT="actually" WC="0.96" CC="00000030"/>
						<SP ID="P34_SP00226" HPOS="327" VPOS="1382" WIDTH="14"/>
						<String ID="P34_ST00257" HPOS="341" VPOS="1357" WIDTH="79" HEIGHT="17" CONTENT="came" WC="0.93" CC="2000"/>
						<SP ID="P34_SP00227" HPOS="420" VPOS="1382" WIDTH="13"/>
						<String ID="P34_ST00258" HPOS="433" VPOS="1348" WIDTH="42" HEIGHT="26" CONTENT="for" WC="1.00" CC="000"/>
						<SP ID="P34_SP00228" HPOS="475" VPOS="1382" WIDTH="13"/>
						<String ID="P34_ST00259" HPOS="488" VPOS="1357" WIDTH="49" HEIGHT="25" CONTENT="my" WC="1.00" CC="00"/>
						<SP ID="P34_SP00229" HPOS="537" VPOS="1382" WIDTH="13"/>
						<String ID="P34_ST00260" HPOS="550" VPOS="1348" WIDTH="148" HEIGHT="34" CONTENT="departure" WC="1.00" CC="000000000"/>
						<SP ID="P34_SP00230" HPOS="698" VPOS="1382" WIDTH="21"/>
						<String ID="P34_ST00261" HPOS="719" VPOS="1348" WIDTH="70" HEIGHT="26" CONTENT="from" WC="0.96" CC="1000"/>
						<SP ID="P34_SP00231" HPOS="789" VPOS="1382" WIDTH="22"/>
						<String ID="P34_ST00262" HPOS="811" VPOS="1348" WIDTH="130" HEIGHT="27" CONTENT="Calcutta" WC="0.98" CC="00000100"/>
						<SP ID="P34_SP00232" HPOS="941" VPOS="1382" WIDTH="22"/>
						<String ID="P34_ST00263" HPOS="963" VPOS="1350" WIDTH="12" HEIGHT="25" CONTENT="I" WC="1.00" CC="0"/>
						<SP ID="P34_SP00233" HPOS="975" VPOS="1382" WIDTH="21"/>
						<String ID="P34_ST00264" HPOS="996" VPOS="1358" WIDTH="57" HEIGHT="18" CONTENT="was" WC="0.67" CC="900"/>
					</TextLine>
					<TextLine ID="P34_TL00029" HPOS="124" VPOS="1395" WIDTH="930" HEIGHT="34">
						<String ID="P34_ST00265" HPOS="124" VPOS="1405" WIDTH="67" HEIGHT="24" CONTENT="very" WC="1.00" CC="0000"/>
						<SP ID="P34_SP00234" HPOS="191" VPOS="1429" WIDTH="14"/>
						<String ID="P34_ST00266" HPOS="205" VPOS="1395" WIDTH="58" HEIGHT="27" CONTENT="loth" WC="0.82" CC="4002"/>
						<SP ID="P34_SP00235" HPOS="263" VPOS="1429" WIDTH="14"/>
						<String ID="P34_ST00267" HPOS="277" VPOS="1400" WIDTH="30" HEIGHT="22" CONTENT="to" WC="0.83" CC="03"/>
						<SP ID="P34_SP00236" HPOS="307" VPOS="1429" WIDTH="13"/>
						<String ID="P34_ST00268" HPOS="320" VPOS="1404" WIDTH="44" HEIGHT="25" CONTENT="go," WC="0.91" CC="002"/>
						<SP ID="P34_SP00237" HPOS="364" VPOS="1429" WIDTH="16"/>
						<String ID="P34_ST00269" HPOS="380" VPOS="1395" WIDTH="41" HEIGHT="27" CONTENT="for" WC="1.00" CC="000"/>
						<SP ID="P34_SP00238" HPOS="421" VPOS="1429" WIDTH="15"/>
						<String ID="P34_ST00270" HPOS="436" VPOS="1395" WIDTH="12" HEIGHT="26" CONTENT="I" WC="1.00" CC="0"/>
						<SP ID="P34_SP00239" HPOS="448" VPOS="1429" WIDTH="15"/>
						<String ID="P34_ST00271" HPOS="463" VPOS="1395" WIDTH="56" HEIGHT="27" CONTENT="had" WC="0.79" CC="600"/>
						<SP ID="P34_SP00240" HPOS="519" VPOS="1429" WIDTH="15"/>
						<String ID="P34_ST00272" HPOS="534" VPOS="1396" WIDTH="82" HEIGHT="26" CONTENT="made" WC="1.00" CC="0000"/>
						<SP ID="P34_SP00241" HPOS="616" VPOS="1429" WIDTH="15"/>
						<String ID="P34_ST00273" HPOS="631" VPOS="1404" WIDTH="86" HEIGHT="25" CONTENT="many" WC="1.00" CC="0000"/>
						<SP ID="P34_SP00242" HPOS="717" VPOS="1429" WIDTH="14"/>
						<String ID="P34_ST00274" HPOS="731" VPOS="1395" WIDTH="104" HEIGHT="27" CONTENT="friends" WC="0.91" CC="0050000"/>
						<SP ID="P34_SP00243" HPOS="835" VPOS="1429" WIDTH="14"/>
						<String ID="P34_ST00275" HPOS="849" VPOS="1396" WIDTH="92" HEIGHT="26" CONTENT="whom" WC="0.84" CC="0600"/>
						<SP ID="P34_SP00244" HPOS="941" VPOS="1429" WIDTH="22"/>
						<String ID="P34_ST00276" HPOS="963" VPOS="1396" WIDTH="13" HEIGHT="26" CONTENT="I" WC="1.00" CC="0"/>
						<SP ID="P34_SP00245" HPOS="976" VPOS="1429" WIDTH="21"/>
						<String ID="P34_ST00277" HPOS="997" VPOS="1405" WIDTH="57" HEIGHT="18" CONTENT="was" WC="0.67" CC="900"/>
					</TextLine>
					<TextLine ID="P34_TL00030" HPOS="123" VPOS="1443" WIDTH="931" HEIGHT="34">
						<String ID="P34_ST00278" HPOS="123" VPOS="1452" WIDTH="78" HEIGHT="25" CONTENT="sorry" WC="1.00" CC="00000"/>
						<SP ID="P34_SP00246" HPOS="201" VPOS="1477" WIDTH="14"/>
						<String ID="P34_ST00279" HPOS="215" VPOS="1447" WIDTH="29" HEIGHT="22" CONTENT="to" WC="1.00" CC="00"/>
						<SP ID="P34_SP00247" HPOS="244" VPOS="1477" WIDTH="14"/>
						<String ID="P34_ST00280" HPOS="258" VPOS="1443" WIDTH="85" HEIGHT="32" CONTENT="leave," WC="0.90" CC="600000"/>
						<SP ID="P34_SP00248" HPOS="343" VPOS="1477" WIDTH="15"/>
						<String ID="P34_ST00281" HPOS="358" VPOS="1444" WIDTH="55" HEIGHT="25" CONTENT="and" WC="0.96" CC="010"/>
						<SP ID="P34_SP00249" HPOS="413" VPOS="1477" WIDTH="16"/>
						<String ID="P34_ST00282" HPOS="429" VPOS="1444" WIDTH="11" HEIGHT="25" CONTENT="I" WC="1.00" CC="0"/>
						<SP ID="P34_SP00250" HPOS="440" VPOS="1477" WIDTH="16"/>
						<String ID="P34_ST00283" HPOS="456" VPOS="1443" WIDTH="56" HEIGHT="26" CONTENT="had" WC="0.95" CC="100"/>
						<SP ID="P34_SP00251" HPOS="512" VPOS="1477" WIDTH="14"/>
						<String ID="P34_ST00284" HPOS="526" VPOS="1443" WIDTH="60" HEIGHT="26" CONTENT="also" WC="1.00" CC="0000"/>
						<SP ID="P34_SP00252" HPOS="586" VPOS="1477" WIDTH="14"/>
						<String ID="P34_ST00285" HPOS="600" VPOS="1443" WIDTH="85" HEIGHT="26" CONTENT="heard" WC="0.90" CC="50000"/>
						<SP ID="P34_SP00253" HPOS="685" VPOS="1477" WIDTH="14"/>
						<String ID="P34_ST00286" HPOS="699" VPOS="1451" WIDTH="86" HEIGHT="26" CONTENT="many" WC="1.00" CC="0000"/>
						<SP ID="P34_SP00254" HPOS="785" VPOS="1477" WIDTH="11"/>
						<String ID="P34_ST00287" HPOS="796" VPOS="1443" WIDTH="94" HEIGHT="34" CONTENT="things" WC="0.89" CC="060000"/>
						<SP ID="P34_SP00255" HPOS="890" VPOS="1477" WIDTH="15"/>
						<String ID="P34_ST00288" HPOS="905" VPOS="1444" WIDTH="87" HEIGHT="26" CONTENT="about" WC="0.90" CC="00040"/>
						<SP ID="P34_SP00256" HPOS="992" VPOS="1477" WIDTH="14"/>
						<String ID="P34_ST00289" HPOS="1006" VPOS="1444" WIDTH="48" HEIGHT="27" CONTENT="the" WC="0.80" CC="050"/>
					</TextLine>
					<TextLine ID="P34_TL00031" HPOS="123" VPOS="1491" WIDTH="446" HEIGHT="25">
						<String ID="P34_ST00290" HPOS="123" VPOS="1491" WIDTH="110" HEIGHT="25" CONTENT="dulness" WC="0.83" CC="6050000"/>
						<SP ID="P34_SP00257" HPOS="233" VPOS="1516" WIDTH="15"/>
						<String ID="P34_ST00291" HPOS="248" VPOS="1491" WIDTH="31" HEIGHT="25" CONTENT="of" WC="0.73" CC="05"/>
						<SP ID="P34_SP00258" HPOS="279" VPOS="1516" WIDTH="9"/>
						<String ID="P34_ST00292" HPOS="288" VPOS="1491" WIDTH="46" HEIGHT="25" CONTENT="life" WC="0.95" CC="0010"/>
						<SP ID="P34_SP00259" HPOS="334" VPOS="1516" WIDTH="14"/>
						<String ID="P34_ST00293" HPOS="348" VPOS="1491" WIDTH="27" HEIGHT="25" CONTENT="in" WC="1.00" CC="00"/>
						<SP ID="P34_SP00260" HPOS="375" VPOS="1516" WIDTH="13"/>
						<String ID="P34_ST00294" HPOS="388" VPOS="1491" WIDTH="48" HEIGHT="25" CONTENT="the" WC="0.90" CC="020"/>
						<SP ID="P34_SP00261" HPOS="436" VPOS="1516" WIDTH="13"/>
						<String ID="P34_ST00295" HPOS="449" VPOS="1491" WIDTH="120" HEIGHT="25" CONTENT="interior." WC="0.87" CC="510000030"/>
					</TextLine>
				</TextBlock>
				<TextBlock ID="P34_TB00008" HPOS="161" VPOS="1537" WIDTH="893" HEIGHT="35" STYLEREFS="TXT_0 PAR_CENTER">
					<TextLine ID="P34_TL00032" HPOS="161" VPOS="1538" WIDTH="893" HEIGHT="34">
						<String ID="P34_ST00296" HPOS="161" VPOS="1538" WIDTH="130" HEIGHT="34" CONTENT="Spence's" WC="1.00" CC="00000000"/>
						<SP ID="P34_SP00262" HPOS="291" VPOS="1572" WIDTH="16"/>
						<String ID="P34_ST00297" HPOS="307" VPOS="1538" WIDTH="95" HEIGHT="33" CONTENT="Hotel," WC="0.89" CC="600000"/>
						<SP ID="P34_SP00263" HPOS="402" VPOS="1572" WIDTH="11"/>
						<String ID="P34_ST00298" HPOS="413" VPOS="1538" WIDTH="107" HEIGHT="34" CONTENT="though" WC="0.60" CC="560083"/>
						<SP ID="P34_SP00264" HPOS="520" VPOS="1572" WIDTH="14"/>
						<String ID="P34_ST00299" HPOS="534" VPOS="1538" WIDTH="95" HEIGHT="34" CONTENT="cheap," WC="1.00" CC="000000"/>
						<SP ID="P34_SP00265" HPOS="629" VPOS="1572" WIDTH="14"/>
						<String ID="P34_ST00300" HPOS="643" VPOS="1548" WIDTH="56" HEIGHT="17" CONTENT="was" WC="1.00" CC="000"/>
						<SP ID="P34_SP00266" HPOS="699" VPOS="1572" WIDTH="15"/>
						<String ID="P34_ST00301" HPOS="714" VPOS="1542" WIDTH="49" HEIGHT="23" CONTENT="not" WC="0.81" CC="400"/>
						<SP ID="P34_SP00267" HPOS="763" VPOS="1572" WIDTH="14"/>
						<String ID="P34_ST00302" HPOS="777" VPOS="1538" WIDTH="47" HEIGHT="27" CONTENT="the" WC="0.83" CC="400"/>
						<SP ID="P34_SP00268" HPOS="824" VPOS="1572" WIDTH="15"/>
						<String ID="P34_ST00303" HPOS="839" VPOS="1543" WIDTH="74" HEIGHT="22" CONTENT="most" WC="1.00" CC="0000"/>
						<SP ID="P34_SP00269" HPOS="913" VPOS="1572" WIDTH="10"/>
						<String ID="P34_ST00304" HPOS="923" VPOS="1539" WIDTH="131" HEIGHT="27" CONTENT="comfort-" WC="0.98" CC="00000000"/>
					</TextLine>
				</TextBlock>
			</PrintSpace>
		</Page>
	</Layout>
</alto>
