<?xml version="1.0" encoding="UTF-8"?>
<alto xmlns:xsi="http://www.w3.org/2001/XMLSchema-instance" xsi:noNamespaceSchemaLocation="http://www.bl.uk/schemas/alto/alto-1-4.xsd" xmlns:xlink="http://www.w3.org/1999/xlink">
	<Description>
		<MeasurementUnit>mm10</MeasurementUnit>
		<sourceImageInformation>
			<fileName>//head1/IN/2008-11/A0011351408.1/007182.jp2</fileName>
		</sourceImageInformation>
		<OCRProcessing ID="OCRPROCESSING_1">
			<preProcessingStep>
				<processingSoftware>
					<softwareCreator>CCS Content Conversion Specialists GmbH, Germany</softwareCreator>
					<softwareName>CCS docWORKS</softwareName>
					<softwareVersion>6.1-0.67</softwareVersion>
				</processingSoftware>
			</preProcessingStep>
			<ocrProcessingStep>
				<processingSoftware>
					<softwareCreator>ABBYY (BIT Software), Russia</softwareCreator>
					<softwareName>Finereader</softwareName>
				</processingSoftware>
			</ocrProcessingStep>
		</OCRProcessing>
	</Description>
	<Styles>
		<TextStyle ID="TXT_0" FONTSIZE="9" FONTFAMILY="Courier New"/>
		<TextStyle ID="TXT_1" FONTSIZE="11" FONTFAMILY="Courier New"/>
		<ParagraphStyle ID="PAR_CENTER" ALIGN="Center"/>
		<ParagraphStyle ID="PAR_LEFT" ALIGN="Left"/>
	</Styles>
	<Layout>
		<Page ID="P98" PHYSICAL_IMG_NR="98" HEIGHT="1706" WIDTH="1150" PRINTED_IMG_NR="90" POSITION="Left" ACCURACY="90.65">
			<TopMargin ID="P98_TM00001" HPOS="0" VPOS="0" WIDTH="1149" HEIGHT="146">
				<TextBlock ID="P98_TB00001" HPOS="366" VPOS="103" WIDTH="383" HEIGHT="43" STYLEREFS="TXT_0 PAR_CENTER">
					<TextLine ID="P98_TL00001" HPOS="368" VPOS="105" WIDTH="381" HEIGHT="41">
						<String ID="P98_ST00001" HPOS="368" VPOS="107" WIDTH="75" HEIGHT="39" CONTENT="Life" WC="0.88" CC="0004"/>
						<SP ID="P98_SP00001" HPOS="443" VPOS="146" WIDTH="22"/>
						<String ID="P98_ST00002" HPOS="465" VPOS="107" WIDTH="32" HEIGHT="31" CONTENT="iu" WC="0.50" CC="09"/>
						<SP ID="P98_SP00002" HPOS="497" VPOS="146" WIDTH="25"/>
						<String ID="P98_ST00003" HPOS="522" VPOS="106" WIDTH="49" HEIGHT="31" CONTENT="the" WC="1.00" CC="000"/>
						<SP ID="P98_SP00003" HPOS="571" VPOS="146" WIDTH="20"/>
						<String ID="P98_ST00004" HPOS="591" VPOS="105" WIDTH="158" HEIGHT="40" CONTENT="Mofussil." WC="0.85" CC="030250010"/>
					</TextLine>
				</TextBlock>
				<TextBlock ID="P98_TB00002" HPOS="101" VPOS="116" WIDTH="40" HEIGHT="27" STYLEREFS="TXT_1 PAR_LEFT">
					<TextLine ID="P98_TL00002" HPOS="101" VPOS="116" WIDTH="40" HEIGHT="27">
						<String ID="P98_ST00005" HPOS="101" VPOS="116" WIDTH="40" HEIGHT="27" CONTENT="90" WC="1.00" CC="00"/>
					</TextLine>
				</TextBlock>
			</TopMargin>
			<LeftMargin ID="P98_LM00001" HPOS="0" VPOS="145" WIDTH="98" HEIGHT="1445"/>
			<RightMargin ID="P98_RM00001" HPOS="1036" VPOS="145" WIDTH="113" HEIGHT="1445"/>
			<BottomMargin ID="P98_BM00001" HPOS="0" VPOS="1590" WIDTH="1149" HEIGHT="116"/>
			<PrintSpace ID="P98_PS00001" HPOS="98" VPOS="145" WIDTH="938" HEIGHT="1445">
				<TextBlock ID="P98_TB00003" HPOS="99" VPOS="184" WIDTH="931" HEIGHT="323" STYLEREFS="TXT_0 PAR_LEFT">
					<TextLine ID="P98_TL00003" HPOS="101" VPOS="186" WIDTH="929" HEIGHT="40">
						<String ID="P98_ST00006" HPOS="101" VPOS="201" WIDTH="71" HEIGHT="17" CONTENT="were" WC="1.00" CC="0000"/>
						<SP ID="P98_SP00004" HPOS="172" VPOS="218" WIDTH="19"/>
						<String ID="P98_ST00007" HPOS="191" VPOS="192" WIDTH="80" HEIGHT="34" CONTENT="given" WC="0.73" CC="81200"/>
						<SP ID="P98_SP00005" HPOS="271" VPOS="226" WIDTH="15"/>
						<String ID="P98_ST00008" HPOS="286" VPOS="193" WIDTH="131" HEIGHT="33" CONTENT="verbally," WC="0.84" CC="000045003"/>
						<SP ID="P98_SP00006" HPOS="417" VPOS="226" WIDTH="15"/>
						<String ID="P98_ST00009" HPOS="432" VPOS="192" WIDTH="55" HEIGHT="26" CONTENT="and" WC="1.00" CC="000"/>
						<SP ID="P98_SP00007" HPOS="487" VPOS="226" WIDTH="19"/>
						<String ID="P98_ST00010" HPOS="506" VPOS="191" WIDTH="110" HEIGHT="27" CONTENT="written" WC="0.86" CC="0270000"/>
						<SP ID="P98_SP00008" HPOS="616" VPOS="226" WIDTH="22"/>
						<String ID="P98_ST00011" HPOS="638" VPOS="190" WIDTH="82" HEIGHT="26" CONTENT="down" WC="1.00" CC="0000"/>
						<SP ID="P98_SP00009" HPOS="720" VPOS="226" WIDTH="20"/>
						<String ID="P98_ST00012" HPOS="740" VPOS="189" WIDTH="39" HEIGHT="34" CONTENT="by" WC="1.00" CC="00"/>
						<SP ID="P98_SP00010" HPOS="779" VPOS="226" WIDTH="19"/>
						<String ID="P98_ST00013" HPOS="798" VPOS="187" WIDTH="48" HEIGHT="27" CONTENT="the" WC="0.78" CC="060"/>
						<SP ID="P98_SP00011" HPOS="846" VPOS="226" WIDTH="20"/>
						<String ID="P98_ST00014" HPOS="866" VPOS="191" WIDTH="55" HEIGHT="22" CONTENT="two" WC="0.93" CC="100"/>
						<SP ID="P98_SP00012" HPOS="921" VPOS="226" WIDTH="21"/>
						<String ID="P98_ST00015" HPOS="942" VPOS="186" WIDTH="88" HEIGHT="26" CONTENT="clerks" WC="0.84" CC="230004"/>
					</TextLine>
					<TextLine ID="P98_TL00004" HPOS="102" VPOS="233" WIDTH="928" HEIGHT="40">
						<String ID="P98_ST00016" HPOS="102" VPOS="238" WIDTH="62" HEIGHT="27" CONTENT="who" WC="0.61" CC="064"/>
						<SP ID="P98_SP00013" HPOS="164" VPOS="265" WIDTH="13"/>
						<String ID="P98_ST00017" HPOS="177" VPOS="248" WIDTH="70" HEIGHT="17" CONTENT="were" WC="1.00" CC="0000"/>
						<SP ID="P98_SP00014" HPOS="247" VPOS="265" WIDTH="13"/>
						<String ID="P98_ST00018" HPOS="260" VPOS="243" WIDTH="50" HEIGHT="22" CONTENT="not" WC="1.00" CC="000"/>
						<SP ID="P98_SP00015" HPOS="310" VPOS="265" WIDTH="13"/>
						<String ID="P98_ST00019" HPOS="323" VPOS="239" WIDTH="150" HEIGHT="34" CONTENT="employed" WC="1.00" CC="00000000"/>
						<SP ID="P98_SP00016" HPOS="473" VPOS="273" WIDTH="14"/>
						<String ID="P98_ST00020" HPOS="487" VPOS="239" WIDTH="28" HEIGHT="26" CONTENT="in" WC="0.70" CC="50"/>
						<SP ID="P98_SP00017" HPOS="515" VPOS="273" WIDTH="15"/>
						<String ID="P98_ST00021" HPOS="530" VPOS="237" WIDTH="116" HEIGHT="35" CONTENT="reading" WC="0.90" CC="0000600"/>
						<SP ID="P98_SP00018" HPOS="646" VPOS="273" WIDTH="14"/>
						<String ID="P98_ST00022" HPOS="660" VPOS="237" WIDTH="48" HEIGHT="26" CONTENT="the" WC="1.00" CC="000"/>
						<SP ID="P98_SP00019" HPOS="708" VPOS="273" WIDTH="21"/>
						<String ID="P98_ST00023" HPOS="729" VPOS="239" WIDTH="107" HEIGHT="31" CONTENT="reports" WC="0.95" CC="3000000"/>
						<SP ID="P98_SP00020" HPOS="836" VPOS="273" WIDTH="11"/>
						<String ID="P98_ST00024" HPOS="847" VPOS="243" WIDTH="6" HEIGHT="24" CONTENT=";" WC="0.60" CC="3"/>
						<SP ID="P98_SP00021" HPOS="853" VPOS="273" WIDTH="24"/>
						<String ID="P98_ST00025" HPOS="877" VPOS="233" WIDTH="57" HEIGHT="27" CONTENT="and" WC="0.89" CC="030"/>
						<SP ID="P98_SP00022" HPOS="934" VPOS="273" WIDTH="14"/>
						<String ID="P98_ST00026" HPOS="948" VPOS="233" WIDTH="82" HEIGHT="26" CONTENT="when" WC="0.83" CC="0501"/>
					</TextLine>
					<TextLine ID="P98_TL00005" HPOS="101" VPOS="282" WIDTH="929" HEIGHT="38">
						<String ID="P98_ST00027" HPOS="101" VPOS="286" WIDTH="47" HEIGHT="27" CONTENT="the" WC="0.84" CC="040"/>
						<SP ID="P98_SP00023" HPOS="148" VPOS="313" WIDTH="13"/>
						<String ID="P98_ST00028" HPOS="161" VPOS="286" WIDTH="88" HEIGHT="27" CONTENT="whole" WC="0.74" CC="07050"/>
						<SP ID="P98_SP00024" HPOS="249" VPOS="313" WIDTH="12"/>
						<String ID="P98_ST00029" HPOS="261" VPOS="296" WIDTH="71" HEIGHT="17" CONTENT="were" WC="0.98" CC="0000"/>
						<SP ID="P98_SP00025" HPOS="332" VPOS="313" WIDTH="14"/>
						<String ID="P98_ST00030" HPOS="346" VPOS="287" WIDTH="125" HEIGHT="31" CONTENT="finished," WC="0.91" CC="000004001"/>
						<SP ID="P98_SP00026" HPOS="471" VPOS="318" WIDTH="11"/>
						<String ID="P98_ST00031" HPOS="482" VPOS="286" WIDTH="49" HEIGHT="26" CONTENT="the" WC="0.75" CC="070"/>
						<SP ID="P98_SP00027" HPOS="531" VPOS="318" WIDTH="14"/>
						<String ID="P98_ST00032" HPOS="545" VPOS="289" WIDTH="113" HEIGHT="31" CONTENT="reports," WC="0.98" CC="00001000"/>
						<SP ID="P98_SP00028" HPOS="658" VPOS="320" WIDTH="11"/>
						<String ID="P98_ST00033" HPOS="669" VPOS="284" WIDTH="67" HEIGHT="27" CONTENT="with" WC="0.69" CC="0506"/>
						<SP ID="P98_SP00029" HPOS="736" VPOS="320" WIDTH="13"/>
						<String ID="P98_ST00034" HPOS="749" VPOS="283" WIDTH="48" HEIGHT="26" CONTENT="the" WC="0.88" CC="030"/>
						<SP ID="P98_SP00030" HPOS="797" VPOS="320" WIDTH="15"/>
						<String ID="P98_ST00035" HPOS="812" VPOS="282" WIDTH="94" HEIGHT="27" CONTENT="orders" WC="1.00" CC="000000"/>
						<SP ID="P98_SP00031" HPOS="906" VPOS="320" WIDTH="14"/>
						<String ID="P98_ST00036" HPOS="920" VPOS="282" WIDTH="110" HEIGHT="25" CONTENT="written" WC="0.93" CC="0040000"/>
					</TextLine>
					<TextLine ID="P98_TL00006" HPOS="101" VPOS="327" WIDTH="929" HEIGHT="41">
						<String ID="P98_ST00037" HPOS="101" VPOS="342" WIDTH="36" HEIGHT="17" CONTENT="on" WC="1.00" CC="00"/>
						<SP ID="P98_SP00032" HPOS="137" VPOS="359" WIDTH="23"/>
						<String ID="P98_ST00038" HPOS="160" VPOS="333" WIDTH="83" HEIGHT="32" CONTENT="them," WC="0.94" CC="00003"/>
						<SP ID="P98_SP00033" HPOS="243" VPOS="365" WIDTH="19"/>
						<String ID="P98_ST00039" HPOS="262" VPOS="342" WIDTH="70" HEIGHT="18" CONTENT="were" WC="1.00" CC="0000"/>
						<SP ID="P98_SP00034" HPOS="332" VPOS="365" WIDTH="21"/>
						<String ID="P98_ST00040" HPOS="353" VPOS="334" WIDTH="99" HEIGHT="34" CONTENT="placed" WC="0.84" CC="900000"/>
						<SP ID="P98_SP00035" HPOS="452" VPOS="368" WIDTH="21"/>
						<String ID="P98_ST00041" HPOS="473" VPOS="333" WIDTH="95" HEIGHT="26" CONTENT="before" WC="1.00" CC="000000"/>
						<SP ID="P98_SP00036" HPOS="568" VPOS="368" WIDTH="23"/>
						<String ID="P98_ST00042" HPOS="591" VPOS="331" WIDTH="126" HEIGHT="28" CONTENT="Darville" WC="0.94" CC="00004000"/>
						<SP ID="P98_SP00037" HPOS="717" VPOS="368" WIDTH="21"/>
						<String ID="P98_ST00043" HPOS="738" VPOS="331" WIDTH="42" HEIGHT="26" CONTENT="for" WC="1.00" CC="000"/>
						<SP ID="P98_SP00038" HPOS="780" VPOS="368" WIDTH="22"/>
						<String ID="P98_ST00044" HPOS="802" VPOS="331" WIDTH="150" HEIGHT="33" CONTENT="signature," WC="0.86" CC="0602001001"/>
						<SP ID="P98_SP00039" HPOS="952" VPOS="368" WIDTH="22"/>
						<String ID="P98_ST00045" HPOS="974" VPOS="327" WIDTH="56" HEIGHT="26" CONTENT="and" WC="1.00" CC="000"/>
					</TextLine>
					<TextLine ID="P98_TL00007" HPOS="100" VPOS="375" WIDTH="930" HEIGHT="40">
						<String ID="P98_ST00046" HPOS="100" VPOS="381" WIDTH="105" HEIGHT="26" CONTENT="formed" WC="1.00" CC="000000"/>
						<SP ID="P98_SP00040" HPOS="205" VPOS="407" WIDTH="16"/>
						<String ID="P98_ST00047" HPOS="221" VPOS="390" WIDTH="16" HEIGHT="17" CONTENT="a" WC="1.00" CC="0"/>
						<SP ID="P98_SP00041" HPOS="237" VPOS="407" WIDTH="12"/>
						<String ID="P98_ST00048" HPOS="249" VPOS="381" WIDTH="71" HEIGHT="34" CONTENT="heap" WC="0.86" CC="3010"/>
						<SP ID="P98_SP00042" HPOS="320" VPOS="415" WIDTH="15"/>
						<String ID="P98_ST00049" HPOS="335" VPOS="381" WIDTH="85" HEIGHT="26" CONTENT="about" WC="1.00" CC="00000"/>
						<SP ID="P98_SP00043" HPOS="420" VPOS="415" WIDTH="14"/>
						<String ID="P98_ST00050" HPOS="434" VPOS="385" WIDTH="55" HEIGHT="22" CONTENT="two" WC="0.98" CC="000"/>
						<SP ID="P98_SP00044" HPOS="489" VPOS="415" WIDTH="19"/>
						<String ID="P98_ST00051" HPOS="508" VPOS="381" WIDTH="56" HEIGHT="26" CONTENT="feet" WC="1.00" CC="0000"/>
						<SP ID="P98_SP00045" HPOS="564" VPOS="415" WIDTH="19"/>
						<String ID="P98_ST00052" HPOS="583" VPOS="380" WIDTH="75" HEIGHT="34" CONTENT="high." WC="0.83" CC="06001"/>
						<SP ID="P98_SP00046" HPOS="658" VPOS="415" WIDTH="38"/>
						<String ID="P98_ST00053" HPOS="696" VPOS="379" WIDTH="63" HEIGHT="26" CONTENT="The" WC="0.77" CC="060"/>
						<SP ID="P98_SP00047" HPOS="759" VPOS="415" WIDTH="20"/>
						<String ID="P98_ST00054" HPOS="779" VPOS="378" WIDTH="90" HEIGHT="26" CONTENT="clerks" WC="0.95" CC="030000"/>
						<SP ID="P98_SP00048" HPOS="869" VPOS="415" WIDTH="14"/>
						<String ID="P98_ST00055" HPOS="883" VPOS="386" WIDTH="72" HEIGHT="17" CONTENT="were" WC="0.75" CC="9000"/>
						<SP ID="P98_SP00049" HPOS="955" VPOS="415" WIDTH="19"/>
						<String ID="P98_ST00056" HPOS="974" VPOS="375" WIDTH="56" HEIGHT="27" CONTENT="dis" SUBS_TYPE="HypPart1" SUBS_CONTENT="dismissed," WC="0.78" CC="0502"/>
						<HYP CONTENT="-"/>
					</TextLine>
					<TextLine ID="P98_TL00008" HPOS="100" VPOS="424" WIDTH="930" HEIGHT="37">
						<String ID="P98_ST00057" HPOS="100" VPOS="429" WIDTH="109" HEIGHT="30" CONTENT="missed," SUBS_TYPE="HypPart2" SUBS_CONTENT="dismissed," WC="0.88" CC="0400003"/>
						<SP ID="P98_SP00050" HPOS="209" VPOS="459" WIDTH="14"/>
						<String ID="P98_ST00058" HPOS="223" VPOS="429" WIDTH="55" HEIGHT="25" CONTENT="and" WC="0.83" CC="050"/>
						<SP ID="P98_SP00051" HPOS="278" VPOS="459" WIDTH="15"/>
						<String ID="P98_ST00059" HPOS="293" VPOS="428" WIDTH="131" HEIGHT="31" CONTENT="Darville," WC="0.88" CC="000050500"/>
						<SP ID="P98_SP00052" HPOS="424" VPOS="459" WIDTH="14"/>
						<String ID="P98_ST00060" HPOS="438" VPOS="427" WIDTH="71" HEIGHT="26" CONTENT="after" WC="0.99" CC="00000"/>
						<SP ID="P98_SP00053" HPOS="509" VPOS="459" WIDTH="13"/>
						<String ID="P98_ST00061" HPOS="522" VPOS="427" WIDTH="135" HEIGHT="34" CONTENT="devoting" WC="1.00" CC="00000000"/>
						<SP ID="P98_SP00054" HPOS="657" VPOS="461" WIDTH="18"/>
						<String ID="P98_ST00062" HPOS="675" VPOS="431" WIDTH="48" HEIGHT="22" CONTENT="ten" WC="1.00" CC="000"/>
						<SP ID="P98_SP00055" HPOS="723" VPOS="461" WIDTH="14"/>
						<String ID="P98_ST00063" HPOS="737" VPOS="426" WIDTH="121" HEIGHT="26" CONTENT="minutes" WC="0.91" CC="0510000"/>
						<SP ID="P98_SP00056" HPOS="858" VPOS="461" WIDTH="15"/>
						<String ID="P98_ST00064" HPOS="873" VPOS="428" WIDTH="29" HEIGHT="22" CONTENT="to" WC="1.00" CC="00"/>
						<SP ID="P98_SP00057" HPOS="902" VPOS="461" WIDTH="15"/>
						<String ID="P98_ST00065" HPOS="917" VPOS="433" WIDTH="16" HEIGHT="17" CONTENT="a" WC="0.20" CC="7"/>
						<SP ID="P98_SP00058" HPOS="933" VPOS="461" WIDTH="14"/>
						<String ID="P98_ST00066" HPOS="947" VPOS="424" WIDTH="83" HEIGHT="33" CONTENT="hasty" WC="1.00" CC="00000"/>
					</TextLine>
					<TextLine ID="P98_TL00009" HPOS="100" VPOS="474" WIDTH="552" HEIGHT="33">
						<String ID="P98_ST00067" HPOS="100" VPOS="475" WIDTH="148" HEIGHT="32" CONTENT="breakfast," WC="1.00" CC="0000000000"/>
						<SP ID="P98_SP00059" HPOS="248" VPOS="507" WIDTH="15"/>
						<String ID="P98_ST00068" HPOS="263" VPOS="484" WIDTH="56" HEIGHT="17" CONTENT="was" WC="0.90" CC="200"/>
						<SP ID="P98_SP00060" HPOS="319" VPOS="507" WIDTH="15"/>
						<String ID="P98_ST00069" HPOS="334" VPOS="475" WIDTH="86" HEIGHT="32" CONTENT="ready" WC="1.00" CC="00000"/>
						<SP ID="P98_SP00061" HPOS="420" VPOS="507" WIDTH="14"/>
						<String ID="P98_ST00070" HPOS="434" VPOS="475" WIDTH="41" HEIGHT="25" CONTENT="for" WC="1.00" CC="000"/>
						<SP ID="P98_SP00062" HPOS="475" VPOS="507" WIDTH="15"/>
						<String ID="P98_ST00071" HPOS="490" VPOS="474" WIDTH="162" HEIGHT="33" CONTENT="Cutcherry." WC="0.90" CC="0011601000"/>
					</TextLine>
				</TextBlock>
				<TextBlock ID="P98_TB00004" HPOS="98" VPOS="516" WIDTH="934" HEIGHT="884" STYLEREFS="TXT_0 PAR_LEFT">
					<TextLine ID="P98_TL00010" HPOS="136" VPOS="517" WIDTH="894" HEIGHT="37">
						<String ID="P98_ST00072" HPOS="136" VPOS="522" WIDTH="61" HEIGHT="26" CONTENT="The" WC="0.78" CC="060"/>
						<SP ID="P98_SP00063" HPOS="197" VPOS="548" WIDTH="13"/>
						<String ID="P98_ST00073" HPOS="210" VPOS="522" WIDTH="92" HEIGHT="26" CONTENT="crowd" WC="1.00" CC="00000"/>
						<SP ID="P98_SP00064" HPOS="302" VPOS="548" WIDTH="14"/>
						<String ID="P98_ST00074" HPOS="316" VPOS="522" WIDTH="54" HEIGHT="25" CONTENT="had" WC="1.00" CC="000"/>
						<SP ID="P98_SP00065" HPOS="370" VPOS="548" WIDTH="17"/>
						<String ID="P98_ST00075" HPOS="387" VPOS="521" WIDTH="140" HEIGHT="26" CONTENT="increased" WC="0.90" CC="530000000"/>
						<SP ID="P98_SP00066" HPOS="527" VPOS="548" WIDTH="15"/>
						<String ID="P98_ST00076" HPOS="542" VPOS="521" WIDTH="38" HEIGHT="33" CONTENT="by" WC="1.00" CC="00"/>
						<SP ID="P98_SP00067" HPOS="580" VPOS="554" WIDTH="14"/>
						<String ID="P98_ST00077" HPOS="594" VPOS="520" WIDTH="47" HEIGHT="26" CONTENT="the" WC="1.00" CC="000"/>
						<SP ID="P98_SP00068" HPOS="641" VPOS="554" WIDTH="15"/>
						<String ID="P98_ST00078" HPOS="656" VPOS="520" WIDTH="68" HEIGHT="26" CONTENT="time" WC="0.87" CC="0500"/>
						<SP ID="P98_SP00069" HPOS="724" VPOS="554" WIDTH="14"/>
						<String ID="P98_ST00079" HPOS="738" VPOS="519" WIDTH="31" HEIGHT="27" CONTENT="of" WC="1.00" CC="00"/>
						<SP ID="P98_SP00070" HPOS="769" VPOS="554" WIDTH="16"/>
						<String ID="P98_ST00080" HPOS="785" VPOS="528" WIDTH="51" HEIGHT="18" CONTENT="our" WC="1.00" CC="000"/>
						<SP ID="P98_SP00071" HPOS="836" VPOS="554" WIDTH="14"/>
						<String ID="P98_ST00081" HPOS="850" VPOS="518" WIDTH="108" HEIGHT="31" CONTENT="arrival," WC="0.86" CC="00060040"/>
						<SP ID="P98_SP00072" HPOS="958" VPOS="554" WIDTH="15"/>
						<String ID="P98_ST00082" HPOS="973" VPOS="517" WIDTH="57" HEIGHT="26" CONTENT="and" WC="0.67" CC="900"/>
					</TextLine>
					<TextLine ID="P98_TL00011" HPOS="99" VPOS="565" WIDTH="930" HEIGHT="36">
						<String ID="P98_ST00083" HPOS="99" VPOS="569" WIDTH="49" HEIGHT="27" CONTENT="the" WC="0.95" CC="010"/>
						<SP ID="P98_SP00073" HPOS="148" VPOS="596" WIDTH="14"/>
						<String ID="P98_ST00084" HPOS="162" VPOS="569" WIDTH="76" HEIGHT="26" CONTENT="noise" WC="0.75" CC="24500"/>
						<SP ID="P98_SP00074" HPOS="238" VPOS="596" WIDTH="14"/>
						<String ID="P98_ST00085" HPOS="252" VPOS="569" WIDTH="66" HEIGHT="31" CONTENT="also," WC="0.97" CC="00001"/>
						<SP ID="P98_SP00075" HPOS="318" VPOS="600" WIDTH="14"/>
						<String ID="P98_ST00086" HPOS="332" VPOS="569" WIDTH="48" HEIGHT="25" CONTENT="the" WC="0.89" CC="030"/>
						<SP ID="P98_SP00076" HPOS="380" VPOS="600" WIDTH="12"/>
						<String ID="P98_ST00087" HPOS="392" VPOS="568" WIDTH="90" HEIGHT="26" CONTENT="whole" WC="0.89" CC="05000"/>
						<SP ID="P98_SP00077" HPOS="482" VPOS="600" WIDTH="15"/>
						<String ID="P98_ST00088" HPOS="497" VPOS="568" WIDTH="163" HEIGHT="33" CONTENT="interesting" WC="0.84" CC="43002000600"/>
						<SP ID="P98_SP00078" HPOS="660" VPOS="601" WIDTH="14"/>
						<String ID="P98_ST00089" HPOS="674" VPOS="566" WIDTH="111" HEIGHT="35" CONTENT="enough" WC="0.98" CC="000100"/>
						<SP ID="P98_SP00079" HPOS="785" VPOS="601" WIDTH="14"/>
						<String ID="P98_ST00090" HPOS="799" VPOS="570" WIDTH="30" HEIGHT="22" CONTENT="to" WC="1.00" CC="00"/>
						<SP ID="P98_SP00080" HPOS="829" VPOS="601" WIDTH="14"/>
						<String ID="P98_ST00091" HPOS="843" VPOS="574" WIDTH="36" HEIGHT="18" CONTENT="an" WC="1.00" CC="00"/>
						<SP ID="P98_SP00081" HPOS="879" VPOS="601" WIDTH="21"/>
						<String ID="P98_ST00092" HPOS="900" VPOS="565" WIDTH="129" HEIGHT="26" CONTENT="initiated" WC="0.69" CC="406068000"/>
					</TextLine>
					<TextLine ID="P98_TL00012" HPOS="100" VPOS="613" WIDTH="930" HEIGHT="35">
						<String ID="P98_ST00093" HPOS="100" VPOS="617" WIDTH="133" HEIGHT="25" CONTENT="observer." WC="0.99" CC="000000000"/>
						<SP ID="P98_SP00082" HPOS="233" VPOS="642" WIDTH="40"/>
						<String ID="P98_ST00094" HPOS="273" VPOS="615" WIDTH="91" HEIGHT="26" CONTENT="There" WC="0.97" CC="01000"/>
						<SP ID="P98_SP00083" HPOS="364" VPOS="642" WIDTH="13"/>
						<String ID="P98_ST00095" HPOS="377" VPOS="624" WIDTH="71" HEIGHT="16" CONTENT="were" WC="1.00" CC="0000"/>
						<SP ID="P98_SP00084" HPOS="448" VPOS="642" WIDTH="14"/>
						<String ID="P98_ST00096" HPOS="462" VPOS="615" WIDTH="109" HEIGHT="25" CONTENT="various" WC="0.92" CC="0005000"/>
						<SP ID="P98_SP00085" HPOS="571" VPOS="642" WIDTH="15"/>
						<String ID="P98_ST00097" HPOS="586" VPOS="623" WIDTH="112" HEIGHT="25" CONTENT="groups," WC="0.92" CC="0001003"/>
						<SP ID="P98_SP00086" HPOS="698" VPOS="648" WIDTH="15"/>
						<String ID="P98_ST00098" HPOS="713" VPOS="613" WIDTH="32" HEIGHT="27" CONTENT="of" WC="0.83" CC="03"/>
						<SP ID="P98_SP00087" HPOS="745" VPOS="648" WIDTH="15"/>
						<String ID="P98_ST00099" HPOS="760" VPOS="613" WIDTH="91" HEIGHT="27" CONTENT="which" WC="0.62" CC="06605"/>
						<SP ID="P98_SP00088" HPOS="851" VPOS="648" WIDTH="15"/>
						<String ID="P98_ST00100" HPOS="866" VPOS="613" WIDTH="48" HEIGHT="26" CONTENT="the" WC="0.88" CC="030"/>
						<SP ID="P98_SP00089" HPOS="914" VPOS="648" WIDTH="20"/>
						<String ID="P98_ST00101" HPOS="934" VPOS="616" WIDTH="96" HEIGHT="22" CONTENT="centre" WC="1.00" CC="000000"/>
					</TextLine>
					<TextLine ID="P98_TL00013" HPOS="100" VPOS="660" WIDTH="928" HEIGHT="37">
						<String ID="P98_ST00102" HPOS="100" VPOS="663" WIDTH="86" HEIGHT="34" CONTENT="figure" WC="0.97" CC="000000"/>
						<SP ID="P98_SP00090" HPOS="186" VPOS="697" WIDTH="13"/>
						<String ID="P98_ST00103" HPOS="199" VPOS="672" WIDTH="56" HEIGHT="17" CONTENT="was" WC="1.00" CC="000"/>
						<SP ID="P98_SP00091" HPOS="255" VPOS="697" WIDTH="14"/>
						<String ID="P98_ST00104" HPOS="269" VPOS="672" WIDTH="16" HEIGHT="17" CONTENT="a" WC="1.00" CC="0"/>
						<SP ID="P98_SP00092" HPOS="285" VPOS="697" WIDTH="14"/>
						<String ID="P98_ST00105" HPOS="299" VPOS="662" WIDTH="302" HEIGHT="34" CONTENT="respectably-dressed" WC="0.98" CC="0000000003000000000"/>
						<SP ID="P98_SP00093" HPOS="601" VPOS="697" WIDTH="14"/>
						<String ID="P98_ST00106" HPOS="615" VPOS="670" WIDTH="73" HEIGHT="23" CONTENT="man," WC="0.85" CC="0050"/>
						<SP ID="P98_SP00094" HPOS="688" VPOS="697" WIDTH="14"/>
						<String ID="P98_ST00107" HPOS="702" VPOS="661" WIDTH="67" HEIGHT="25" CONTENT="with" WC="0.73" CC="0505"/>
						<SP ID="P98_SP00095" HPOS="769" VPOS="697" WIDTH="22"/>
						<String ID="P98_ST00108" HPOS="791" VPOS="669" WIDTH="16" HEIGHT="17" CONTENT="a" WC="1.00" CC="0"/>
						<SP ID="P98_SP00096" HPOS="807" VPOS="697" WIDTH="14"/>
						<String ID="P98_ST00109" HPOS="821" VPOS="660" WIDTH="84" HEIGHT="26" CONTENT="white" WC="0.73" CC="07600"/>
						<SP ID="P98_SP00097" HPOS="905" VPOS="697" WIDTH="20"/>
						<String ID="P98_ST00110" HPOS="925" VPOS="660" WIDTH="103" HEIGHT="25" CONTENT="turban" WC="1.00" CC="000000"/>
					</TextLine>
					<TextLine ID="P98_TL00014" HPOS="100" VPOS="707" WIDTH="930" HEIGHT="36">
						<String ID="P98_ST00111" HPOS="100" VPOS="710" WIDTH="55" HEIGHT="26" CONTENT="and" WC="1.00" CC="000"/>
						<SP ID="P98_SP00098" HPOS="155" VPOS="736" WIDTH="22"/>
						<String ID="P98_ST00112" HPOS="177" VPOS="709" WIDTH="138" HEIGHT="34" CONTENT="tolerably" WC="0.88" CC="200030040"/>
						<SP ID="P98_SP00099" HPOS="315" VPOS="743" WIDTH="12"/>
						<String ID="P98_ST00113" HPOS="327" VPOS="709" WIDTH="84" HEIGHT="26" CONTENT="white" WC="0.80" CC="05500"/>
						<SP ID="P98_SP00100" HPOS="411" VPOS="743" WIDTH="22"/>
						<String ID="P98_ST00114" HPOS="433" VPOS="712" WIDTH="150" HEIGHT="31" CONTENT="garments," WC="0.93" CC="002000021"/>
						<SP ID="P98_SP00101" HPOS="583" VPOS="743" WIDTH="22"/>
						<String ID="P98_ST00115" HPOS="605" VPOS="709" WIDTH="173" HEIGHT="25" CONTENT="surrounded" WC="1.00" CC="0000000000"/>
						<SP ID="P98_SP00102" HPOS="778" VPOS="743" WIDTH="22"/>
						<String ID="P98_ST00116" HPOS="800" VPOS="708" WIDTH="39" HEIGHT="34" CONTENT="by" WC="1.00" CC="00"/>
						<SP ID="P98_SP00103" HPOS="839" VPOS="743" WIDTH="21"/>
						<String ID="P98_ST00117" HPOS="860" VPOS="707" WIDTH="170" HEIGHT="27" CONTENT="individuals" WC="0.79" CC="73040500020"/>
					</TextLine>
					<TextLine ID="P98_TL00015" HPOS="99" VPOS="754" WIDTH="933" HEIGHT="36">
						<String ID="P98_ST00118" HPOS="99" VPOS="756" WIDTH="67" HEIGHT="27" CONTENT="with" WC="0.89" CC="0400"/>
						<SP ID="P98_SP00104" HPOS="166" VPOS="783" WIDTH="25"/>
						<String ID="P98_ST00119" HPOS="191" VPOS="760" WIDTH="99" HEIGHT="30" CONTENT="scanty" WC="0.85" CC="000080"/>
						<SP ID="P98_SP00105" HPOS="290" VPOS="790" WIDTH="25"/>
						<String ID="P98_ST00120" HPOS="315" VPOS="756" WIDTH="125" HEIGHT="34" CONTENT="clothing" WC="0.89" CC="02000600"/>
						<SP ID="P98_SP00106" HPOS="440" VPOS="790" WIDTH="26"/>
						<String ID="P98_ST00121" HPOS="466" VPOS="756" WIDTH="55" HEIGHT="25" CONTENT="and" WC="1.00" CC="000"/>
						<SP ID="P98_SP00107" HPOS="521" VPOS="790" WIDTH="27"/>
						<String ID="P98_ST00122" HPOS="548" VPOS="756" WIDTH="32" HEIGHT="25" CONTENT="of" WC="1.00" CC="00"/>
						<SP ID="P98_SP00108" HPOS="580" VPOS="790" WIDTH="22"/>
						<String ID="P98_ST00123" HPOS="602" VPOS="755" WIDTH="137" HEIGHT="34" CONTENT="unkempt" WC="0.94" CC="0300000"/>
						<SP ID="P98_SP00109" HPOS="739" VPOS="790" WIDTH="23"/>
						<String ID="P98_ST00124" HPOS="762" VPOS="763" WIDTH="183" HEIGHT="27" CONTENT="appearance," WC="1.00" CC="00000000000"/>
						<SP ID="P98_SP00110" HPOS="945" VPOS="790" WIDTH="22"/>
						<String ID="P98_ST00125" HPOS="967" VPOS="754" WIDTH="65" HEIGHT="27" CONTENT="who" WC="0.47" CC="860"/>
					</TextLine>
					<TextLine ID="P98_TL00016" HPOS="99" VPOS="801" WIDTH="931" HEIGHT="36">
						<String ID="P98_ST00126" HPOS="99" VPOS="804" WIDTH="117" HEIGHT="25" CONTENT="listened" WC="1.00" CC="00000000"/>
						<SP ID="P98_SP00111" HPOS="216" VPOS="829" WIDTH="27"/>
						<String ID="P98_ST00127" HPOS="243" VPOS="803" WIDTH="119" HEIGHT="34" CONTENT="intently" WC="0.89" CC="50001010"/>
						<SP ID="P98_SP00112" HPOS="362" VPOS="837" WIDTH="26"/>
						<String ID="P98_ST00128" HPOS="388" VPOS="806" WIDTH="30" HEIGHT="22" CONTENT="to" WC="0.98" CC="00"/>
						<SP ID="P98_SP00113" HPOS="418" VPOS="837" WIDTH="26"/>
						<String ID="P98_ST00129" HPOS="444" VPOS="802" WIDTH="37" HEIGHT="26" CONTENT="all" WC="0.87" CC="003"/>
						<SP ID="P98_SP00114" HPOS="481" VPOS="837" WIDTH="27"/>
						<String ID="P98_ST00130" HPOS="508" VPOS="802" WIDTH="61" HEIGHT="26" CONTENT="that" WC="1.00" CC="0000"/>
						<SP ID="P98_SP00115" HPOS="569" VPOS="837" WIDTH="26"/>
						<String ID="P98_ST00131" HPOS="595" VPOS="802" WIDTH="35" HEIGHT="26" CONTENT="he" WC="1.00" CC="00"/>
						<SP ID="P98_SP00116" HPOS="630" VPOS="837" WIDTH="26"/>
						<String ID="P98_ST00132" HPOS="656" VPOS="802" WIDTH="68" HEIGHT="26" CONTENT="said." WC="0.75" CC="00650"/>
						<SP ID="P98_SP00117" HPOS="724" VPOS="837" WIDTH="39"/>
						<String ID="P98_ST00133" HPOS="763" VPOS="802" WIDTH="93" HEIGHT="26" CONTENT="These" WC="1.00" CC="00000"/>
						<SP ID="P98_SP00118" HPOS="856" VPOS="837" WIDTH="26"/>
						<String ID="P98_ST00134" HPOS="882" VPOS="811" WIDTH="73" HEIGHT="17" CONTENT="were" WC="0.97" CC="0010"/>
						<SP ID="P98_SP00119" HPOS="955" VPOS="837" WIDTH="26"/>
						<String ID="P98_ST00135" HPOS="981" VPOS="801" WIDTH="49" HEIGHT="27" CONTENT="the" WC="1.00" CC="000"/>
					</TextLine>
					<TextLine ID="P98_TL00017" HPOS="100" VPOS="849" WIDTH="929" HEIGHT="35">
						<String ID="P98_ST00136" HPOS="100" VPOS="850" WIDTH="188" HEIGHT="34" CONTENT="mookhtyars," WC="0.91" CC="00004000004"/>
						<SP ID="P98_SP00120" HPOS="288" VPOS="884" WIDTH="16"/>
						<String ID="P98_ST00137" HPOS="304" VPOS="859" WIDTH="30" HEIGHT="17" CONTENT="or" WC="0.81" CC="03"/>
						<SP ID="P98_SP00121" HPOS="334" VPOS="884" WIDTH="15"/>
						<String ID="P98_ST00138" HPOS="349" VPOS="849" WIDTH="133" HEIGHT="27" CONTENT="Criminal" WC="0.93" CC="00102100"/>
						<SP ID="P98_SP00122" HPOS="482" VPOS="884" WIDTH="16"/>
						<String ID="P98_ST00139" HPOS="498" VPOS="849" WIDTH="87" HEIGHT="27" CONTENT="Court" WC="0.95" CC="00200"/>
						<SP ID="P98_SP00123" HPOS="585" VPOS="884" WIDTH="14"/>
						<String ID="P98_ST00140" HPOS="599" VPOS="853" WIDTH="150" HEIGHT="30" CONTENT="attorneys," WC="0.88" CC="3000430000"/>
						<SP ID="P98_SP00124" HPOS="749" VPOS="884" WIDTH="14"/>
						<String ID="P98_ST00141" HPOS="763" VPOS="849" WIDTH="132" HEIGHT="34" CONTENT="teaching" WC="0.90" CC="00000600"/>
						<SP ID="P98_SP00125" HPOS="895" VPOS="884" WIDTH="13"/>
						<String ID="P98_ST00142" HPOS="908" VPOS="849" WIDTH="48" HEIGHT="26" CONTENT="the" WC="0.98" CC="000"/>
						<SP ID="P98_SP00126" HPOS="956" VPOS="884" WIDTH="13"/>
						<String ID="P98_ST00143" HPOS="969" VPOS="849" WIDTH="60" HEIGHT="26" CONTENT="wit" SUBS_TYPE="HypPart1" SUBS_CONTENT="witnesses" WC="0.87" CC="0400"/>
						<HYP CONTENT="-"/>
					</TextLine>
					<TextLine ID="P98_TL00018" HPOS="100" VPOS="895" WIDTH="930" HEIGHT="35">
						<String ID="P98_ST00144" HPOS="100" VPOS="905" WIDTH="93" HEIGHT="18" CONTENT="nesses" SUBS_TYPE="HypPart2" SUBS_CONTENT="witnesses" WC="1.00" CC="000000"/>
						<SP ID="P98_SP00127" HPOS="193" VPOS="923" WIDTH="13"/>
						<String ID="P98_ST00145" HPOS="206" VPOS="897" WIDTH="75" HEIGHT="25" CONTENT="what" WC="1.00" CC="0000"/>
						<SP ID="P98_SP00128" HPOS="281" VPOS="923" WIDTH="14"/>
						<String ID="P98_ST00146" HPOS="295" VPOS="900" WIDTH="30" HEIGHT="22" CONTENT="to" WC="1.00" CC="00"/>
						<SP ID="P98_SP00129" HPOS="325" VPOS="923" WIDTH="13"/>
						<String ID="P98_ST00147" HPOS="338" VPOS="905" WIDTH="50" HEIGHT="25" CONTENT="say" WC="0.71" CC="008"/>
						<SP ID="P98_SP00130" HPOS="388" VPOS="930" WIDTH="14"/>
						<String ID="P98_ST00148" HPOS="402" VPOS="896" WIDTH="27" HEIGHT="26" CONTENT="in" WC="0.64" CC="70"/>
						<SP ID="P98_SP00131" HPOS="429" VPOS="930" WIDTH="14"/>
						<String ID="P98_ST00149" HPOS="443" VPOS="895" WIDTH="72" HEIGHT="27" CONTENT="their" WC="0.87" CC="00060"/>
						<SP ID="P98_SP00132" HPOS="515" VPOS="930" WIDTH="14"/>
						<String ID="P98_ST00150" HPOS="529" VPOS="896" WIDTH="152" HEIGHT="34" CONTENT="respective" WC="0.88" CC="0000000560"/>
						<SP ID="P98_SP00133" HPOS="681" VPOS="930" WIDTH="14"/>
						<String ID="P98_ST00151" HPOS="695" VPOS="905" WIDTH="84" HEIGHT="23" CONTENT="cases," WC="1.00" CC="000000"/>
						<SP ID="P98_SP00134" HPOS="779" VPOS="930" WIDTH="15"/>
						<String ID="P98_ST00152" HPOS="794" VPOS="896" WIDTH="55" HEIGHT="26" CONTENT="and" WC="1.00" CC="000"/>
						<SP ID="P98_SP00135" HPOS="849" VPOS="930" WIDTH="14"/>
						<String ID="P98_ST00153" HPOS="863" VPOS="896" WIDTH="167" HEIGHT="34" CONTENT="suggesting" WC="1.00" CC="0000000000"/>
					</TextLine>
					<TextLine ID="P98_TL00019" HPOS="100" VPOS="943" WIDTH="932" HEIGHT="34">
						<String ID="P98_ST00154" HPOS="100" VPOS="953" WIDTH="117" HEIGHT="17" CONTENT="answers" WC="0.98" CC="1000000"/>
						<SP ID="P98_SP00136" HPOS="217" VPOS="970" WIDTH="21"/>
						<String ID="P98_ST00155" HPOS="238" VPOS="948" WIDTH="30" HEIGHT="22" CONTENT="to" WC="1.00" CC="00"/>
						<SP ID="P98_SP00137" HPOS="268" VPOS="970" WIDTH="24"/>
						<String ID="P98_ST00156" HPOS="292" VPOS="944" WIDTH="36" HEIGHT="25" CONTENT="all" WC="0.95" CC="001"/>
						<SP ID="P98_SP00138" HPOS="328" VPOS="970" WIDTH="23"/>
						<String ID="P98_ST00157" HPOS="351" VPOS="943" WIDTH="122" HEIGHT="34" CONTENT="possible" WC="0.96" CC="00003000"/>
						<SP ID="P98_SP00139" HPOS="473" VPOS="977" WIDTH="20"/>
						<String ID="P98_ST00158" HPOS="493" VPOS="943" WIDTH="149" HEIGHT="34" CONTENT="questions," WC="0.94" CC="0000050000"/>
						<SP ID="P98_SP00140" HPOS="642" VPOS="977" WIDTH="15"/>
						<String ID="P98_ST00159" HPOS="657" VPOS="943" WIDTH="47" HEIGHT="26" CONTENT="the" WC="1.00" CC="000"/>
						<SP ID="P98_SP00141" HPOS="704" VPOS="977" WIDTH="13"/>
						<String ID="P98_ST00160" HPOS="717" VPOS="943" WIDTH="90" HEIGHT="26" CONTENT="whole" WC="0.93" CC="03000"/>
						<SP ID="P98_SP00142" HPOS="807" VPOS="977" WIDTH="21"/>
						<String ID="P98_ST00161" HPOS="828" VPOS="943" WIDTH="80" HEIGHT="34" CONTENT="thing" WC="0.66" CC="04660"/>
						<SP ID="P98_SP00143" HPOS="908" VPOS="977" WIDTH="20"/>
						<String ID="P98_ST00162" HPOS="928" VPOS="944" WIDTH="104" HEIGHT="33" CONTENT="having" WC="0.91" CC="000500"/>
					</TextLine>
					<TextLine ID="P98_TL00020" HPOS="100" VPOS="990" WIDTH="932" HEIGHT="36">
						<String ID="P98_ST00163" HPOS="100" VPOS="992" WIDTH="70" HEIGHT="26" CONTENT="been" WC="1.00" CC="0000"/>
						<SP ID="P98_SP00144" HPOS="170" VPOS="1018" WIDTH="20"/>
						<String ID="P98_ST00164" HPOS="190" VPOS="991" WIDTH="159" HEIGHT="35" CONTENT="previously" WC="0.87" CC="0007000040"/>
						<SP ID="P98_SP00145" HPOS="349" VPOS="1026" WIDTH="14"/>
						<String ID="P98_ST00165" HPOS="363" VPOS="991" WIDTH="145" HEIGHT="26" CONTENT="rehearsed" WC="0.88" CC="001009000"/>
						<SP ID="P98_SP00146" HPOS="508" VPOS="1026" WIDTH="23"/>
						<String ID="P98_ST00166" HPOS="531" VPOS="994" WIDTH="29" HEIGHT="22" CONTENT="at" WC="1.00" CC="00"/>
						<SP ID="P98_SP00147" HPOS="560" VPOS="1026" WIDTH="21"/>
						<String ID="P98_ST00167" HPOS="581" VPOS="990" WIDTH="48" HEIGHT="26" CONTENT="the" WC="0.84" CC="040"/>
						<SP ID="P98_SP00148" HPOS="629" VPOS="1026" WIDTH="23"/>
						<String ID="P98_ST00168" HPOS="652" VPOS="990" WIDTH="191" HEIGHT="35" CONTENT="mookhtyar's" WC="0.77" CC="90000800005"/>
						<SP ID="P98_SP00149" HPOS="843" VPOS="1026" WIDTH="20"/>
						<String ID="P98_ST00169" HPOS="863" VPOS="990" WIDTH="94" HEIGHT="27" CONTENT="house." WC="1.00" CC="000000"/>
						<SP ID="P98_SP00150" HPOS="957" VPOS="1026" WIDTH="42"/>
						<String ID="P98_ST00170" HPOS="999" VPOS="991" WIDTH="33" HEIGHT="26" CONTENT="In" WC="1.00" CC="00"/>
					</TextLine>
					<TextLine ID="P98_TL00021" HPOS="100" VPOS="1037" WIDTH="932" HEIGHT="35">
						<String ID="P98_ST00171" HPOS="100" VPOS="1038" WIDTH="79" HEIGHT="26" CONTENT="other" WC="1.00" CC="00000"/>
						<SP ID="P98_SP00151" HPOS="179" VPOS="1064" WIDTH="31"/>
						<String ID="P98_ST00172" HPOS="210" VPOS="1038" WIDTH="91" HEIGHT="34" CONTENT="places" WC="1.00" CC="000000"/>
						<SP ID="P98_SP00152" HPOS="301" VPOS="1072" WIDTH="34"/>
						<String ID="P98_ST00173" HPOS="335" VPOS="1047" WIDTH="70" HEIGHT="17" CONTENT="were" WC="1.00" CC="0000"/>
						<SP ID="P98_SP00153" HPOS="405" VPOS="1072" WIDTH="35"/>
						<String ID="P98_ST00174" HPOS="440" VPOS="1038" WIDTH="96" HEIGHT="25" CONTENT="seated" WC="0.98" CC="000100"/>
						<SP ID="P98_SP00154" HPOS="536" VPOS="1072" WIDTH="35"/>
						<String ID="P98_ST00175" HPOS="571" VPOS="1038" WIDTH="48" HEIGHT="25" CONTENT="the" WC="1.00" CC="000"/>
						<SP ID="P98_SP00155" HPOS="619" VPOS="1072" WIDTH="34"/>
						<String ID="P98_ST00176" HPOS="653" VPOS="1038" WIDTH="94" HEIGHT="26" CONTENT="sellers" WC="0.81" CC="1064000"/>
						<SP ID="P98_SP00156" HPOS="747" VPOS="1072" WIDTH="36"/>
						<String ID="P98_ST00177" HPOS="783" VPOS="1037" WIDTH="32" HEIGHT="27" CONTENT="of" WC="0.97" CC="00"/>
						<SP ID="P98_SP00157" HPOS="815" VPOS="1072" WIDTH="31"/>
						<String ID="P98_ST00178" HPOS="846" VPOS="1041" WIDTH="115" HEIGHT="31" CONTENT="stamps," WC="1.00" CC="0000000"/>
						<SP ID="P98_SP00158" HPOS="961" VPOS="1072" WIDTH="32"/>
						<String ID="P98_ST00179" HPOS="993" VPOS="1038" WIDTH="39" HEIGHT="34" CONTENT="by" WC="1.00" CC="00"/>
					</TextLine>
					<TextLine ID="P98_TL00022" HPOS="100" VPOS="1084" WIDTH="928" HEIGHT="33">
						<String ID="P98_ST00180" HPOS="100" VPOS="1094" WIDTH="94" HEIGHT="17" CONTENT="means" WC="0.89" CC="00050"/>
						<SP ID="P98_SP00159" HPOS="194" VPOS="1111" WIDTH="15"/>
						<String ID="P98_ST00181" HPOS="209" VPOS="1085" WIDTH="32" HEIGHT="25" CONTENT="of" WC="1.00" CC="00"/>
						<SP ID="P98_SP00160" HPOS="241" VPOS="1111" WIDTH="15"/>
						<String ID="P98_ST00182" HPOS="256" VPOS="1085" WIDTH="88" HEIGHT="25" CONTENT="which" WC="0.73" CC="00606"/>
						<SP ID="P98_SP00161" HPOS="344" VPOS="1111" WIDTH="15"/>
						<String ID="P98_ST00183" HPOS="359" VPOS="1085" WIDTH="47" HEIGHT="25" CONTENT="the" WC="1.00" CC="000"/>
						<SP ID="P98_SP00162" HPOS="406" VPOS="1111" WIDTH="15"/>
						<String ID="P98_ST00184" HPOS="421" VPOS="1084" WIDTH="190" HEIGHT="26" CONTENT="Government" WC="1.00" CC="0000000000"/>
						<SP ID="P98_SP00163" HPOS="611" VPOS="1111" WIDTH="14"/>
						<String ID="P98_ST00185" HPOS="625" VPOS="1084" WIDTH="88" HEIGHT="27" CONTENT="Court" WC="0.96" CC="10000"/>
						<SP ID="P98_SP00164" HPOS="713" VPOS="1111" WIDTH="15"/>
						<String ID="P98_ST00186" HPOS="728" VPOS="1085" WIDTH="56" HEIGHT="26" CONTENT="fees" WC="1.00" CC="0000"/>
						<SP ID="P98_SP00165" HPOS="784" VPOS="1111" WIDTH="22"/>
						<String ID="P98_ST00187" HPOS="806" VPOS="1093" WIDTH="46" HEIGHT="18" CONTENT="are" WC="0.85" CC="400"/>
						<SP ID="P98_SP00166" HPOS="852" VPOS="1111" WIDTH="20"/>
						<String ID="P98_ST00188" HPOS="872" VPOS="1085" WIDTH="138" HEIGHT="26" CONTENT="collected" WC="0.95" CC="000400000"/>
						<SP ID="P98_SP00167" HPOS="1010" VPOS="1111" WIDTH="12"/>
						<String ID="P98_ST00189" HPOS="1022" VPOS="1094" WIDTH="6" HEIGHT="23" CONTENT=";" WC="1.00" CC="0"/>
					</TextLine>
					<TextLine ID="P98_TL00023" HPOS="100" VPOS="1132" WIDTH="932" HEIGHT="35">
						<String ID="P98_ST00190" HPOS="100" VPOS="1133" WIDTH="27" HEIGHT="26" CONTENT="in" WC="0.73" CC="50"/>
						<SP ID="P98_SP00168" HPOS="127" VPOS="1159" WIDTH="24"/>
						<String ID="P98_ST00191" HPOS="151" VPOS="1132" WIDTH="118" HEIGHT="27" CONTENT="another" WC="0.95" CC="0300000"/>
						<SP ID="P98_SP00169" HPOS="269" VPOS="1159" WIDTH="19"/>
						<String ID="P98_ST00192" HPOS="288" VPOS="1141" WIDTH="71" HEIGHT="17" CONTENT="were" WC="0.75" CC="9000"/>
						<SP ID="P98_SP00170" HPOS="359" VPOS="1159" WIDTH="22"/>
						<String ID="P98_ST00193" HPOS="381" VPOS="1140" WIDTH="78" HEIGHT="18" CONTENT="some" WC="0.96" CC="0100"/>
						<SP ID="P98_SP00171" HPOS="459" VPOS="1159" WIDTH="21"/>
						<String ID="P98_ST00194" HPOS="480" VPOS="1135" WIDTH="106" HEIGHT="30" CONTENT="twenty" WC="0.86" CC="060010"/>
						<SP ID="P98_SP00172" HPOS="586" VPOS="1165" WIDTH="21"/>
						<String ID="P98_ST00195" HPOS="607" VPOS="1132" WIDTH="138" HEIGHT="33" CONTENT="prisoners" WC="1.00" CC="000000000"/>
						<SP ID="P98_SP00173" HPOS="745" VPOS="1165" WIDTH="20"/>
						<String ID="P98_ST00196" HPOS="765" VPOS="1132" WIDTH="115" HEIGHT="35" CONTENT="waiting" WC="0.62" CC="9000609"/>
						<SP ID="P98_SP00174" HPOS="880" VPOS="1167" WIDTH="23"/>
						<String ID="P98_ST00197" HPOS="903" VPOS="1132" WIDTH="70" HEIGHT="33" CONTENT="trial," WC="0.91" CC="005000"/>
						<SP ID="P98_SP00175" HPOS="973" VPOS="1167" WIDTH="21"/>
						<String ID="P98_ST00198" HPOS="994" VPOS="1132" WIDTH="38" HEIGHT="27" CONTENT="all" WC="0.95" CC="010"/>
					</TextLine>
					<TextLine ID="P98_TL00024" HPOS="100" VPOS="1178" WIDTH="931" HEIGHT="37">
						<String ID="P98_ST00199" HPOS="100" VPOS="1180" WIDTH="143" HEIGHT="34" CONTENT="squatting" WC="0.82" CC="003000660"/>
						<SP ID="P98_SP00176" HPOS="243" VPOS="1214" WIDTH="22"/>
						<String ID="P98_ST00200" HPOS="265" VPOS="1187" WIDTH="36" HEIGHT="17" CONTENT="on" WC="0.67" CC="06"/>
						<SP ID="P98_SP00177" HPOS="301" VPOS="1214" WIDTH="24"/>
						<String ID="P98_ST00201" HPOS="325" VPOS="1178" WIDTH="71" HEIGHT="26" CONTENT="their" WC="1.00" CC="00000"/>
						<SP ID="P98_SP00178" HPOS="396" VPOS="1214" WIDTH="19"/>
						<String ID="P98_ST00202" HPOS="415" VPOS="1178" WIDTH="88" HEIGHT="32" CONTENT="hams," WC="0.84" CC="70000"/>
						<SP ID="P98_SP00179" HPOS="503" VPOS="1214" WIDTH="22"/>
						<String ID="P98_ST00203" HPOS="525" VPOS="1179" WIDTH="55" HEIGHT="25" CONTENT="and" WC="0.94" CC="010"/>
						<SP ID="P98_SP00180" HPOS="580" VPOS="1214" WIDTH="24"/>
						<String ID="P98_ST00204" HPOS="604" VPOS="1178" WIDTH="67" HEIGHT="35" CONTENT="kept" WC="0.98" CC="0000"/>
						<SP ID="P98_SP00181" HPOS="671" VPOS="1214" WIDTH="21"/>
						<String ID="P98_ST00205" HPOS="692" VPOS="1179" WIDTH="131" HEIGHT="35" CONTENT="together" WC="0.91" CC="00000700"/>
						<SP ID="P98_SP00182" HPOS="823" VPOS="1214" WIDTH="20"/>
						<String ID="P98_ST00206" HPOS="843" VPOS="1180" WIDTH="39" HEIGHT="34" CONTENT="by" WC="1.00" CC="00"/>
						<SP ID="P98_SP00183" HPOS="882" VPOS="1214" WIDTH="21"/>
						<String ID="P98_ST00207" HPOS="903" VPOS="1189" WIDTH="17" HEIGHT="17" CONTENT="a" WC="1.00" CC="0"/>
						<SP ID="P98_SP00184" HPOS="920" VPOS="1214" WIDTH="20"/>
						<String ID="P98_ST00208" HPOS="940" VPOS="1181" WIDTH="91" HEIGHT="34" CONTENT="string" WC="0.88" CC="000510"/>
					</TextLine>
					<TextLine ID="P98_TL00025" HPOS="100" VPOS="1226" WIDTH="931" HEIGHT="36">
						<String ID="P98_ST00209" HPOS="100" VPOS="1227" WIDTH="100" HEIGHT="35" CONTENT="passed" WC="0.85" CC="800000"/>
						<SP ID="P98_SP00185" HPOS="200" VPOS="1262" WIDTH="21"/>
						<String ID="P98_ST00210" HPOS="221" VPOS="1226" WIDTH="88" HEIGHT="26" CONTENT="round" WC="0.70" CC="56030"/>
						<SP ID="P98_SP00186" HPOS="309" VPOS="1262" WIDTH="22"/>
						<String ID="P98_ST00211" HPOS="331" VPOS="1226" WIDTH="84" HEIGHT="32" CONTENT="them," WC="0.93" CC="00002"/>
						<SP ID="P98_SP00187" HPOS="415" VPOS="1262" WIDTH="15"/>
						<String ID="P98_ST00212" HPOS="430" VPOS="1226" WIDTH="46" HEIGHT="26" CONTENT="the" WC="0.86" CC="040"/>
						<SP ID="P98_SP00188" HPOS="476" VPOS="1262" WIDTH="15"/>
						<String ID="P98_ST00213" HPOS="491" VPOS="1226" WIDTH="89" HEIGHT="26" CONTENT="whole" WC="0.77" CC="06040"/>
						<SP ID="P98_SP00189" HPOS="580" VPOS="1262" WIDTH="22"/>
						<String ID="P98_ST00214" HPOS="602" VPOS="1226" WIDTH="89" HEIGHT="26" CONTENT="under" WC="0.95" CC="00002"/>
						<SP ID="P98_SP00190" HPOS="691" VPOS="1262" WIDTH="18"/>
						<String ID="P98_ST00215" HPOS="709" VPOS="1227" WIDTH="48" HEIGHT="26" CONTENT="the" WC="1.00" CC="000"/>
						<SP ID="P98_SP00191" HPOS="757" VPOS="1262" WIDTH="21"/>
						<String ID="P98_ST00216" HPOS="778" VPOS="1227" WIDTH="101" HEIGHT="35" CONTENT="charge" WC="0.83" CC="000090"/>
						<SP ID="P98_SP00192" HPOS="879" VPOS="1262" WIDTH="21"/>
						<String ID="P98_ST00217" HPOS="900" VPOS="1228" WIDTH="32" HEIGHT="25" CONTENT="of" WC="1.00" CC="00"/>
						<SP ID="P98_SP00193" HPOS="932" VPOS="1262" WIDTH="19"/>
						<String ID="P98_ST00218" HPOS="951" VPOS="1229" WIDTH="80" HEIGHT="26" CONTENT="three" WC="1.00" CC="00000"/>
					</TextLine>
					<TextLine ID="P98_TL00026" HPOS="102" VPOS="1273" WIDTH="930" HEIGHT="37">
						<String ID="P98_ST00219" HPOS="102" VPOS="1274" WIDTH="203" HEIGHT="31" CONTENT="burkundazes," WC="0.90" CC="320000003002"/>
						<SP ID="P98_SP00194" HPOS="305" VPOS="1305" WIDTH="21"/>
						<String ID="P98_ST00220" HPOS="326" VPOS="1273" WIDTH="96" HEIGHT="26" CONTENT="armed" WC="1.00" CC="00000"/>
						<SP ID="P98_SP00195" HPOS="422" VPOS="1305" WIDTH="22"/>
						<String ID="P98_ST00221" HPOS="444" VPOS="1273" WIDTH="67" HEIGHT="34" CONTENT="only" WC="0.82" CC="0330"/>
						<SP ID="P98_SP00196" HPOS="511" VPOS="1307" WIDTH="14"/>
						<String ID="P98_ST00222" HPOS="525" VPOS="1273" WIDTH="66" HEIGHT="26" CONTENT="with" WC="0.76" CC="0404"/>
						<SP ID="P98_SP00197" HPOS="591" VPOS="1307" WIDTH="22"/>
						<String ID="P98_ST00223" HPOS="613" VPOS="1274" WIDTH="113" HEIGHT="32" CONTENT="swords," WC="0.94" CC="0000004"/>
						<SP ID="P98_SP00198" HPOS="726" VPOS="1307" WIDTH="20"/>
						<String ID="P98_ST00224" HPOS="746" VPOS="1274" WIDTH="90" HEIGHT="27" CONTENT="which" WC="0.81" CC="00602"/>
						<SP ID="P98_SP00199" HPOS="836" VPOS="1307" WIDTH="24"/>
						<String ID="P98_ST00225" HPOS="860" VPOS="1276" WIDTH="172" HEIGHT="34" CONTENT="subsequent" WC="0.95" CC="0400000000"/>
					</TextLine>
					<TextLine ID="P98_TL00027" HPOS="100" VPOS="1320" WIDTH="932" HEIGHT="36">
						<String ID="P98_ST00226" HPOS="100" VPOS="1322" WIDTH="165" HEIGHT="34" CONTENT="experience" WC="0.86" CC="0800050000"/>
						<SP ID="P98_SP00200" HPOS="265" VPOS="1356" WIDTH="14"/>
						<String ID="P98_ST00227" HPOS="279" VPOS="1320" WIDTH="100" HEIGHT="34" CONTENT="taught" WC="0.92" CC="000030"/>
						<SP ID="P98_SP00201" HPOS="379" VPOS="1356" WIDTH="14"/>
						<String ID="P98_ST00228" HPOS="393" VPOS="1330" WIDTH="44" HEIGHT="17" CONTENT="me" WC="1.00" CC="00"/>
						<SP ID="P98_SP00202" HPOS="437" VPOS="1356" WIDTH="14"/>
						<String ID="P98_ST00229" HPOS="451" VPOS="1320" WIDTH="82" HEIGHT="27" CONTENT="could" WC="0.99" CC="00000"/>
						<SP ID="P98_SP00203" HPOS="533" VPOS="1356" WIDTH="15"/>
						<String ID="P98_ST00230" HPOS="548" VPOS="1324" WIDTH="49" HEIGHT="23" CONTENT="not" WC="1.00" CC="000"/>
						<SP ID="P98_SP00204" HPOS="597" VPOS="1356" WIDTH="14"/>
						<String ID="P98_ST00231" HPOS="611" VPOS="1320" WIDTH="35" HEIGHT="27" CONTENT="be" WC="1.00" CC="00"/>
						<SP ID="P98_SP00205" HPOS="646" VPOS="1356" WIDTH="14"/>
						<String ID="P98_ST00232" HPOS="660" VPOS="1321" WIDTH="95" HEIGHT="26" CONTENT="drawn" WC="0.94" CC="02000"/>
						<SP ID="P98_SP00206" HPOS="755" VPOS="1356" WIDTH="14"/>
						<String ID="P98_ST00233" HPOS="769" VPOS="1321" WIDTH="71" HEIGHT="27" CONTENT="from" WC="0.90" CC="3000"/>
						<SP ID="P98_SP00207" HPOS="840" VPOS="1356" WIDTH="22"/>
						<String ID="P98_ST00234" HPOS="862" VPOS="1323" WIDTH="72" HEIGHT="26" CONTENT="their" WC="0.99" CC="00000"/>
						<SP ID="P98_SP00208" HPOS="934" VPOS="1356" WIDTH="20"/>
						<String ID="P98_ST00235" HPOS="954" VPOS="1325" WIDTH="78" HEIGHT="26" CONTENT="scab" SUBS_TYPE="HypPart1" SUBS_CONTENT="scabbards" WC="1.00" CC="00000"/>
						<HYP CONTENT="-"/>
					</TextLine>
					<TextLine ID="P98_TL00028" HPOS="101" VPOS="1367" WIDTH="648" HEIGHT="33">
						<String ID="P98_ST00236" HPOS="101" VPOS="1369" WIDTH="83" HEIGHT="26" CONTENT="bards" SUBS_TYPE="HypPart2" SUBS_CONTENT="scabbards" WC="0.91" CC="00400"/>
						<SP ID="P98_SP00209" HPOS="184" VPOS="1395" WIDTH="15"/>
						<String ID="P98_ST00237" HPOS="199" VPOS="1369" WIDTH="87" HEIGHT="25" CONTENT="under" WC="0.99" CC="00000"/>
						<SP ID="P98_SP00210" HPOS="286" VPOS="1395" WIDTH="13"/>
						<String ID="P98_ST00238" HPOS="299" VPOS="1377" WIDTH="16" HEIGHT="17" CONTENT="a" WC="1.00" CC="0"/>
						<SP ID="P98_SP00211" HPOS="315" VPOS="1395" WIDTH="14"/>
						<String ID="P98_ST00239" HPOS="329" VPOS="1372" WIDTH="112" HEIGHT="28" CONTENT="quarter" WC="1.00" CC="0000000"/>
						<SP ID="P98_SP00212" HPOS="441" VPOS="1400" WIDTH="12"/>
						<String ID="P98_ST00240" HPOS="453" VPOS="1368" WIDTH="32" HEIGHT="25" CONTENT="of" WC="0.77" CC="03"/>
						<SP ID="P98_SP00213" HPOS="485" VPOS="1400" WIDTH="11"/>
						<String ID="P98_ST00241" HPOS="496" VPOS="1376" WIDTH="35" HEIGHT="17" CONTENT="an" WC="0.70" CC="05"/>
						<SP ID="P98_SP00214" HPOS="531" VPOS="1400" WIDTH="14"/>
						<String ID="P98_ST00242" HPOS="545" VPOS="1367" WIDTH="69" HEIGHT="27" CONTENT="hour" WC="0.82" CC="0042"/>
						<SP ID="P98_SP00215" HPOS="614" VPOS="1400" WIDTH="14"/>
						<String ID="P98_ST00243" HPOS="628" VPOS="1372" WIDTH="29" HEIGHT="22" CONTENT="at" WC="1.00" CC="00"/>
						<SP ID="P98_SP00216" HPOS="657" VPOS="1400" WIDTH="14"/>
						<String ID="P98_ST00244" HPOS="671" VPOS="1369" WIDTH="78" HEIGHT="26" CONTENT="least." WC="0.92" CC="400000"/>
					</TextLine>
				</TextBlock>
				<TextBlock ID="P98_TB00005" HPOS="100" VPOS="1414" WIDTH="934" HEIGHT="130" STYLEREFS="TXT_0 PAR_LEFT">
					<TextLine ID="P98_TL00029" HPOS="138" VPOS="1415" WIDTH="896" HEIGHT="36">
						<String ID="P98_ST00245" HPOS="138" VPOS="1415" WIDTH="124" HEIGHT="27" CONTENT="Darville" WC="0.85" CC="00007400"/>
						<SP ID="P98_SP00217" HPOS="262" VPOS="1442" WIDTH="20"/>
						<String ID="P98_ST00246" HPOS="282" VPOS="1415" WIDTH="100" HEIGHT="26" CONTENT="looked" WC="0.96" CC="200000"/>
						<SP ID="P98_SP00218" HPOS="382" VPOS="1442" WIDTH="16"/>
						<String ID="P98_ST00247" HPOS="398" VPOS="1419" WIDTH="28" HEIGHT="22" CONTENT="at" WC="1.00" CC="00"/>
						<SP ID="P98_SP00219" HPOS="426" VPOS="1442" WIDTH="15"/>
						<String ID="P98_ST00248" HPOS="441" VPOS="1415" WIDTH="78" HEIGHT="26" CONTENT="these" WC="0.90" CC="05000"/>
						<SP ID="P98_SP00220" HPOS="519" VPOS="1442" WIDTH="12"/>
						<String ID="P98_ST00249" HPOS="531" VPOS="1415" WIDTH="68" HEIGHT="26" CONTENT="with" WC="0.89" CC="0202"/>
						<SP ID="P98_SP00221" HPOS="599" VPOS="1442" WIDTH="14"/>
						<String ID="P98_ST00250" HPOS="613" VPOS="1425" WIDTH="17" HEIGHT="16" CONTENT="a" WC="1.00" CC="0"/>
						<SP ID="P98_SP00222" HPOS="630" VPOS="1442" WIDTH="13"/>
						<String ID="P98_ST00251" HPOS="643" VPOS="1425" WIDTH="92" HEIGHT="25" CONTENT="weary" WC="1.00" CC="00000"/>
						<SP ID="P98_SP00223" HPOS="735" VPOS="1450" WIDTH="14"/>
						<String ID="P98_ST00252" HPOS="749" VPOS="1425" WIDTH="58" HEIGHT="26" CONTENT="eye." WC="0.76" CC="0900"/>
						<SP ID="P98_SP00224" HPOS="807" VPOS="1451" WIDTH="41"/>
						<String ID="P98_ST00253" HPOS="848" VPOS="1419" WIDTH="14" HEIGHT="11" CONTENT='"' WC="0.95" CC="0"/>
						<SP ID="P98_SP00225" HPOS="862" VPOS="1451" WIDTH="11"/>
						<String ID="P98_ST00254" HPOS="873" VPOS="1419" WIDTH="11" HEIGHT="25" CONTENT="I" WC="1.00" CC="0"/>
						<SP ID="P98_SP00226" HPOS="884" VPOS="1451" WIDTH="22"/>
						<String ID="P98_ST00255" HPOS="906" VPOS="1419" WIDTH="72" HEIGHT="26" CONTENT="shall" WC="0.88" CC="04000"/>
						<SP ID="P98_SP00227" HPOS="978" VPOS="1451" WIDTH="22"/>
						<String ID="P98_ST00256" HPOS="1000" VPOS="1419" WIDTH="34" HEIGHT="27" CONTENT="be" WC="1.00" CC="00"/>
					</TextLine>
					<TextLine ID="P98_TL00030" HPOS="102" VPOS="1462" WIDTH="932" HEIGHT="34">
						<String ID="P98_ST00257" HPOS="102" VPOS="1465" WIDTH="27" HEIGHT="25" CONTENT="in" WC="0.80" CC="30"/>
						<SP ID="P98_SP00228" HPOS="129" VPOS="1490" WIDTH="21"/>
						<String ID="P98_ST00258" HPOS="150" VPOS="1463" WIDTH="42" HEIGHT="26" CONTENT="till" WC="0.73" CC="0045"/>
						<SP ID="P98_SP00229" HPOS="192" VPOS="1490" WIDTH="21"/>
						<String ID="P98_ST00259" HPOS="213" VPOS="1463" WIDTH="70" HEIGHT="26" CONTENT="dark" WC="1.00" CC="0000"/>
						<SP ID="P98_SP00230" HPOS="283" VPOS="1490" WIDTH="23"/>
						<String ID="P98_ST00260" HPOS="306" VPOS="1462" WIDTH="120" HEIGHT="34" CONTENT='to-day,"' WC="0.96" CC="00000011"/>
						<SP ID="P98_SP00231" HPOS="426" VPOS="1496" WIDTH="25"/>
						<String ID="P98_ST00261" HPOS="451" VPOS="1463" WIDTH="35" HEIGHT="26" CONTENT="he" WC="0.96" CC="00"/>
						<SP ID="P98_SP00232" HPOS="486" VPOS="1496" WIDTH="23"/>
						<String ID="P98_ST00262" HPOS="509" VPOS="1463" WIDTH="60" HEIGHT="26" CONTENT="said" WC="0.84" CC="0060"/>
						<String ID="P98_ST00263" HPOS="580" VPOS="1471" WIDTH="6" HEIGHT="25" CONTENT=";" WC="0.79" CC="2"/>
						<SP ID="P98_SP00233" HPOS="586" VPOS="1496" WIDTH="27"/>
						<String ID="P98_ST00264" HPOS="613" VPOS="1464" WIDTH="15" HEIGHT="12" CONTENT='"' WC="0.99" CC="0"/>
						<SP ID="P98_SP00234" HPOS="628" VPOS="1496" WIDTH="9"/>
						<String ID="P98_ST00265" HPOS="637" VPOS="1463" WIDTH="55" HEIGHT="27" CONTENT="this" WC="0.78" CC="0260"/>
						<SP ID="P98_SP00235" HPOS="692" VPOS="1496" WIDTH="25"/>
						<String ID="P98_ST00266" HPOS="717" VPOS="1464" WIDTH="70" HEIGHT="27" CONTENT="New" WC="0.69" CC="009"/>
						<SP ID="P98_SP00236" HPOS="787" VPOS="1496" WIDTH="24"/>
						<String ID="P98_ST00267" HPOS="811" VPOS="1465" WIDTH="136" HEIGHT="28" CONTENT="Criminal" WC="0.73" CC="20407600"/>
						<SP ID="P98_SP00237" HPOS="947" VPOS="1496" WIDTH="24"/>
						<String ID="P98_ST00268" HPOS="971" VPOS="1468" WIDTH="63" HEIGHT="25" CONTENT="Pro" SUBS_TYPE="HypPart1" SUBS_CONTENT="Procedure" WC="0.85" CC="5000"/>
						<HYP CONTENT="-"/>
					</TextLine>
					<TextLine ID="P98_TL00031" HPOS="102" VPOS="1509" WIDTH="629" HEIGHT="35">
						<String ID="P98_ST00269" HPOS="102" VPOS="1511" WIDTH="100" HEIGHT="27" CONTENT="cedure" SUBS_TYPE="HypPart2" SUBS_CONTENT="Procedure" WC="0.91" CC="000500"/>
						<SP ID="P98_SP00238" HPOS="202" VPOS="1538" WIDTH="15"/>
						<String ID="P98_ST00270" HPOS="217" VPOS="1509" WIDTH="77" HEIGHT="27" CONTENT="Code" WC="1.00" CC="0000"/>
						<SP ID="P98_SP00239" HPOS="294" VPOS="1538" WIDTH="16"/>
						<String ID="P98_ST00271" HPOS="310" VPOS="1509" WIDTH="94" HEIGHT="27" CONTENT="makes" WC="1.00" CC="00000"/>
						<SP ID="P98_SP00240" HPOS="404" VPOS="1538" WIDTH="15"/>
						<String ID="P98_ST00272" HPOS="419" VPOS="1510" WIDTH="166" HEIGHT="34" CONTENT="everything" WC="0.84" CC="0000020309"/>
						<SP ID="P98_SP00241" HPOS="585" VPOS="1544" WIDTH="12"/>
						<String ID="P98_ST00273" HPOS="597" VPOS="1519" WIDTH="32" HEIGHT="17" CONTENT="so" WC="0.84" CC="03"/>
						<SP ID="P98_SP00242" HPOS="629" VPOS="1544" WIDTH="13"/>
						<String ID="P98_ST00274" HPOS="642" VPOS="1511" WIDTH="89" HEIGHT="33" CONTENT='long."' WC="0.89" CC="600000"/>
					</TextLine>
				</TextBlock>
				<TextBlock ID="P98_TB00006" HPOS="141" VPOS="1557" WIDTH="895" HEIGHT="33" STYLEREFS="TXT_0 PAR_CENTER">
					<TextLine ID="P98_TL00032" HPOS="141" VPOS="1557" WIDTH="895" HEIGHT="33">
						<String ID="P98_ST00275" HPOS="141" VPOS="1559" WIDTH="12" HEIGHT="26" CONTENT="I" WC="1.00" CC="0"/>
						<SP ID="P98_SP00243" HPOS="153" VPOS="1585" WIDTH="23"/>
						<String ID="P98_ST00276" HPOS="176" VPOS="1557" WIDTH="122" HEIGHT="33" CONTENT="scarcely" WC="1.00" CC="00000000"/>
						<SP ID="P98_SP00244" HPOS="298" VPOS="1590" WIDTH="21"/>
						<String ID="P98_ST00277" HPOS="319" VPOS="1557" WIDTH="169" HEIGHT="27" CONTENT="understood" WC="1.00" CC="0000000000"/>
						<SP ID="P98_SP00245" HPOS="488" VPOS="1590" WIDTH="24"/>
						<String ID="P98_ST00278" HPOS="512" VPOS="1557" WIDTH="47" HEIGHT="28" CONTENT="the" WC="0.93" CC="010"/>
						<SP ID="P98_SP00246" HPOS="559" VPOS="1590" WIDTH="21"/>
						<String ID="P98_ST00279" HPOS="580" VPOS="1558" WIDTH="74" HEIGHT="27" CONTENT="force" WC="0.91" CC="22000"/>
						<SP ID="P98_SP00247" HPOS="654" VPOS="1590" WIDTH="24"/>
						<String ID="P98_ST00280" HPOS="678" VPOS="1558" WIDTH="32" HEIGHT="27" CONTENT="of" WC="0.71" CC="05"/>
						<SP ID="P98_SP00248" HPOS="710" VPOS="1590" WIDTH="21"/>
						<String ID="P98_ST00281" HPOS="731" VPOS="1559" WIDTH="49" HEIGHT="27" CONTENT="the" WC="0.95" CC="010"/>
						<SP ID="P98_SP00249" HPOS="780" VPOS="1590" WIDTH="21"/>
						<String ID="P98_ST00282" HPOS="801" VPOS="1561" WIDTH="111" HEIGHT="26" CONTENT="remark" WC="0.95" CC="000200"/>
						<SP ID="P98_SP00250" HPOS="912" VPOS="1590" WIDTH="22"/>
						<String ID="P98_ST00283" HPOS="934" VPOS="1565" WIDTH="28" HEIGHT="22" CONTENT="at" WC="1.00" CC="00"/>
						<SP ID="P98_SP00251" HPOS="962" VPOS="1590" WIDTH="27"/>
						<String ID="P98_ST00284" HPOS="989" VPOS="1561" WIDTH="47" HEIGHT="28" CONTENT="the" WC="0.85" CC="003"/>
					</TextLine>
				</TextBlock>
			</PrintSpace>
		</Page>
	</Layout>
</alto>
