<?xml version="1.0" encoding="UTF-8"?>
<alto xmlns:xsi="http://www.w3.org/2001/XMLSchema-instance" xsi:noNamespaceSchemaLocation="http://www.bl.uk/schemas/alto/alto-1-4.xsd" xmlns:xlink="http://www.w3.org/1999/xlink">
	<Description>
		<MeasurementUnit>mm10</MeasurementUnit>
		<sourceImageInformation>
			<fileName>//head1/IN/2008-11/A0011351408.1/007328.jp2</fileName>
		</sourceImageInformation>
		<OCRProcessing ID="OCRPROCESSING_1">
			<preProcessingStep>
				<processingSoftware>
					<softwareCreator>CCS Content Conversion Specialists GmbH, Germany</softwareCreator>
					<softwareName>CCS docWORKS</softwareName>
					<softwareVersion>6.1-0.67</softwareVersion>
				</processingSoftware>
			</preProcessingStep>
			<ocrProcessingStep>
				<processingSoftware>
					<softwareCreator>ABBYY (BIT Software), Russia</softwareCreator>
					<softwareName>Finereader</softwareName>
				</processingSoftware>
			</ocrProcessingStep>
		</OCRProcessing>
	</Description>
	<Styles>
		<TextStyle ID="TXT_0" FONTSIZE="9" FONTFAMILY="Courier New"/>
		<TextStyle ID="TXT_1" FONTSIZE="11" FONTFAMILY="Courier New"/>
		<ParagraphStyle ID="PAR_CENTER" ALIGN="Center"/>
		<ParagraphStyle ID="PAR_LEFT" ALIGN="Left"/>
	</Styles>
	<Layout>
		<Page ID="P246" PHYSICAL_IMG_NR="246" HEIGHT="1706" WIDTH="1150" PRINTED_IMG_NR="238" POSITION="Left" ACCURACY="90.01">
			<TopMargin ID="P246_TM00001" HPOS="0" VPOS="0" WIDTH="1149" HEIGHT="167">
				<TextBlock ID="P246_TB00001" HPOS="405" VPOS="124" WIDTH="384" HEIGHT="43" STYLEREFS="TXT_0 PAR_CENTER">
					<TextLine ID="P246_TL00001" HPOS="406" VPOS="125" WIDTH="383" HEIGHT="42">
						<String ID="P246_ST00001" HPOS="406" VPOS="127" WIDTH="75" HEIGHT="40" CONTENT="Life" WC="1.00" CC="0000"/>
						<SP ID="P246_SP00001" HPOS="481" VPOS="167" WIDTH="22"/>
						<String ID="P246_ST00002" HPOS="503" VPOS="127" WIDTH="34" HEIGHT="32" CONTENT="in" WC="0.86" CC="02"/>
						<SP ID="P246_SP00002" HPOS="537" VPOS="167" WIDTH="23"/>
						<String ID="P246_ST00003" HPOS="560" VPOS="127" WIDTH="50" HEIGHT="32" CONTENT="the" WC="0.71" CC="224"/>
						<SP ID="P246_SP00003" HPOS="610" VPOS="167" WIDTH="20"/>
						<String ID="P246_ST00004" HPOS="630" VPOS="125" WIDTH="159" HEIGHT="42" CONTENT="Mofussil." WC="0.70" CC="040937100"/>
					</TextLine>
				</TextBlock>
				<TextBlock ID="P246_TB00002" HPOS="132" VPOS="127" WIDTH="58" HEIGHT="37" STYLEREFS="TXT_1 PAR_LEFT">
					<TextLine ID="P246_TL00002" HPOS="132" VPOS="127" WIDTH="58" HEIGHT="37">
						<String ID="P246_ST00005" HPOS="132" VPOS="127" WIDTH="58" HEIGHT="37" CONTENT="238" WC="1.00" CC="000"/>
					</TextLine>
				</TextBlock>
			</TopMargin>
			<LeftMargin ID="P246_LM00001" HPOS="0" VPOS="165" WIDTH="131" HEIGHT="1452"/>
			<RightMargin ID="P246_RM00001" HPOS="1067" VPOS="165" WIDTH="82" HEIGHT="1452"/>
			<BottomMargin ID="P246_BM00001" HPOS="0" VPOS="1617" WIDTH="1149" HEIGHT="89"/>
			<PrintSpace ID="P246_PS00001" HPOS="131" VPOS="165" WIDTH="936" HEIGHT="1452">
				<TextBlock ID="P246_TB00003" HPOS="131" VPOS="205" WIDTH="931" HEIGHT="514" STYLEREFS="TXT_0 PAR_LEFT">
					<TextLine ID="P246_TL00003" HPOS="170" VPOS="206" WIDTH="892" HEIGHT="38">
						<String ID="P246_ST00006" HPOS="170" VPOS="212" WIDTH="91" HEIGHT="27" CONTENT="These" WC="0.88" CC="00050"/>
						<SP ID="P246_SP00004" HPOS="261" VPOS="239" WIDTH="22"/>
						<String ID="P246_ST00007" HPOS="283" VPOS="222" WIDTH="80" HEIGHT="18" CONTENT="were," WC="0.72" CC="30603"/>
						<SP ID="P246_SP00005" HPOS="363" VPOS="240" WIDTH="12"/>
						<String ID="P246_ST00008" HPOS="375" VPOS="214" WIDTH="110" HEIGHT="27" CONTENT="erected" WC="0.95" CC="0300000"/>
						<SP ID="P246_SP00006" HPOS="485" VPOS="241" WIDTH="21"/>
						<String ID="P246_ST00009" HPOS="506" VPOS="218" WIDTH="30" HEIGHT="23" CONTENT="at" WC="0.61" CC="70"/>
						<SP ID="P246_SP00007" HPOS="536" VPOS="241" WIDTH="23"/>
						<String ID="P246_ST00010" HPOS="559" VPOS="214" WIDTH="48" HEIGHT="26" CONTENT="the" WC="0.95" CC="100"/>
						<SP ID="P246_SP00008" HPOS="607" VPOS="241" WIDTH="24"/>
						<String ID="P246_ST00011" HPOS="631" VPOS="212" WIDTH="192" HEIGHT="27" CONTENT="Government" WC="0.96" CC="0000000040"/>
						<SP ID="P246_SP00009" HPOS="823" VPOS="241" WIDTH="27"/>
						<String ID="P246_ST00012" HPOS="850" VPOS="217" WIDTH="133" HEIGHT="27" CONTENT="expense," WC="0.77" CC="09006002"/>
						<SP ID="P246_SP00010" HPOS="983" VPOS="244" WIDTH="24"/>
						<String ID="P246_ST00013" HPOS="1007" VPOS="206" WIDTH="55" HEIGHT="28" CONTENT="and" WC="1.00" CC="000"/>
					</TextLine>
					<TextLine ID="P246_TL00004" HPOS="132" VPOS="255" WIDTH="930" HEIGHT="41">
						<String ID="P246_ST00014" HPOS="132" VPOS="259" WIDTH="120" HEIGHT="27" CONTENT="licensed" WC="0.93" CC="40001000"/>
						<SP ID="P246_SP00011" HPOS="252" VPOS="286" WIDTH="20"/>
						<String ID="P246_ST00015" HPOS="272" VPOS="261" WIDTH="129" HEIGHT="26" CONTENT="distillers" WC="0.81" CC="0400414003"/>
						<SP ID="P246_SP00012" HPOS="401" VPOS="287" WIDTH="20"/>
						<String ID="P246_ST00016" HPOS="421" VPOS="265" WIDTH="43" HEIGHT="22" CONTENT="set" WC="1.00" CC="000"/>
						<SP ID="P246_SP00013" HPOS="464" VPOS="287" WIDTH="20"/>
						<String ID="P246_ST00017" HPOS="484" VPOS="270" WIDTH="37" HEIGHT="26" CONTENT="up" WC="1.00" CC="00"/>
						<SP ID="P246_SP00014" HPOS="521" VPOS="296" WIDTH="19"/>
						<String ID="P246_ST00018" HPOS="540" VPOS="261" WIDTH="71" HEIGHT="26" CONTENT="stills" WC="0.68" CC="615600"/>
						<SP ID="P246_SP00015" HPOS="611" VPOS="296" WIDTH="20"/>
						<String ID="P246_ST00019" HPOS="631" VPOS="260" WIDTH="115" HEIGHT="26" CONTENT="therein." WC="0.68" CC="20090650"/>
						<SP ID="P246_SP00016" HPOS="746" VPOS="296" WIDTH="44"/>
						<String ID="P246_ST00020" HPOS="790" VPOS="258" WIDTH="110" HEIGHT="26" CONTENT="Within" WC="0.73" CC="010563"/>
						<SP ID="P246_SP00017" HPOS="900" VPOS="296" WIDTH="20"/>
						<String ID="P246_ST00021" HPOS="920" VPOS="265" WIDTH="17" HEIGHT="17" CONTENT="a" WC="0.11" CC="8"/>
						<SP ID="P246_SP00018" HPOS="937" VPOS="296" WIDTH="19"/>
						<String ID="P246_ST00022" HPOS="956" VPOS="255" WIDTH="106" HEIGHT="27" CONTENT="certain" WC="0.93" CC="0000040"/>
					</TextLine>
					<TextLine ID="P246_TL00005" HPOS="133" VPOS="304" WIDTH="928" HEIGHT="38">
						<String ID="P246_ST00023" HPOS="133" VPOS="307" WIDTH="75" HEIGHT="26" CONTENT="fixed" WC="1.00" CC="00000"/>
						<SP ID="P246_SP00019" HPOS="208" VPOS="333" WIDTH="22"/>
						<String ID="P246_ST00024" HPOS="230" VPOS="308" WIDTH="91" HEIGHT="26" CONTENT="radius" WC="0.88" CC="000700"/>
						<SP ID="P246_SP00020" HPOS="321" VPOS="334" WIDTH="21"/>
						<String ID="P246_ST00025" HPOS="342" VPOS="309" WIDTH="88" HEIGHT="26" CONTENT="round" WC="1.00" CC="00000"/>
						<SP ID="P246_SP00021" HPOS="430" VPOS="335" WIDTH="20"/>
						<String ID="P246_ST00026" HPOS="450" VPOS="308" WIDTH="86" HEIGHT="33" CONTENT="these," WC="0.87" CC="700000"/>
						<SP ID="P246_SP00022" HPOS="536" VPOS="341" WIDTH="16"/>
						<String ID="P246_ST00027" HPOS="552" VPOS="317" WIDTH="36" HEIGHT="17" CONTENT="no" WC="1.00" CC="00"/>
						<SP ID="P246_SP00023" HPOS="588" VPOS="341" WIDTH="14"/>
						<String ID="P246_ST00028" HPOS="602" VPOS="308" WIDTH="107" HEIGHT="34" CONTENT="private" WC="0.90" CC="0060000"/>
						<SP ID="P246_SP00024" HPOS="709" VPOS="342" WIDTH="14"/>
						<String ID="P246_ST00029" HPOS="723" VPOS="306" WIDTH="72" HEIGHT="27" CONTENT="stills" WC="0.73" CC="006450"/>
						<SP ID="P246_SP00025" HPOS="795" VPOS="342" WIDTH="16"/>
						<String ID="P246_ST00030" HPOS="811" VPOS="304" WIDTH="83" HEIGHT="27" CONTENT="could" WC="0.96" CC="00100"/>
						<SP ID="P246_SP00026" HPOS="894" VPOS="342" WIDTH="15"/>
						<String ID="P246_ST00031" HPOS="909" VPOS="304" WIDTH="36" HEIGHT="26" CONTENT="be" WC="1.00" CC="00"/>
						<SP ID="P246_SP00027" HPOS="945" VPOS="342" WIDTH="14"/>
						<String ID="P246_ST00032" HPOS="959" VPOS="307" WIDTH="43" HEIGHT="22" CONTENT="set" WC="1.00" CC="000"/>
						<SP ID="P246_SP00028" HPOS="1002" VPOS="342" WIDTH="14"/>
						<String ID="P246_ST00033" HPOS="1016" VPOS="311" WIDTH="45" HEIGHT="25" CONTENT="up," WC="0.83" CC="500"/>
					</TextLine>
					<TextLine ID="P246_TL00006" HPOS="133" VPOS="350" WIDTH="929" HEIGHT="40">
						<String ID="P246_ST00034" HPOS="133" VPOS="355" WIDTH="55" HEIGHT="25" CONTENT="and" WC="0.57" CC="930"/>
						<SP ID="P246_SP00029" HPOS="188" VPOS="380" WIDTH="14"/>
						<String ID="P246_ST00035" HPOS="202" VPOS="355" WIDTH="36" HEIGHT="25" CONTENT="all" WC="0.67" CC="054"/>
						<SP ID="P246_SP00030" HPOS="238" VPOS="380" WIDTH="15"/>
						<String ID="P246_ST00036" HPOS="253" VPOS="355" WIDTH="78" HEIGHT="26" CONTENT="retail" WC="0.90" CC="000050"/>
						<SP ID="P246_SP00031" HPOS="331" VPOS="381" WIDTH="21"/>
						<String ID="P246_ST00037" HPOS="352" VPOS="356" WIDTH="85" HEIGHT="34" CONTENT="shops" WC="1.00" CC="00000"/>
						<SP ID="P246_SP00032" HPOS="437" VPOS="390" WIDTH="22"/>
						<String ID="P246_ST00038" HPOS="459" VPOS="364" WIDTH="71" HEIGHT="18" CONTENT="were" WC="1.00" CC="0000"/>
						<SP ID="P246_SP00033" HPOS="530" VPOS="390" WIDTH="19"/>
						<String ID="P246_ST00039" HPOS="549" VPOS="355" WIDTH="159" HEIGHT="35" CONTENT="compelled" WC="1.00" CC="000000000"/>
						<SP ID="P246_SP00034" HPOS="708" VPOS="390" WIDTH="21"/>
						<String ID="P246_ST00040" HPOS="729" VPOS="358" WIDTH="30" HEIGHT="22" CONTENT="to" WC="1.00" CC="00"/>
						<SP ID="P246_SP00035" HPOS="759" VPOS="390" WIDTH="20"/>
						<String ID="P246_ST00041" HPOS="779" VPOS="358" WIDTH="48" HEIGHT="29" CONTENT="get" WC="1.00" CC="000"/>
						<SP ID="P246_SP00036" HPOS="827" VPOS="390" WIDTH="17"/>
						<String ID="P246_ST00042" HPOS="844" VPOS="352" WIDTH="73" HEIGHT="27" CONTENT="their" WC="0.78" CC="00063"/>
						<SP ID="P246_SP00037" HPOS="917" VPOS="390" WIDTH="21"/>
						<String ID="P246_ST00043" HPOS="938" VPOS="350" WIDTH="124" HEIGHT="35" CONTENT="supplies" WC="0.90" CC="00000700"/>
					</TextLine>
					<TextLine ID="P246_TL00007" HPOS="134" VPOS="397" WIDTH="928" HEIGHT="40">
						<String ID="P246_ST00044" HPOS="134" VPOS="402" WIDTH="154" HEIGHT="26" CONTENT="therefrom." WC="0.93" CC="2200000200"/>
						<SP ID="P246_SP00038" HPOS="288" VPOS="428" WIDTH="51"/>
						<String ID="P246_ST00045" HPOS="339" VPOS="402" WIDTH="82" HEIGHT="35" CONTENT="They" WC="0.89" CC="0400"/>
						<SP ID="P246_SP00039" HPOS="421" VPOS="437" WIDTH="25"/>
						<String ID="P246_ST00046" HPOS="446" VPOS="412" WIDTH="71" HEIGHT="17" CONTENT="were" WC="1.00" CC="0000"/>
						<SP ID="P246_SP00040" HPOS="517" VPOS="437" WIDTH="26"/>
						<String ID="P246_ST00047" HPOS="543" VPOS="402" WIDTH="88" HEIGHT="27" CONTENT="under" WC="0.96" CC="00001"/>
						<SP ID="P246_SP00041" HPOS="631" VPOS="437" WIDTH="26"/>
						<String ID="P246_ST00048" HPOS="657" VPOS="402" WIDTH="49" HEIGHT="26" CONTENT="the" WC="0.76" CC="060"/>
						<SP ID="P246_SP00042" HPOS="706" VPOS="437" WIDTH="18"/>
						<String ID="P246_ST00049" HPOS="724" VPOS="402" WIDTH="104" HEIGHT="33" CONTENT="charge" WC="0.90" CC="060000"/>
						<SP ID="P246_SP00043" HPOS="828" VPOS="437" WIDTH="26"/>
						<String ID="P246_ST00050" HPOS="854" VPOS="399" WIDTH="31" HEIGHT="27" CONTENT="of" WC="0.88" CC="02"/>
						<SP ID="P246_SP00044" HPOS="885" VPOS="437" WIDTH="26"/>
						<String ID="P246_ST00051" HPOS="911" VPOS="407" WIDTH="36" HEIGHT="18" CONTENT="an" WC="1.00" CC="00"/>
						<SP ID="P246_SP00045" HPOS="947" VPOS="437" WIDTH="21"/>
						<String ID="P246_ST00052" HPOS="968" VPOS="397" WIDTH="94" HEIGHT="27" CONTENT="officer" WC="0.92" CC="0004000"/>
					</TextLine>
					<TextLine ID="P246_TL00008" HPOS="133" VPOS="446" WIDTH="929" HEIGHT="39">
						<String ID="P246_ST00053" HPOS="133" VPOS="448" WIDTH="88" HEIGHT="26" CONTENT="called" WC="0.68" CC="175500"/>
						<SP ID="P246_SP00046" HPOS="221" VPOS="474" WIDTH="15"/>
						<String ID="P246_ST00054" HPOS="236" VPOS="458" WIDTH="16" HEIGHT="17" CONTENT="a" WC="1.00" CC="0"/>
						<SP ID="P246_SP00047" HPOS="252" VPOS="475" WIDTH="13"/>
						<String ID="P246_ST00055" HPOS="265" VPOS="450" WIDTH="141" HEIGHT="35" CONTENT="Darogah," WC="0.93" CC="00400001"/>
						<SP ID="P246_SP00048" HPOS="406" VPOS="485" WIDTH="12"/>
						<String ID="P246_ST00056" HPOS="418" VPOS="450" WIDTH="93" HEIGHT="26" CONTENT="whose" WC="0.86" CC="60000"/>
						<SP ID="P246_SP00049" HPOS="511" VPOS="485" WIDTH="14"/>
						<String ID="P246_ST00057" HPOS="525" VPOS="450" WIDTH="127" HEIGHT="26" CONTENT="business" WC="0.89" CC="00071000"/>
						<SP ID="P246_SP00050" HPOS="652" VPOS="485" WIDTH="14"/>
						<String ID="P246_ST00058" HPOS="666" VPOS="450" WIDTH="21" HEIGHT="25" CONTENT="it" WC="0.65" CC="70"/>
						<SP ID="P246_SP00051" HPOS="687" VPOS="485" WIDTH="14"/>
						<String ID="P246_ST00059" HPOS="701" VPOS="458" WIDTH="56" HEIGHT="17" CONTENT="was" WC="1.00" CC="000"/>
						<SP ID="P246_SP00052" HPOS="757" VPOS="485" WIDTH="14"/>
						<String ID="P246_ST00060" HPOS="771" VPOS="453" WIDTH="30" HEIGHT="21" CONTENT="to" WC="1.00" CC="00"/>
						<SP ID="P246_SP00053" HPOS="801" VPOS="485" WIDTH="15"/>
						<String ID="P246_ST00061" HPOS="816" VPOS="452" WIDTH="51" HEIGHT="22" CONTENT="tax" WC="0.74" CC="007"/>
						<SP ID="P246_SP00054" HPOS="867" VPOS="485" WIDTH="15"/>
						<String ID="P246_ST00062" HPOS="882" VPOS="446" WIDTH="49" HEIGHT="28" CONTENT="the" WC="0.87" CC="030"/>
						<SP ID="P246_SP00055" HPOS="931" VPOS="485" WIDTH="14"/>
						<String ID="P246_ST00063" HPOS="945" VPOS="448" WIDTH="117" HEIGHT="25" CONTENT="amount" WC="0.95" CC="000020"/>
					</TextLine>
					<TextLine ID="P246_TL00009" HPOS="134" VPOS="493" WIDTH="928" HEIGHT="38">
						<String ID="P246_ST00064" HPOS="134" VPOS="496" WIDTH="98" HEIGHT="33" CONTENT="passed" WC="1.00" CC="000000"/>
						<SP ID="P246_SP00056" HPOS="232" VPOS="529" WIDTH="21"/>
						<String ID="P246_ST00065" HPOS="253" VPOS="501" WIDTH="49" HEIGHT="22" CONTENT="out" WC="1.00" CC="000"/>
						<SP ID="P246_SP00057" HPOS="302" VPOS="529" WIDTH="20"/>
						<String ID="P246_ST00066" HPOS="322" VPOS="497" WIDTH="55" HEIGHT="26" CONTENT="and" WC="1.00" CC="000"/>
						<SP ID="P246_SP00058" HPOS="377" VPOS="529" WIDTH="15"/>
						<String ID="P246_ST00067" HPOS="392" VPOS="501" WIDTH="29" HEIGHT="22" CONTENT="to" WC="1.00" CC="00"/>
						<SP ID="P246_SP00059" HPOS="421" VPOS="529" WIDTH="15"/>
						<String ID="P246_ST00068" HPOS="436" VPOS="501" WIDTH="55" HEIGHT="22" CONTENT="test" WC="1.00" CC="0000"/>
						<SP ID="P246_SP00060" HPOS="491" VPOS="529" WIDTH="20"/>
						<String ID="P246_ST00069" HPOS="511" VPOS="498" WIDTH="35" HEIGHT="25" CONTENT="its" WC="0.81" CC="400"/>
						<SP ID="P246_SP00061" HPOS="546" VPOS="529" WIDTH="18"/>
						<String ID="P246_ST00070" HPOS="564" VPOS="496" WIDTH="127" HEIGHT="35" CONTENT="strength" WC="0.91" CC="00501000"/>
						<String ID="P246_ST00071" HPOS="702" VPOS="506" WIDTH="6" HEIGHT="23" CONTENT=";" WC="0.65" CC="3"/>
						<SP ID="P246_SP00062" HPOS="708" VPOS="531" WIDTH="21"/>
						<String ID="P246_ST00072" HPOS="729" VPOS="496" WIDTH="60" HEIGHT="27" CONTENT="also" WC="0.98" CC="0000"/>
						<SP ID="P246_SP00063" HPOS="789" VPOS="531" WIDTH="13"/>
						<String ID="P246_ST00073" HPOS="802" VPOS="499" WIDTH="31" HEIGHT="23" CONTENT="to" WC="1.00" CC="00"/>
						<SP ID="P246_SP00064" HPOS="833" VPOS="531" WIDTH="14"/>
						<String ID="P246_ST00074" HPOS="847" VPOS="497" WIDTH="117" HEIGHT="32" CONTENT="prevent" WC="0.98" CC="0100000"/>
						<SP ID="P246_SP00065" HPOS="964" VPOS="531" WIDTH="19"/>
						<String ID="P246_ST00075" HPOS="983" VPOS="493" WIDTH="79" HEIGHT="26" CONTENT="illicit" WC="0.63" CC="6245041"/>
					</TextLine>
					<TextLine ID="P246_TL00010" HPOS="133" VPOS="541" WIDTH="929" HEIGHT="35">
						<String ID="P246_ST00076" HPOS="133" VPOS="544" WIDTH="197" HEIGHT="32" CONTENT="manufacture," WC="0.77" CC="005669000000"/>
						<SP ID="P246_SP00066" HPOS="330" VPOS="576" WIDTH="21"/>
						<String ID="P246_ST00077" HPOS="351" VPOS="545" WIDTH="56" HEIGHT="25" CONTENT="and" WC="1.00" CC="000"/>
						<SP ID="P246_SP00067" HPOS="407" VPOS="576" WIDTH="18"/>
						<String ID="P246_ST00078" HPOS="425" VPOS="548" WIDTH="30" HEIGHT="22" CONTENT="to" WC="1.00" CC="00"/>
						<SP ID="P246_SP00068" HPOS="455" VPOS="576" WIDTH="20"/>
						<String ID="P246_ST00079" HPOS="475" VPOS="544" WIDTH="65" HEIGHT="26" CONTENT="look" WC="1.00" CC="0000"/>
						<SP ID="P246_SP00069" HPOS="540" VPOS="576" WIDTH="22"/>
						<String ID="P246_ST00080" HPOS="562" VPOS="543" WIDTH="72" HEIGHT="27" CONTENT="after" WC="0.88" CC="00005"/>
						<SP ID="P246_SP00070" HPOS="634" VPOS="576" WIDTH="22"/>
						<String ID="P246_ST00081" HPOS="656" VPOS="544" WIDTH="48" HEIGHT="26" CONTENT="the" WC="0.89" CC="030"/>
						<SP ID="P246_SP00071" HPOS="704" VPOS="576" WIDTH="21"/>
						<String ID="P246_ST00082" HPOS="725" VPOS="542" WIDTH="124" HEIGHT="27" CONTENT="licensed" WC="0.94" CC="04000000"/>
						<SP ID="P246_SP00072" HPOS="849" VPOS="576" WIDTH="22"/>
						<String ID="P246_ST00083" HPOS="871" VPOS="541" WIDTH="191" HEIGHT="35" CONTENT="shopkeepers" WC="0.98" CC="00000000001"/>
					</TextLine>
					<TextLine ID="P246_TL00011" HPOS="133" VPOS="587" WIDTH="927" HEIGHT="38">
						<String ID="P246_ST00084" HPOS="133" VPOS="590" WIDTH="61" HEIGHT="26" CONTENT="who" WC="0.83" CC="050"/>
						<SP ID="P246_SP00073" HPOS="194" VPOS="616" WIDTH="14"/>
						<String ID="P246_ST00085" HPOS="208" VPOS="591" WIDTH="68" HEIGHT="26" CONTENT="took" WC="1.00" CC="0000"/>
						<SP ID="P246_SP00074" HPOS="276" VPOS="617" WIDTH="13"/>
						<String ID="P246_ST00086" HPOS="289" VPOS="591" WIDTH="71" HEIGHT="26" CONTENT="their" WC="0.76" CC="06040"/>
						<SP ID="P246_SP00075" HPOS="360" VPOS="617" WIDTH="13"/>
						<String ID="P246_ST00087" HPOS="373" VPOS="591" WIDTH="93" HEIGHT="34" CONTENT="spirits" WC="0.80" CC="0070600"/>
						<SP ID="P246_SP00076" HPOS="466" VPOS="625" WIDTH="14"/>
						<String ID="P246_ST00088" HPOS="480" VPOS="591" WIDTH="70" HEIGHT="26" CONTENT="from" WC="0.91" CC="3000"/>
						<SP ID="P246_SP00077" HPOS="550" VPOS="625" WIDTH="15"/>
						<String ID="P246_ST00089" HPOS="565" VPOS="591" WIDTH="48" HEIGHT="26" CONTENT="the" WC="0.97" CC="000"/>
						<SP ID="P246_SP00078" HPOS="613" VPOS="625" WIDTH="12"/>
						<String ID="P246_ST00090" HPOS="625" VPOS="590" WIDTH="144" HEIGHT="34" CONTENT="distillery." WC="0.90" CC="04005000000"/>
						<SP ID="P246_SP00079" HPOS="769" VPOS="625" WIDTH="29"/>
						<String ID="P246_ST00091" HPOS="798" VPOS="590" WIDTH="92" HEIGHT="26" CONTENT="These" WC="1.00" CC="00000"/>
						<SP ID="P246_SP00080" HPOS="890" VPOS="625" WIDTH="14"/>
						<String ID="P246_ST00092" HPOS="904" VPOS="597" WIDTH="72" HEIGHT="18" CONTENT="were" WC="1.00" CC="0000"/>
						<SP ID="P246_SP00081" HPOS="976" VPOS="625" WIDTH="14"/>
						<String ID="P246_ST00093" HPOS="990" VPOS="587" WIDTH="70" HEIGHT="27" CONTENT="used" WC="1.00" CC="0000"/>
					</TextLine>
					<TextLine ID="P246_TL00012" HPOS="133" VPOS="637" WIDTH="927" HEIGHT="36">
						<String ID="P246_ST00094" HPOS="133" VPOS="639" WIDTH="30" HEIGHT="26" CONTENT="of" WC="0.75" CC="50"/>
						<SP ID="P246_SP00082" HPOS="163" VPOS="665" WIDTH="20"/>
						<String ID="P246_ST00095" HPOS="183" VPOS="649" WIDTH="96" HEIGHT="17" CONTENT="course" WC="1.00" CC="000000"/>
						<SP ID="P246_SP00083" HPOS="279" VPOS="666" WIDTH="23"/>
						<String ID="P246_ST00096" HPOS="302" VPOS="639" WIDTH="41" HEIGHT="27" CONTENT="for" WC="0.87" CC="030"/>
						<SP ID="P246_SP00084" HPOS="343" VPOS="666" WIDTH="22"/>
						<String ID="P246_ST00097" HPOS="365" VPOS="639" WIDTH="48" HEIGHT="27" CONTENT="the" WC="0.92" CC="020"/>
						<SP ID="P246_SP00085" HPOS="413" VPOS="666" WIDTH="19"/>
						<String ID="P246_ST00098" HPOS="432" VPOS="640" WIDTH="166" HEIGHT="26" CONTENT="distillation" WC="0.88" CC="050050000300"/>
						<SP ID="P246_SP00086" HPOS="598" VPOS="666" WIDTH="15"/>
						<String ID="P246_ST00099" HPOS="613" VPOS="639" WIDTH="33" HEIGHT="27" CONTENT="of" WC="0.56" CC="08"/>
						<SP ID="P246_SP00087" HPOS="646" VPOS="666" WIDTH="15"/>
						<String ID="P246_ST00100" HPOS="661" VPOS="644" WIDTH="120" HEIGHT="29" CONTENT="country" WC="1.00" CC="0000000"/>
						<SP ID="P246_SP00088" HPOS="781" VPOS="673" WIDTH="14"/>
						<String ID="P246_ST00101" HPOS="795" VPOS="639" WIDTH="79" HEIGHT="34" CONTENT="spirit" WC="0.88" CC="000070"/>
						<SP ID="P246_SP00089" HPOS="874" VPOS="673" WIDTH="24"/>
						<String ID="P246_ST00102" HPOS="898" VPOS="638" WIDTH="75" HEIGHT="34" CONTENT="only." WC="0.95" CC="02000"/>
						<SP ID="P246_SP00090" HPOS="973" VPOS="673" WIDTH="30"/>
						<String ID="P246_ST00103" HPOS="1003" VPOS="637" WIDTH="57" HEIGHT="25" CONTENT="Im" SUBS_TYPE="HypPart1" SUBS_CONTENT="Imported" WC="1.00" CC="000"/>
						<HYP CONTENT="-"/>
					</TextLine>
					<TextLine ID="P246_TL00013" HPOS="133" VPOS="686" WIDTH="712" HEIGHT="33">
						<String ID="P246_ST00104" HPOS="133" VPOS="688" WIDTH="97" HEIGHT="31" CONTENT="ported" SUBS_TYPE="HypPart2" SUBS_CONTENT="Imported" WC="0.99" CC="000000"/>
						<SP ID="P246_SP00091" HPOS="230" VPOS="719" WIDTH="14"/>
						<String ID="P246_ST00105" HPOS="244" VPOS="687" WIDTH="93" HEIGHT="32" CONTENT="spirits" WC="0.84" CC="0050500"/>
						<SP ID="P246_SP00092" HPOS="337" VPOS="719" WIDTH="13"/>
						<String ID="P246_ST00106" HPOS="350" VPOS="696" WIDTH="71" HEIGHT="17" CONTENT="were" WC="1.00" CC="0000"/>
						<SP ID="P246_SP00093" HPOS="421" VPOS="719" WIDTH="14"/>
						<String ID="P246_ST00107" HPOS="435" VPOS="688" WIDTH="107" HEIGHT="25" CONTENT="treated" WC="0.96" CC="0100100"/>
						<SP ID="P246_SP00094" HPOS="542" VPOS="719" WIDTH="16"/>
						<String ID="P246_ST00108" HPOS="558" VPOS="687" WIDTH="28" HEIGHT="26" CONTENT="in" WC="0.48" CC="19"/>
						<SP ID="P246_SP00095" HPOS="586" VPOS="719" WIDTH="14"/>
						<String ID="P246_ST00109" HPOS="600" VPOS="696" WIDTH="16" HEIGHT="17" CONTENT="a" WC="1.00" CC="0"/>
						<SP ID="P246_SP00096" HPOS="616" VPOS="719" WIDTH="14"/>
						<String ID="P246_ST00110" HPOS="630" VPOS="686" WIDTH="131" HEIGHT="27" CONTENT="different" WC="0.86" CC="004403000"/>
						<SP ID="P246_SP00097" HPOS="761" VPOS="719" WIDTH="13"/>
						<String ID="P246_ST00111" HPOS="774" VPOS="695" WIDTH="71" HEIGHT="24" CONTENT="way." WC="1.00" CC="0000"/>
					</TextLine>
				</TextBlock>
				<TextBlock ID="P246_TB00004" HPOS="131" VPOS="731" WIDTH="936" HEIGHT="695" STYLEREFS="TXT_0 PAR_LEFT">
					<TextLine ID="P246_TL00014" HPOS="169" VPOS="732" WIDTH="894" HEIGHT="36">
						<String ID="P246_ST00112" HPOS="169" VPOS="733" WIDTH="12" HEIGHT="26" CONTENT="I" WC="1.00" CC="0"/>
						<SP ID="P246_SP00098" HPOS="181" VPOS="759" WIDTH="16"/>
						<String ID="P246_ST00113" HPOS="197" VPOS="733" WIDTH="79" HEIGHT="27" CONTENT="don't" WC="0.91" CC="00040"/>
						<SP ID="P246_SP00099" HPOS="276" VPOS="760" WIDTH="23"/>
						<String ID="P246_ST00114" HPOS="299" VPOS="733" WIDTH="83" HEIGHT="27" CONTENT="know" WC="0.93" CC="0020"/>
						<SP ID="P246_SP00100" HPOS="382" VPOS="760" WIDTH="13"/>
						<String ID="P246_ST00115" HPOS="395" VPOS="733" WIDTH="63" HEIGHT="27" CONTENT="who" WC="0.83" CC="050"/>
						<SP ID="P246_SP00101" HPOS="458" VPOS="760" WIDTH="14"/>
						<String ID="P246_ST00116" HPOS="472" VPOS="734" WIDTH="75" HEIGHT="26" CONTENT="drew" WC="1.00" CC="0000"/>
						<SP ID="P246_SP00102" HPOS="547" VPOS="760" WIDTH="13"/>
						<String ID="P246_ST00117" HPOS="560" VPOS="744" WIDTH="37" HEIGHT="24" CONTENT="up" WC="1.00" CC="00"/>
						<SP ID="P246_SP00103" HPOS="597" VPOS="768" WIDTH="13"/>
						<String ID="P246_ST00118" HPOS="610" VPOS="733" WIDTH="48" HEIGHT="28" CONTENT="the" WC="0.83" CC="040"/>
						<SP ID="P246_SP00104" HPOS="658" VPOS="768" WIDTH="21"/>
						<String ID="P246_ST00119" HPOS="679" VPOS="733" WIDTH="112" HEIGHT="27" CONTENT="scheme" WC="0.98" CC="001000"/>
						<SP ID="P246_SP00105" HPOS="791" VPOS="768" WIDTH="15"/>
						<String ID="P246_ST00120" HPOS="806" VPOS="733" WIDTH="42" HEIGHT="26" CONTENT="for" WC="1.00" CC="000"/>
						<SP ID="P246_SP00106" HPOS="848" VPOS="768" WIDTH="19"/>
						<String ID="P246_ST00121" HPOS="867" VPOS="733" WIDTH="49" HEIGHT="26" CONTENT="the" WC="1.00" CC="000"/>
						<SP ID="P246_SP00107" HPOS="916" VPOS="768" WIDTH="24"/>
						<String ID="P246_ST00122" HPOS="940" VPOS="732" WIDTH="123" HEIGHT="27" CONTENT="erection" WC="0.93" CC="00000500"/>
					</TextLine>
					<TextLine ID="P246_TL00015" HPOS="132" VPOS="779" WIDTH="931" HEIGHT="37">
						<String ID="P246_ST00123" HPOS="132" VPOS="781" WIDTH="32" HEIGHT="26" CONTENT="of" WC="0.73" CC="23"/>
						<SP ID="P246_SP00108" HPOS="164" VPOS="807" WIDTH="10"/>
						<String ID="P246_ST00124" HPOS="174" VPOS="781" WIDTH="77" HEIGHT="26" CONTENT="these" WC="0.94" CC="02000"/>
						<SP ID="P246_SP00109" HPOS="251" VPOS="807" WIDTH="14"/>
						<String ID="P246_ST00125" HPOS="265" VPOS="781" WIDTH="157" HEIGHT="26" CONTENT="distilleries" WC="0.97" CC="000300000000"/>
						<SP ID="P246_SP00110" HPOS="422" VPOS="807" WIDTH="15"/>
						<String ID="P246_ST00126" HPOS="437" VPOS="781" WIDTH="27" HEIGHT="25" CONTENT="in" WC="0.65" CC="60"/>
						<SP ID="P246_SP00111" HPOS="464" VPOS="807" WIDTH="14"/>
						<String ID="P246_ST00127" HPOS="478" VPOS="781" WIDTH="47" HEIGHT="26" CONTENT="the" WC="0.97" CC="000"/>
						<SP ID="P246_SP00112" HPOS="525" VPOS="807" WIDTH="22"/>
						<String ID="P246_ST00128" HPOS="547" VPOS="781" WIDTH="195" HEIGHT="35" CONTENT="Durbhungah" WC="0.89" CC="0000406000"/>
						<SP ID="P246_SP00113" HPOS="742" VPOS="816" WIDTH="15"/>
						<String ID="P246_ST00129" HPOS="757" VPOS="781" WIDTH="172" HEIGHT="26" CONTENT="subdivision" WC="0.76" CC="02007060603"/>
						<SP ID="P246_SP00114" HPOS="929" VPOS="816" WIDTH="13"/>
						<String ID="P246_ST00130" HPOS="942" VPOS="790" WIDTH="6" HEIGHT="23" CONTENT=";" WC="0.57" CC="4"/>
						<SP ID="P246_SP00115" HPOS="948" VPOS="816" WIDTH="14"/>
						<String ID="P246_ST00131" HPOS="962" VPOS="780" WIDTH="52" HEIGHT="25" CONTENT="but" WC="0.92" CC="002"/>
						<SP ID="P246_SP00116" HPOS="1014" VPOS="816" WIDTH="14"/>
						<String ID="P246_ST00132" HPOS="1028" VPOS="779" WIDTH="35" HEIGHT="26" CONTENT="he" WC="0.83" CC="30"/>
					</TextLine>
					<TextLine ID="P246_TL00016" HPOS="132" VPOS="827" WIDTH="931" HEIGHT="35">
						<String ID="P246_ST00133" HPOS="132" VPOS="828" WIDTH="55" HEIGHT="27" CONTENT="had" WC="0.82" CC="500"/>
						<SP ID="P246_SP00117" HPOS="187" VPOS="855" WIDTH="16"/>
						<String ID="P246_ST00134" HPOS="203" VPOS="828" WIDTH="166" HEIGHT="34" CONTENT="apparently" WC="1.00" CC="0000000000"/>
						<SP ID="P246_SP00118" HPOS="369" VPOS="862" WIDTH="12"/>
						<String ID="P246_ST00135" HPOS="381" VPOS="828" WIDTH="94" HEIGHT="26" CONTENT="drawn" WC="0.85" CC="00700"/>
						<SP ID="P246_SP00119" HPOS="475" VPOS="862" WIDTH="12"/>
						<String ID="P246_ST00136" HPOS="487" VPOS="837" WIDTH="16" HEIGHT="17" CONTENT="a" WC="1.00" CC="0"/>
						<SP ID="P246_SP00120" HPOS="503" VPOS="862" WIDTH="11"/>
						<String ID="P246_ST00137" HPOS="514" VPOS="829" WIDTH="119" HEIGHT="26" CONTENT="number" WC="0.93" CC="000004"/>
						<SP ID="P246_SP00121" HPOS="633" VPOS="862" WIDTH="8"/>
						<String ID="P246_ST00138" HPOS="641" VPOS="828" WIDTH="31" HEIGHT="26" CONTENT="of" WC="1.00" CC="00"/>
						<SP ID="P246_SP00122" HPOS="672" VPOS="862" WIDTH="10"/>
						<String ID="P246_ST00139" HPOS="682" VPOS="828" WIDTH="94" HEIGHT="27" CONTENT="circles" WC="0.92" CC="0400000"/>
						<SP ID="P246_SP00123" HPOS="776" VPOS="862" WIDTH="14"/>
						<String ID="P246_ST00140" HPOS="790" VPOS="837" WIDTH="37" HEIGHT="18" CONTENT="on" WC="1.00" CC="00"/>
						<SP ID="P246_SP00124" HPOS="827" VPOS="862" WIDTH="14"/>
						<String ID="P246_ST00141" HPOS="841" VPOS="827" WIDTH="48" HEIGHT="27" CONTENT="the" WC="0.85" CC="040"/>
						<SP ID="P246_SP00125" HPOS="889" VPOS="862" WIDTH="10"/>
						<String ID="P246_ST00142" HPOS="899" VPOS="836" WIDTH="73" HEIGHT="25" CONTENT="map," WC="0.89" CC="0004"/>
						<SP ID="P246_SP00126" HPOS="972" VPOS="862" WIDTH="11"/>
						<String ID="P246_ST00143" HPOS="983" VPOS="827" WIDTH="80" HEIGHT="26" CONTENT="with" SUBS_TYPE="HypPart1" SUBS_CONTENT="without" WC="0.80" CC="07020"/>
						<HYP CONTENT="-"/>
					</TextLine>
					<TextLine ID="P246_TL00017" HPOS="132" VPOS="874" WIDTH="931" HEIGHT="36">
						<String ID="P246_ST00144" HPOS="132" VPOS="880" WIDTH="50" HEIGHT="21" CONTENT="out" SUBS_TYPE="HypPart2" SUBS_CONTENT="without" WC="1.00" CC="000"/>
						<SP ID="P246_SP00127" HPOS="182" VPOS="901" WIDTH="13"/>
						<String ID="P246_ST00145" HPOS="195" VPOS="884" WIDTH="56" HEIGHT="26" CONTENT="any" WC="1.00" CC="000"/>
						<SP ID="P246_SP00128" HPOS="251" VPOS="910" WIDTH="14"/>
						<String ID="P246_ST00146" HPOS="265" VPOS="876" WIDTH="204" HEIGHT="26" CONTENT="consideration" WC="0.87" CC="0030080400000"/>
						<SP ID="P246_SP00129" HPOS="469" VPOS="910" WIDTH="14"/>
						<String ID="P246_ST00147" HPOS="483" VPOS="875" WIDTH="32" HEIGHT="26" CONTENT="of" WC="0.93" CC="10"/>
						<SP ID="P246_SP00130" HPOS="515" VPOS="910" WIDTH="10"/>
						<String ID="P246_ST00148" HPOS="525" VPOS="875" WIDTH="48" HEIGHT="26" CONTENT="the" WC="0.76" CC="070"/>
						<SP ID="P246_SP00131" HPOS="573" VPOS="910" WIDTH="13"/>
						<String ID="P246_ST00149" HPOS="586" VPOS="875" WIDTH="215" HEIGHT="26" CONTENT="circumstances" WC="0.90" CC="0600000006000"/>
						<SP ID="P246_SP00132" HPOS="801" VPOS="910" WIDTH="12"/>
						<String ID="P246_ST00150" HPOS="813" VPOS="875" WIDTH="31" HEIGHT="26" CONTENT="of" WC="1.00" CC="00"/>
						<SP ID="P246_SP00133" HPOS="844" VPOS="910" WIDTH="12"/>
						<String ID="P246_ST00151" HPOS="856" VPOS="875" WIDTH="68" HEIGHT="26" CONTENT="each" WC="0.66" CC="0606"/>
						<SP ID="P246_SP00134" HPOS="924" VPOS="910" WIDTH="15"/>
						<String ID="P246_ST00152" HPOS="939" VPOS="874" WIDTH="124" HEIGHT="34" CONTENT="locality," WC="0.93" CC="000005000"/>
					</TextLine>
					<TextLine ID="P246_TL00018" HPOS="133" VPOS="921" WIDTH="929" HEIGHT="35">
						<String ID="P246_ST00153" HPOS="133" VPOS="923" WIDTH="55" HEIGHT="26" CONTENT="and" WC="0.90" CC="020"/>
						<SP ID="P246_SP00135" HPOS="188" VPOS="949" WIDTH="21"/>
						<String ID="P246_ST00154" HPOS="209" VPOS="923" WIDTH="67" HEIGHT="31" CONTENT="said," WC="1.00" CC="00000"/>
						<SP ID="P246_SP00136" HPOS="276" VPOS="954" WIDTH="17"/>
						<String ID="P246_ST00155" HPOS="293" VPOS="925" WIDTH="13" HEIGHT="10" CONTENT='"' WC="0.82" CC="1"/>
						<SP ID="P246_SP00137" HPOS="306" VPOS="954" WIDTH="9"/>
						<String ID="P246_ST00156" HPOS="315" VPOS="922" WIDTH="92" HEIGHT="27" CONTENT="There" WC="0.98" CC="01000"/>
						<SP ID="P246_SP00138" HPOS="407" VPOS="954" WIDTH="14"/>
						<String ID="P246_ST00157" HPOS="421" VPOS="922" WIDTH="71" HEIGHT="27" CONTENT="shall" WC="0.87" CC="06000"/>
						<SP ID="P246_SP00139" HPOS="492" VPOS="954" WIDTH="15"/>
						<String ID="P246_ST00158" HPOS="507" VPOS="922" WIDTH="35" HEIGHT="27" CONTENT="be" WC="1.00" CC="00"/>
						<SP ID="P246_SP00140" HPOS="542" VPOS="954" WIDTH="15"/>
						<String ID="P246_ST00159" HPOS="557" VPOS="932" WIDTH="16" HEIGHT="17" CONTENT="a" WC="1.00" CC="0"/>
						<SP ID="P246_SP00141" HPOS="573" VPOS="954" WIDTH="13"/>
						<String ID="P246_ST00160" HPOS="586" VPOS="922" WIDTH="136" HEIGHT="34" CONTENT="distillery" WC="0.95" CC="0000500000"/>
						<SP ID="P246_SP00142" HPOS="722" VPOS="956" WIDTH="14"/>
						<String ID="P246_ST00161" HPOS="736" VPOS="923" WIDTH="27" HEIGHT="25" CONTENT="in" WC="0.64" CC="70"/>
						<SP ID="P246_SP00143" HPOS="763" VPOS="956" WIDTH="15"/>
						<String ID="P246_ST00162" HPOS="778" VPOS="922" WIDTH="48" HEIGHT="27" CONTENT="the" WC="0.77" CC="060"/>
						<SP ID="P246_SP00144" HPOS="826" VPOS="956" WIDTH="14"/>
						<String ID="P246_ST00163" HPOS="840" VPOS="926" WIDTH="93" HEIGHT="23" CONTENT="centre" WC="1.00" CC="000000"/>
						<SP ID="P246_SP00145" HPOS="933" VPOS="956" WIDTH="15"/>
						<String ID="P246_ST00164" HPOS="948" VPOS="921" WIDTH="31" HEIGHT="27" CONTENT="of" WC="0.77" CC="04"/>
						<SP ID="P246_SP00146" HPOS="979" VPOS="956" WIDTH="15"/>
						<String ID="P246_ST00165" HPOS="994" VPOS="921" WIDTH="68" HEIGHT="26" CONTENT="each" WC="1.00" CC="0000"/>
					</TextLine>
					<TextLine ID="P246_TL00019" HPOS="133" VPOS="968" WIDTH="931" HEIGHT="33">
						<String ID="P246_ST00166" HPOS="133" VPOS="970" WIDTH="31" HEIGHT="26" CONTENT="of" WC="1.00" CC="00"/>
						<SP ID="P246_SP00147" HPOS="164" VPOS="996" WIDTH="9"/>
						<String ID="P246_ST00167" HPOS="173" VPOS="970" WIDTH="48" HEIGHT="26" CONTENT="the" WC="0.91" CC="020"/>
						<SP ID="P246_SP00148" HPOS="221" VPOS="996" WIDTH="14"/>
						<String ID="P246_ST00168" HPOS="235" VPOS="970" WIDTH="116" HEIGHT="26" CONTENT='circles."' WC="0.92" CC="060000000"/>
						<SP ID="P246_SP00149" HPOS="351" VPOS="996" WIDTH="30"/>
						<String ID="P246_ST00169" HPOS="381" VPOS="969" WIDTH="62" HEIGHT="26" CONTENT="The" WC="0.76" CC="070"/>
						<SP ID="P246_SP00150" HPOS="443" VPOS="996" WIDTH="21"/>
						<String ID="P246_ST00170" HPOS="464" VPOS="970" WIDTH="83" HEIGHT="25" CONTENT="result" WC="0.96" CC="000010"/>
						<SP ID="P246_SP00151" HPOS="547" VPOS="996" WIDTH="14"/>
						<String ID="P246_ST00171" HPOS="561" VPOS="978" WIDTH="63" HEIGHT="23" CONTENT="was," WC="0.99" CC="0000"/>
						<SP ID="P246_SP00152" HPOS="624" VPOS="1001" WIDTH="15"/>
						<String ID="P246_ST00172" HPOS="639" VPOS="969" WIDTH="63" HEIGHT="26" CONTENT="that" WC="0.82" CC="0700"/>
						<SP ID="P246_SP00153" HPOS="702" VPOS="1001" WIDTH="14"/>
						<String ID="P246_ST00173" HPOS="716" VPOS="974" WIDTH="30" HEIGHT="21" CONTENT="at" WC="1.00" CC="00"/>
						<SP ID="P246_SP00154" HPOS="746" VPOS="1001" WIDTH="19"/>
						<String ID="P246_ST00174" HPOS="765" VPOS="969" WIDTH="55" HEIGHT="26" CONTENT="this" WC="0.85" CC="0060"/>
						<SP ID="P246_SP00155" HPOS="820" VPOS="1001" WIDTH="20"/>
						<String ID="P246_ST00175" HPOS="840" VPOS="970" WIDTH="68" HEIGHT="25" CONTENT="time" WC="0.81" CC="0700"/>
						<SP ID="P246_SP00156" HPOS="908" VPOS="1001" WIDTH="14"/>
						<String ID="P246_ST00176" HPOS="922" VPOS="977" WIDTH="79" HEIGHT="17" CONTENT="came" WC="1.00" CC="0000"/>
						<SP ID="P246_SP00157" HPOS="1001" VPOS="1001" WIDTH="14"/>
						<String ID="P246_ST00177" HPOS="1015" VPOS="968" WIDTH="49" HEIGHT="26" CONTENT="the" WC="0.78" CC="060"/>
					</TextLine>
					<TextLine ID="P246_TL00020" HPOS="133" VPOS="1016" WIDTH="931" HEIGHT="31">
						<String ID="P246_ST00178" HPOS="133" VPOS="1018" WIDTH="81" HEIGHT="25" CONTENT="order" WC="1.00" CC="00000"/>
						<SP ID="P246_SP00158" HPOS="214" VPOS="1043" WIDTH="20"/>
						<String ID="P246_ST00179" HPOS="234" VPOS="1016" WIDTH="63" HEIGHT="27" CONTENT="that" WC="0.82" CC="0700"/>
						<SP ID="P246_SP00159" HPOS="297" VPOS="1043" WIDTH="23"/>
						<String ID="P246_ST00180" HPOS="320" VPOS="1016" WIDTH="94" HEIGHT="27" CONTENT="eleven" WC="1.00" CC="000000"/>
						<SP ID="P246_SP00160" HPOS="414" VPOS="1043" WIDTH="15"/>
						<String ID="P246_ST00181" HPOS="429" VPOS="1016" WIDTH="32" HEIGHT="26" CONTENT="of" WC="1.00" CC="00"/>
						<SP ID="P246_SP00161" HPOS="461" VPOS="1043" WIDTH="16"/>
						<String ID="P246_ST00182" HPOS="477" VPOS="1016" WIDTH="78" HEIGHT="26" CONTENT="these" WC="0.95" CC="02000"/>
						<SP ID="P246_SP00162" HPOS="555" VPOS="1043" WIDTH="21"/>
						<String ID="P246_ST00183" HPOS="576" VPOS="1016" WIDTH="159" HEIGHT="26" CONTENT="distilleries" WC="0.83" CC="060004100700"/>
						<SP ID="P246_SP00163" HPOS="735" VPOS="1043" WIDTH="23"/>
						<String ID="P246_ST00184" HPOS="758" VPOS="1016" WIDTH="99" HEIGHT="26" CONTENT="should" WC="0.85" CC="060010"/>
						<SP ID="P246_SP00164" HPOS="857" VPOS="1043" WIDTH="22"/>
						<String ID="P246_ST00185" HPOS="879" VPOS="1016" WIDTH="35" HEIGHT="26" CONTENT="be" WC="0.81" CC="30"/>
						<SP ID="P246_SP00165" HPOS="914" VPOS="1043" WIDTH="20"/>
						<String ID="P246_ST00186" HPOS="934" VPOS="1016" WIDTH="110" HEIGHT="26" CONTENT="erected" WC="0.99" CC="0000000"/>
						<SP ID="P246_SP00166" HPOS="1044" VPOS="1043" WIDTH="15"/>
						<String ID="P246_ST00187" HPOS="1059" VPOS="1025" WIDTH="5" HEIGHT="22" CONTENT=";" WC="1.00" CC="0"/>
					</TextLine>
					<TextLine ID="P246_TL00021" HPOS="133" VPOS="1063" WIDTH="934" HEIGHT="35">
						<String ID="P246_ST00188" HPOS="133" VPOS="1065" WIDTH="55" HEIGHT="25" CONTENT="and" WC="0.90" CC="030"/>
						<SP ID="P246_SP00167" HPOS="188" VPOS="1090" WIDTH="15"/>
						<String ID="P246_ST00189" HPOS="203" VPOS="1073" WIDTH="29" HEIGHT="17" CONTENT="as" WC="1.00" CC="00"/>
						<SP ID="P246_SP00168" HPOS="232" VPOS="1090" WIDTH="15"/>
						<String ID="P246_ST00190" HPOS="247" VPOS="1064" WIDTH="78" HEIGHT="26" CONTENT="there" WC="0.91" CC="04000"/>
						<SP ID="P246_SP00169" HPOS="325" VPOS="1090" WIDTH="13"/>
						<String ID="P246_ST00191" HPOS="338" VPOS="1073" WIDTH="57" HEIGHT="17" CONTENT="was" WC="1.00" CC="000"/>
						<SP ID="P246_SP00170" HPOS="395" VPOS="1090" WIDTH="23"/>
						<String ID="P246_ST00192" HPOS="418" VPOS="1072" WIDTH="36" HEIGHT="18" CONTENT="no" WC="1.00" CC="00"/>
						<SP ID="P246_SP00171" HPOS="454" VPOS="1090" WIDTH="15"/>
						<String ID="P246_ST00193" HPOS="469" VPOS="1064" WIDTH="139" HEIGHT="34" CONTENT="necessity" WC="0.95" CC="000000400"/>
						<SP ID="P246_SP00172" HPOS="608" VPOS="1098" WIDTH="13"/>
						<String ID="P246_ST00194" HPOS="621" VPOS="1068" WIDTH="31" HEIGHT="22" CONTENT="to" WC="1.00" CC="00"/>
						<SP ID="P246_SP00173" HPOS="652" VPOS="1098" WIDTH="22"/>
						<String ID="P246_ST00195" HPOS="674" VPOS="1064" WIDTH="51" HEIGHT="26" CONTENT="ask" WC="1.00" CC="000"/>
						<SP ID="P246_SP00174" HPOS="725" VPOS="1098" WIDTH="18"/>
						<String ID="P246_ST00196" HPOS="743" VPOS="1064" WIDTH="42" HEIGHT="26" CONTENT="for" WC="1.00" CC="000"/>
						<SP ID="P246_SP00175" HPOS="785" VPOS="1098" WIDTH="22"/>
						<String ID="P246_ST00197" HPOS="807" VPOS="1064" WIDTH="49" HEIGHT="26" CONTENT="the" WC="0.72" CC="160"/>
						<SP ID="P246_SP00176" HPOS="856" VPOS="1098" WIDTH="14"/>
						<String ID="P246_ST00198" HPOS="870" VPOS="1064" WIDTH="152" HEIGHT="26" CONTENT="assistance" WC="0.87" CC="0000009300"/>
						<SP ID="P246_SP00177" HPOS="1022" VPOS="1098" WIDTH="15"/>
						<String ID="P246_ST00199" HPOS="1037" VPOS="1063" WIDTH="30" HEIGHT="26" CONTENT="of" WC="0.91" CC="10"/>
					</TextLine>
					<TextLine ID="P246_TL00022" HPOS="132" VPOS="1110" WIDTH="934" HEIGHT="35">
						<String ID="P246_ST00200" HPOS="132" VPOS="1111" WIDTH="49" HEIGHT="26" CONTENT="the" WC="0.89" CC="030"/>
						<SP ID="P246_SP00178" HPOS="181" VPOS="1137" WIDTH="23"/>
						<String ID="P246_ST00201" HPOS="204" VPOS="1111" WIDTH="97" HEIGHT="26" CONTENT="Public" WC="0.68" CC="600560"/>
						<SP ID="P246_SP00179" HPOS="301" VPOS="1137" WIDTH="26"/>
						<String ID="P246_ST00202" HPOS="327" VPOS="1110" WIDTH="103" HEIGHT="26" CONTENT="Works" WC="1.00" CC="00000"/>
						<SP ID="P246_SP00180" HPOS="430" VPOS="1137" WIDTH="27"/>
						<String ID="P246_ST00203" HPOS="457" VPOS="1111" WIDTH="195" HEIGHT="34" CONTENT="Department," WC="1.00" CC="00000000000"/>
						<SP ID="P246_SP00181" HPOS="652" VPOS="1145" WIDTH="29"/>
						<String ID="P246_ST00204" HPOS="681" VPOS="1111" WIDTH="73" HEIGHT="26" CONTENT="their" WC="0.83" CC="02060"/>
						<SP ID="P246_SP00182" HPOS="754" VPOS="1145" WIDTH="31"/>
						<String ID="P246_ST00205" HPOS="785" VPOS="1111" WIDTH="191" HEIGHT="26" CONTENT="construction" WC="0.92" CC="000000000440"/>
						<SP ID="P246_SP00183" HPOS="976" VPOS="1145" WIDTH="33"/>
						<String ID="P246_ST00206" HPOS="1009" VPOS="1120" WIDTH="57" HEIGHT="16" CONTENT="was" WC="0.87" CC="030"/>
					</TextLine>
					<TextLine ID="P246_TL00023" HPOS="133" VPOS="1158" WIDTH="933" HEIGHT="34">
						<String ID="P246_ST00207" HPOS="133" VPOS="1158" WIDTH="127" HEIGHT="34" CONTENT="speedily" WC="0.95" CC="00000040"/>
						<SP ID="P246_SP00184" HPOS="260" VPOS="1192" WIDTH="13"/>
						<String ID="P246_ST00208" HPOS="273" VPOS="1158" WIDTH="105" HEIGHT="26" CONTENT="carried" WC="0.95" CC="0000300"/>
						<SP ID="P246_SP00185" HPOS="378" VPOS="1192" WIDTH="14"/>
						<String ID="P246_ST00209" HPOS="392" VPOS="1162" WIDTH="56" HEIGHT="22" CONTENT="out." WC="0.93" CC="0200"/>
						<SP ID="P246_SP00186" HPOS="448" VPOS="1192" WIDTH="49"/>
						<String ID="P246_ST00210" HPOS="497" VPOS="1158" WIDTH="216" HEIGHT="34" CONTENT="Theoretically," WC="0.87" CC="00000006003304"/>
						<SP ID="P246_SP00187" HPOS="713" VPOS="1192" WIDTH="20"/>
						<String ID="P246_ST00211" HPOS="733" VPOS="1158" WIDTH="48" HEIGHT="26" CONTENT="the" WC="0.83" CC="040"/>
						<SP ID="P246_SP00188" HPOS="781" VPOS="1192" WIDTH="20"/>
						<String ID="P246_ST00212" HPOS="801" VPOS="1158" WIDTH="144" HEIGHT="34" CONTENT="buildings" WC="0.94" CC="010400000"/>
						<SP ID="P246_SP00189" HPOS="945" VPOS="1192" WIDTH="20"/>
						<String ID="P246_ST00213" HPOS="965" VPOS="1158" WIDTH="101" HEIGHT="26" CONTENT="should" WC="0.87" CC="050020"/>
					</TextLine>
					<TextLine ID="P246_TL00024" HPOS="132" VPOS="1205" WIDTH="930" HEIGHT="34">
						<String ID="P246_ST00214" HPOS="132" VPOS="1206" WIDTH="71" HEIGHT="25" CONTENT="have" WC="0.82" CC="2400"/>
						<SP ID="P246_SP00190" HPOS="203" VPOS="1231" WIDTH="13"/>
						<String ID="P246_ST00215" HPOS="216" VPOS="1205" WIDTH="71" HEIGHT="26" CONTENT="been" WC="1.00" CC="0000"/>
						<SP ID="P246_SP00191" HPOS="287" VPOS="1231" WIDTH="14"/>
						<String ID="P246_ST00216" HPOS="301" VPOS="1205" WIDTH="31" HEIGHT="26" CONTENT="of" WC="1.00" CC="00"/>
						<SP ID="P246_SP00192" HPOS="332" VPOS="1231" WIDTH="11"/>
						<String ID="P246_ST00217" HPOS="343" VPOS="1213" WIDTH="139" HEIGHT="25" CONTENT="masonry," WC="0.91" CC="60000000"/>
						<SP ID="P246_SP00193" HPOS="482" VPOS="1238" WIDTH="15"/>
						<String ID="P246_ST00218" HPOS="497" VPOS="1205" WIDTH="55" HEIGHT="25" CONTENT="and" WC="1.00" CC="000"/>
						<SP ID="P246_SP00194" HPOS="552" VPOS="1238" WIDTH="20"/>
						<String ID="P246_ST00219" HPOS="572" VPOS="1205" WIDTH="174" HEIGHT="26" CONTENT="surrounded" WC="0.99" CC="0000000000"/>
						<SP ID="P246_SP00195" HPOS="746" VPOS="1238" WIDTH="15"/>
						<String ID="P246_ST00220" HPOS="761" VPOS="1206" WIDTH="39" HEIGHT="33" CONTENT="by" WC="1.00" CC="00"/>
						<SP ID="P246_SP00196" HPOS="800" VPOS="1239" WIDTH="13"/>
						<String ID="P246_ST00221" HPOS="813" VPOS="1214" WIDTH="16" HEIGHT="17" CONTENT="a" WC="1.00" CC="0"/>
						<SP ID="P246_SP00197" HPOS="829" VPOS="1239" WIDTH="16"/>
						<String ID="P246_ST00222" HPOS="845" VPOS="1214" WIDTH="133" HEIGHT="25" CONTENT="masonry" WC="1.00" CC="0000000"/>
						<SP ID="P246_SP00198" HPOS="978" VPOS="1239" WIDTH="13"/>
						<String ID="P246_ST00223" HPOS="991" VPOS="1205" WIDTH="71" HEIGHT="26" CONTENT="wall." WC="0.89" CC="00050"/>
					</TextLine>
					<TextLine ID="P246_TL00025" HPOS="134" VPOS="1252" WIDTH="933" HEIGHT="34">
						<String ID="P246_ST00224" HPOS="134" VPOS="1252" WIDTH="55" HEIGHT="26" CONTENT="But" WC="0.73" CC="520"/>
						<SP ID="P246_SP00199" HPOS="189" VPOS="1278" WIDTH="21"/>
						<String ID="P246_ST00225" HPOS="210" VPOS="1252" WIDTH="27" HEIGHT="26" CONTENT="in" WC="0.65" CC="70"/>
						<SP ID="P246_SP00200" HPOS="237" VPOS="1278" WIDTH="21"/>
						<String ID="P246_ST00226" HPOS="258" VPOS="1252" WIDTH="112" HEIGHT="33" CONTENT="Bengal," WC="0.95" CC="3000000"/>
						<SP ID="P246_SP00201" HPOS="370" VPOS="1285" WIDTH="17"/>
						<String ID="P246_ST00227" HPOS="387" VPOS="1252" WIDTH="106" HEIGHT="33" CONTENT="though" WC="0.78" CC="333300"/>
						<SP ID="P246_SP00202" HPOS="493" VPOS="1285" WIDTH="23"/>
						<String ID="P246_ST00228" HPOS="516" VPOS="1252" WIDTH="48" HEIGHT="26" CONTENT="the" WC="1.00" CC="000"/>
						<SP ID="P246_SP00203" HPOS="564" VPOS="1285" WIDTH="23"/>
						<String ID="P246_ST00229" HPOS="587" VPOS="1252" WIDTH="103" HEIGHT="27" CONTENT="richest" WC="0.79" CC="4620000"/>
						<SP ID="P246_SP00204" HPOS="690" VPOS="1285" WIDTH="23"/>
						<String ID="P246_ST00230" HPOS="713" VPOS="1252" WIDTH="132" HEIGHT="34" CONTENT="province" WC="0.88" CC="00006200"/>
						<SP ID="P246_SP00205" HPOS="845" VPOS="1286" WIDTH="22"/>
						<String ID="P246_ST00231" HPOS="867" VPOS="1253" WIDTH="27" HEIGHT="25" CONTENT="in" WC="0.68" CC="32"/>
						<SP ID="P246_SP00206" HPOS="894" VPOS="1286" WIDTH="22"/>
						<String ID="P246_ST00232" HPOS="916" VPOS="1252" WIDTH="89" HEIGHT="33" CONTENT="India," WC="0.84" CC="070001"/>
						<SP ID="P246_SP00207" HPOS="1005" VPOS="1286" WIDTH="21"/>
						<String ID="P246_ST00233" HPOS="1026" VPOS="1261" WIDTH="41" HEIGHT="18" CONTENT="we" WC="1.00" CC="00"/>
					</TextLine>
					<TextLine ID="P246_TL00026" HPOS="133" VPOS="1298" WIDTH="934" HEIGHT="37">
						<String ID="P246_ST00234" HPOS="133" VPOS="1308" WIDTH="47" HEIGHT="17" CONTENT="are" WC="0.94" CC="100"/>
						<SP ID="P246_SP00208" HPOS="180" VPOS="1325" WIDTH="14"/>
						<String ID="P246_ST00235" HPOS="194" VPOS="1299" WIDTH="107" HEIGHT="26" CONTENT="seldom" WC="1.00" CC="000000"/>
						<SP ID="P246_SP00209" HPOS="301" VPOS="1325" WIDTH="14"/>
						<String ID="P246_ST00236" HPOS="315" VPOS="1298" WIDTH="116" HEIGHT="26" CONTENT="allowed" WC="0.93" CC="0040000"/>
						<SP ID="P246_SP00210" HPOS="431" VPOS="1325" WIDTH="16"/>
						<String ID="P246_ST00237" HPOS="447" VPOS="1307" WIDTH="56" HEIGHT="26" CONTENT="any" WC="1.00" CC="000"/>
						<SP ID="P246_SP00211" HPOS="503" VPOS="1333" WIDTH="14"/>
						<String ID="P246_ST00238" HPOS="517" VPOS="1307" WIDTH="103" HEIGHT="26" CONTENT="money" WC="0.91" CC="00400"/>
						<SP ID="P246_SP00212" HPOS="620" VPOS="1333" WIDTH="17"/>
						<String ID="P246_ST00239" HPOS="637" VPOS="1303" WIDTH="31" HEIGHT="22" CONTENT="to" WC="1.00" CC="00"/>
						<SP ID="P246_SP00213" HPOS="668" VPOS="1333" WIDTH="14"/>
						<String ID="P246_ST00240" HPOS="682" VPOS="1299" WIDTH="37" HEIGHT="26" CONTENT="do" WC="0.81" CC="03"/>
						<SP ID="P246_SP00214" HPOS="719" VPOS="1333" WIDTH="14"/>
						<String ID="P246_ST00241" HPOS="733" VPOS="1299" WIDTH="139" HEIGHT="36" CONTENT="anything" WC="1.00" CC="00000000"/>
						<SP ID="P246_SP00215" HPOS="872" VPOS="1335" WIDTH="13"/>
						<String ID="P246_ST00242" HPOS="885" VPOS="1309" WIDTH="37" HEIGHT="17" CONTENT="on" WC="0.97" CC="00"/>
						<SP ID="P246_SP00216" HPOS="922" VPOS="1335" WIDTH="14"/>
						<String ID="P246_ST00243" HPOS="936" VPOS="1309" WIDTH="17" HEIGHT="17" CONTENT="a" WC="1.00" CC="0"/>
						<SP ID="P246_SP00217" HPOS="953" VPOS="1335" WIDTH="14"/>
						<String ID="P246_ST00244" HPOS="967" VPOS="1308" WIDTH="100" HEIGHT="26" CONTENT="proper" WC="1.00" CC="000000"/>
					</TextLine>
					<TextLine ID="P246_TL00027" HPOS="134" VPOS="1346" WIDTH="931" HEIGHT="33">
						<String ID="P246_ST00245" HPOS="134" VPOS="1346" WIDTH="73" HEIGHT="27" CONTENT="scale" WC="0.95" CC="00020"/>
						<String ID="P246_ST00246" HPOS="218" VPOS="1356" WIDTH="6" HEIGHT="23" CONTENT=";" WC="0.44" CC="5"/>
						<SP ID="P246_SP00218" HPOS="224" VPOS="1379" WIDTH="21"/>
						<String ID="P246_ST00247" HPOS="245" VPOS="1346" WIDTH="55" HEIGHT="26" CONTENT="and" WC="1.00" CC="000"/>
						<SP ID="P246_SP00219" HPOS="300" VPOS="1379" WIDTH="26"/>
						<String ID="P246_ST00248" HPOS="326" VPOS="1355" WIDTH="32" HEIGHT="17" CONTENT="so" WC="1.00" CC="00"/>
						<SP ID="P246_SP00220" HPOS="358" VPOS="1379" WIDTH="25"/>
						<String ID="P246_ST00249" HPOS="383" VPOS="1346" WIDTH="49" HEIGHT="26" CONTENT="the" WC="1.00" CC="000"/>
						<SP ID="P246_SP00221" HPOS="432" VPOS="1379" WIDTH="26"/>
						<String ID="P246_ST00250" HPOS="458" VPOS="1346" WIDTH="137" HEIGHT="26" CONTENT="erections" WC="0.95" CC="000004000"/>
						<SP ID="P246_SP00222" HPOS="595" VPOS="1379" WIDTH="23"/>
						<String ID="P246_ST00251" HPOS="618" VPOS="1355" WIDTH="72" HEIGHT="18" CONTENT="were" WC="1.00" CC="0000"/>
						<SP ID="P246_SP00223" HPOS="690" VPOS="1379" WIDTH="22"/>
						<String ID="P246_ST00252" HPOS="712" VPOS="1347" WIDTH="67" HEIGHT="26" CONTENT="mud" WC="1.00" CC="000"/>
						<SP ID="P246_SP00224" HPOS="779" VPOS="1379" WIDTH="22"/>
						<String ID="P246_ST00253" HPOS="801" VPOS="1346" WIDTH="77" HEIGHT="28" CONTENT="walls" WC="0.96" CC="00010"/>
						<SP ID="P246_SP00225" HPOS="878" VPOS="1379" WIDTH="23"/>
						<String ID="P246_ST00254" HPOS="901" VPOS="1347" WIDTH="69" HEIGHT="27" CONTENT="with" WC="0.84" CC="0600"/>
						<SP ID="P246_SP00226" HPOS="970" VPOS="1379" WIDTH="26"/>
						<String ID="P246_ST00255" HPOS="996" VPOS="1347" WIDTH="69" HEIGHT="27" CONTENT="tiled" WC="0.96" CC="00100"/>
					</TextLine>
					<TextLine ID="P246_TL00028" HPOS="136" VPOS="1393" WIDTH="567" HEIGHT="33">
						<String ID="P246_ST00256" HPOS="136" VPOS="1394" WIDTH="80" HEIGHT="31" CONTENT="roofs," WC="1.00" CC="000000"/>
						<SP ID="P246_SP00227" HPOS="216" VPOS="1425" WIDTH="15"/>
						<String ID="P246_ST00257" HPOS="231" VPOS="1393" WIDTH="55" HEIGHT="26" CONTENT="and" WC="0.86" CC="040"/>
						<SP ID="P246_SP00228" HPOS="286" VPOS="1425" WIDTH="14"/>
						<String ID="P246_ST00258" HPOS="300" VPOS="1393" WIDTH="173" HEIGHT="25" CONTENT="surrounded" WC="0.92" CC="0003040000"/>
						<SP ID="P246_SP00229" HPOS="473" VPOS="1425" WIDTH="14"/>
						<String ID="P246_ST00259" HPOS="487" VPOS="1393" WIDTH="39" HEIGHT="33" CONTENT="by" WC="1.00" CC="00"/>
						<SP ID="P246_SP00230" HPOS="526" VPOS="1426" WIDTH="14"/>
						<String ID="P246_ST00260" HPOS="540" VPOS="1402" WIDTH="17" HEIGHT="17" CONTENT="a" WC="1.00" CC="0"/>
						<SP ID="P246_SP00231" HPOS="557" VPOS="1426" WIDTH="13"/>
						<String ID="P246_ST00261" HPOS="570" VPOS="1394" WIDTH="133" HEIGHT="32" CONTENT="palisade." WC="0.88" CC="002000800"/>
					</TextLine>
				</TextBlock>
				<TextBlock ID="P246_TB00005" HPOS="135" VPOS="1439" WIDTH="931" HEIGHT="178" STYLEREFS="TXT_0 PAR_LEFT">
					<TextLine ID="P246_TL00029" HPOS="171" VPOS="1440" WIDTH="895" HEIGHT="37">
						<String ID="P246_ST00262" HPOS="171" VPOS="1441" WIDTH="61" HEIGHT="26" CONTENT="The" WC="1.00" CC="000"/>
						<SP ID="P246_SP00232" HPOS="232" VPOS="1467" WIDTH="23"/>
						<String ID="P246_ST00263" HPOS="255" VPOS="1440" WIDTH="100" HEIGHT="34" CONTENT="theory" WC="0.89" CC="020040"/>
						<SP ID="P246_SP00233" HPOS="355" VPOS="1474" WIDTH="13"/>
						<String ID="P246_ST00264" HPOS="368" VPOS="1440" WIDTH="31" HEIGHT="26" CONTENT="of" WC="0.78" CC="04"/>
						<SP ID="P246_SP00234" HPOS="399" VPOS="1474" WIDTH="19"/>
						<String ID="P246_ST00265" HPOS="418" VPOS="1440" WIDTH="192" HEIGHT="27" CONTENT="Government" WC="0.97" CC="0000200000"/>
						<SP ID="P246_SP00235" HPOS="610" VPOS="1474" WIDTH="23"/>
						<String ID="P246_ST00266" HPOS="633" VPOS="1450" WIDTH="63" HEIGHT="23" CONTENT="was," WC="0.89" CC="4000"/>
						<SP ID="P246_SP00236" HPOS="696" VPOS="1474" WIDTH="16"/>
						<String ID="P246_ST00267" HPOS="712" VPOS="1441" WIDTH="61" HEIGHT="27" CONTENT="that" WC="0.84" CC="0600"/>
						<SP ID="P246_SP00237" HPOS="773" VPOS="1474" WIDTH="21"/>
						<String ID="P246_ST00268" HPOS="794" VPOS="1441" WIDTH="92" HEIGHT="27" CONTENT="where" WC="0.72" CC="90040"/>
						<SP ID="P246_SP00238" HPOS="886" VPOS="1474" WIDTH="20"/>
						<String ID="P246_ST00269" HPOS="906" VPOS="1451" WIDTH="37" HEIGHT="17" CONTENT="no" WC="1.00" CC="00"/>
						<SP ID="P246_SP00239" HPOS="943" VPOS="1474" WIDTH="19"/>
						<String ID="P246_ST00270" HPOS="962" VPOS="1442" WIDTH="104" HEIGHT="35" CONTENT="legally" WC="0.99" CC="0000000"/>
					</TextLine>
					<TextLine ID="P246_TL00030" HPOS="136" VPOS="1487" WIDTH="930" HEIGHT="35">
						<String ID="P246_ST00271" HPOS="136" VPOS="1488" WIDTH="211" HEIGHT="27" CONTENT="manufactured" WC="0.95" CC="005000000000"/>
						<SP ID="P246_SP00240" HPOS="347" VPOS="1515" WIDTH="20"/>
						<String ID="P246_ST00272" HPOS="367" VPOS="1487" WIDTH="94" HEIGHT="35" CONTENT="spirits" WC="0.72" CC="0070560"/>
						<SP ID="P246_SP00241" HPOS="461" VPOS="1522" WIDTH="19"/>
						<String ID="P246_ST00273" HPOS="480" VPOS="1497" WIDTH="72" HEIGHT="17" CONTENT="were" WC="1.00" CC="0000"/>
						<SP ID="P246_SP00242" HPOS="552" VPOS="1522" WIDTH="18"/>
						<String ID="P246_ST00274" HPOS="570" VPOS="1489" WIDTH="161" HEIGHT="32" CONTENT="consumed," WC="1.00" CC="000000000"/>
						<SP ID="P246_SP00243" HPOS="731" VPOS="1522" WIDTH="16"/>
						<String ID="P246_ST00275" HPOS="747" VPOS="1489" WIDTH="78" HEIGHT="27" CONTENT="there" WC="0.97" CC="01000"/>
						<SP ID="P246_SP00244" HPOS="825" VPOS="1522" WIDTH="21"/>
						<String ID="P246_ST00276" HPOS="846" VPOS="1494" WIDTH="76" HEIGHT="22" CONTENT="must" WC="1.00" CC="0000"/>
						<SP ID="P246_SP00245" HPOS="922" VPOS="1522" WIDTH="17"/>
						<String ID="P246_ST00277" HPOS="939" VPOS="1490" WIDTH="36" HEIGHT="26" CONTENT="be" WC="0.97" CC="00"/>
						<SP ID="P246_SP00246" HPOS="975" VPOS="1522" WIDTH="14"/>
						<String ID="P246_ST00278" HPOS="989" VPOS="1490" WIDTH="77" HEIGHT="26" CONTENT="illicit" WC="0.78" CC="2005070"/>
					</TextLine>
					<TextLine ID="P246_TL00031" HPOS="136" VPOS="1535" WIDTH="930" HEIGHT="35">
						<String ID="P246_ST00279" HPOS="136" VPOS="1536" WIDTH="198" HEIGHT="26" CONTENT="manufacture." WC="0.93" CC="006200000000"/>
						<SP ID="P246_SP00247" HPOS="334" VPOS="1562" WIDTH="39"/>
						<String ID="P246_ST00280" HPOS="373" VPOS="1535" WIDTH="69" HEIGHT="26" CONTENT="This" WC="1.00" CC="0000"/>
						<SP ID="P246_SP00248" HPOS="442" VPOS="1562" WIDTH="17"/>
						<String ID="P246_ST00281" HPOS="459" VPOS="1536" WIDTH="11" HEIGHT="25" CONTENT="I" WC="1.00" CC="0"/>
						<SP ID="P246_SP00249" HPOS="470" VPOS="1562" WIDTH="16"/>
						<String ID="P246_ST00282" HPOS="486" VPOS="1535" WIDTH="93" HEIGHT="35" CONTENT="firmly" WC="0.87" CC="110050"/>
						<SP ID="P246_SP00250" HPOS="579" VPOS="1570" WIDTH="13"/>
						<String ID="P246_ST00283" HPOS="592" VPOS="1536" WIDTH="106" HEIGHT="27" CONTENT="believe" WC="0.96" CC="0010100"/>
						<SP ID="P246_SP00251" HPOS="698" VPOS="1570" WIDTH="15"/>
						<String ID="P246_ST00284" HPOS="713" VPOS="1540" WIDTH="29" HEIGHT="23" CONTENT="to" WC="1.00" CC="00"/>
						<SP ID="P246_SP00252" HPOS="742" VPOS="1570" WIDTH="14"/>
						<String ID="P246_ST00285" HPOS="756" VPOS="1537" WIDTH="34" HEIGHT="26" CONTENT="be" WC="1.00" CC="00"/>
						<SP ID="P246_SP00253" HPOS="790" VPOS="1570" WIDTH="15"/>
						<String ID="P246_ST00286" HPOS="805" VPOS="1546" WIDTH="16" HEIGHT="17" CONTENT="a" WC="1.00" CC="0"/>
						<SP ID="P246_SP00254" HPOS="821" VPOS="1570" WIDTH="15"/>
						<String ID="P246_ST00287" HPOS="836" VPOS="1537" WIDTH="120" HEIGHT="26" CONTENT="mistake" WC="0.90" CC="0700000"/>
						<SP ID="P246_SP00255" HPOS="956" VPOS="1570" WIDTH="17"/>
						<String ID="P246_ST00288" HPOS="973" VPOS="1538" WIDTH="27" HEIGHT="24" CONTENT="in" WC="0.63" CC="70"/>
						<SP ID="P246_SP00256" HPOS="1000" VPOS="1570" WIDTH="20"/>
						<String ID="P246_ST00289" HPOS="1020" VPOS="1537" WIDTH="46" HEIGHT="26" CONTENT="the" WC="0.90" CC="020"/>
					</TextLine>
					<TextLine ID="P246_TL00032" HPOS="136" VPOS="1583" WIDTH="930" HEIGHT="34">
						<String ID="P246_ST00290" HPOS="136" VPOS="1588" WIDTH="110" HEIGHT="29" CONTENT="greater" WC="0.94" CC="0400000"/>
						<SP ID="P246_SP00257" HPOS="246" VPOS="1617" WIDTH="19"/>
						<String ID="P246_ST00291" HPOS="265" VPOS="1587" WIDTH="62" HEIGHT="30" CONTENT="part" WC="0.82" CC="0042"/>
						<SP ID="P246_SP00258" HPOS="327" VPOS="1617" WIDTH="15"/>
						<String ID="P246_ST00292" HPOS="342" VPOS="1583" WIDTH="32" HEIGHT="27" CONTENT="of" WC="1.00" CC="00"/>
						<SP ID="P246_SP00259" HPOS="374" VPOS="1617" WIDTH="17"/>
						<String ID="P246_ST00293" HPOS="391" VPOS="1583" WIDTH="106" HEIGHT="34" CONTENT="Bengal" WC="0.82" CC="505000"/>
						<SP ID="P246_SP00260" HPOS="497" VPOS="1617" WIDTH="22"/>
						<String ID="P246_ST00294" HPOS="519" VPOS="1584" WIDTH="101" HEIGHT="26" CONTENT="known" WC="0.97" CC="01000"/>
						<SP ID="P246_SP00261" HPOS="620" VPOS="1617" WIDTH="15"/>
						<String ID="P246_ST00295" HPOS="635" VPOS="1588" WIDTH="29" HEIGHT="23" CONTENT="to" WC="0.71" CC="41"/>
						<SP ID="P246_SP00262" HPOS="664" VPOS="1617" WIDTH="15"/>
						<String ID="P246_ST00296" HPOS="679" VPOS="1593" WIDTH="50" HEIGHT="18" CONTENT="me." WC="1.00" CC="000"/>
						<SP ID="P246_SP00263" HPOS="729" VPOS="1617" WIDTH="42"/>
						<String ID="P246_ST00297" HPOS="771" VPOS="1584" WIDTH="32" HEIGHT="26" CONTENT="In" WC="0.90" CC="01"/>
						<SP ID="P246_SP00264" HPOS="803" VPOS="1617" WIDTH="15"/>
						<String ID="P246_ST00298" HPOS="818" VPOS="1584" WIDTH="56" HEIGHT="27" CONTENT="this" WC="0.85" CC="0050"/>
						<SP ID="P246_SP00265" HPOS="874" VPOS="1617" WIDTH="20"/>
						<String ID="P246_ST00299" HPOS="894" VPOS="1584" WIDTH="172" HEIGHT="27" CONTENT="subdivision" WC="0.73" CC="00003842504"/>
					</TextLine>
				</TextBlock>
			</PrintSpace>
		</Page>
	</Layout>
</alto>
