<?xml version="1.0" encoding="UTF-8"?>
<alto xmlns:xsi="http://www.w3.org/2001/XMLSchema-instance" xsi:noNamespaceSchemaLocation="http://www.bl.uk/schemas/alto/alto-1-4.xsd" xmlns:xlink="http://www.w3.org/1999/xlink">
	<Description>
		<MeasurementUnit>mm10</MeasurementUnit>
		<sourceImageInformation>
			<fileName>//head1/IN/2008-11/A0011351408.1/007181.jp2</fileName>
		</sourceImageInformation>
		<OCRProcessing ID="OCRPROCESSING_1">
			<preProcessingStep>
				<processingSoftware>
					<softwareCreator>CCS Content Conversion Specialists GmbH, Germany</softwareCreator>
					<softwareName>CCS docWORKS</softwareName>
					<softwareVersion>6.1-0.67</softwareVersion>
				</processingSoftware>
			</preProcessingStep>
			<ocrProcessingStep>
				<processingSoftware>
					<softwareCreator>ABBYY (BIT Software), Russia</softwareCreator>
					<softwareName>Finereader</softwareName>
				</processingSoftware>
			</ocrProcessingStep>
		</OCRProcessing>
	</Description>
	<Styles>
		<TextStyle ID="TXT_0" FONTSIZE="9" FONTFAMILY="Courier New"/>
		<TextStyle ID="TXT_1" FONTSIZE="11" FONTFAMILY="Courier New"/>
		<ParagraphStyle ID="PAR_CENTER" ALIGN="Center"/>
		<ParagraphStyle ID="PAR_RIGHT" ALIGN="Right"/>
		<ParagraphStyle ID="PAR_LEFT" ALIGN="Left"/>
	</Styles>
	<Layout>
		<Page ID="P97" PHYSICAL_IMG_NR="97" HEIGHT="1706" WIDTH="1150" PRINTED_IMG_NR="89" POSITION="Right" ACCURACY="92.01">
			<TopMargin ID="P97_TM00001" HPOS="0" VPOS="0" WIDTH="1149" HEIGHT="152">
				<TextBlock ID="P97_TB00001" HPOS="433" VPOS="111" WIDTH="260" HEIGHT="39" STYLEREFS="TXT_0 PAR_CENTER">
					<TextLine ID="P97_TL00001" HPOS="434" VPOS="112" WIDTH="259" HEIGHT="38">
						<String ID="P97_ST00001" HPOS="434" VPOS="112" WIDTH="101" HEIGHT="29" CONTENT="Police" WC="0.97" CC="001000"/>
						<SP ID="P97_SP00001" HPOS="535" VPOS="141" WIDTH="21"/>
						<String ID="P97_ST00002" HPOS="556" VPOS="112" WIDTH="137" HEIGHT="38" CONTENT="Reports." WC="0.91" CC="00000700"/>
					</TextLine>
				</TextBlock>
				<TextBlock ID="P97_TB00002" HPOS="993" VPOS="115" WIDTH="38" HEIGHT="35" STYLEREFS="TXT_1 PAR_RIGHT">
					<TextLine ID="P97_TL00002" HPOS="993" VPOS="115" WIDTH="38" HEIGHT="35">
						<String ID="P97_ST00003" HPOS="993" VPOS="115" WIDTH="38" HEIGHT="35" CONTENT="89" WC="1.00" CC="00"/>
					</TextLine>
				</TextBlock>
			</TopMargin>
			<LeftMargin ID="P97_LM00001" HPOS="0" VPOS="152" WIDTH="97" HEIGHT="1441"/>
			<RightMargin ID="P97_RM00001" HPOS="1032" VPOS="152" WIDTH="117" HEIGHT="1441"/>
			<BottomMargin ID="P97_BM00001" HPOS="0" VPOS="1593" WIDTH="1149" HEIGHT="113"/>
			<PrintSpace ID="P97_PS00001" HPOS="97" VPOS="152" WIDTH="935" HEIGHT="1441">
				<TextBlock ID="P97_TB00003" HPOS="105" VPOS="193" WIDTH="927" HEIGHT="176" STYLEREFS="TXT_0 PAR_LEFT">
					<TextLine ID="P97_TL00003" HPOS="108" VPOS="193" WIDTH="924" HEIGHT="37">
						<String ID="P97_ST00004" HPOS="108" VPOS="193" WIDTH="116" HEIGHT="36" CONTENT="writing." WC="0.84" CC="90000200"/>
						<SP ID="P97_SP00002" HPOS="224" VPOS="229" WIDTH="41"/>
						<String ID="P97_ST00005" HPOS="265" VPOS="196" WIDTH="15" HEIGHT="12" CONTENT='"' WC="0.92" CC="0"/>
						<SP ID="P97_SP00003" HPOS="280" VPOS="229" WIDTH="12"/>
						<String ID="P97_ST00006" HPOS="292" VPOS="195" WIDTH="50" HEIGHT="26" CONTENT="I'm" WC="1.00" CC="000"/>
						<SP ID="P97_SP00004" HPOS="342" VPOS="229" WIDTH="15"/>
						<String ID="P97_ST00007" HPOS="357" VPOS="195" WIDTH="112" HEIGHT="34" CONTENT="awfully" WC="0.79" CC="0333130"/>
						<SP ID="P97_SP00005" HPOS="469" VPOS="229" WIDTH="12"/>
						<String ID="P97_ST00008" HPOS="481" VPOS="196" WIDTH="78" HEIGHT="31" CONTENT='late,"' WC="0.91" CC="000021"/>
						<SP ID="P97_SP00006" HPOS="559" VPOS="229" WIDTH="15"/>
						<String ID="P97_ST00009" HPOS="574" VPOS="195" WIDTH="35" HEIGHT="26" CONTENT="he" WC="0.82" CC="30"/>
						<SP ID="P97_SP00007" HPOS="609" VPOS="229" WIDTH="14"/>
						<String ID="P97_ST00010" HPOS="623" VPOS="196" WIDTH="67" HEIGHT="32" CONTENT="said," WC="0.92" CC="00300"/>
						<SP ID="P97_SP00008" HPOS="690" VPOS="229" WIDTH="16"/>
						<String ID="P97_ST00011" HPOS="706" VPOS="205" WIDTH="35" HEIGHT="17" CONTENT="on" WC="1.00" CC="00"/>
						<SP ID="P97_SP00009" HPOS="741" VPOS="229" WIDTH="21"/>
						<String ID="P97_ST00012" HPOS="762" VPOS="196" WIDTH="96" HEIGHT="34" CONTENT="seeing" WC="0.67" CC="000729"/>
						<SP ID="P97_SP00010" HPOS="858" VPOS="230" WIDTH="20"/>
						<String ID="P97_ST00013" HPOS="878" VPOS="207" WIDTH="44" HEIGHT="16" CONTENT="me" WC="1.00" CC="00"/>
						<SP ID="P97_SP00011" HPOS="922" VPOS="230" WIDTH="11"/>
						<String ID="P97_ST00014" HPOS="933" VPOS="207" WIDTH="5" HEIGHT="22" CONTENT=";" WC="1.00" CC="0"/>
						<SP ID="P97_SP00012" HPOS="938" VPOS="230" WIDTH="22"/>
						<String ID="P97_ST00015" HPOS="960" VPOS="200" WIDTH="14" HEIGHT="10" CONTENT='"' WC="0.47" CC="5"/>
						<SP ID="P97_SP00013" HPOS="974" VPOS="230" WIDTH="8"/>
						<String ID="P97_ST00016" HPOS="982" VPOS="198" WIDTH="50" HEIGHT="25" CONTENT="but" WC="0.87" CC="021"/>
					</TextLine>
					<TextLine ID="P97_TL00004" HPOS="109" VPOS="240" WIDTH="923" HEIGHT="36">
						<String ID="P97_ST00017" HPOS="109" VPOS="240" WIDTH="128" HEIGHT="36" CONTENT="Monday" WC="1.00" CC="000000"/>
						<SP ID="P97_SP00014" HPOS="237" VPOS="276" WIDTH="13"/>
						<String ID="P97_ST00018" HPOS="250" VPOS="242" WIDTH="22" HEIGHT="26" CONTENT="is" WC="0.71" CC="50"/>
						<SP ID="P97_SP00015" HPOS="272" VPOS="276" WIDTH="15"/>
						<String ID="P97_ST00019" HPOS="287" VPOS="242" WIDTH="101" HEIGHT="34" CONTENT="always" WC="1.00" CC="000000"/>
						<SP ID="P97_SP00016" HPOS="388" VPOS="276" WIDTH="14"/>
						<String ID="P97_ST00020" HPOS="402" VPOS="251" WIDTH="17" HEIGHT="17" CONTENT="a" WC="1.00" CC="0"/>
						<SP ID="P97_SP00017" HPOS="419" VPOS="276" WIDTH="12"/>
						<String ID="P97_ST00021" HPOS="431" VPOS="242" WIDTH="56" HEIGHT="26" CONTENT="bad" WC="1.00" CC="000"/>
						<SP ID="P97_SP00018" HPOS="487" VPOS="276" WIDTH="15"/>
						<String ID="P97_ST00022" HPOS="502" VPOS="243" WIDTH="62" HEIGHT="33" CONTENT="day," WC="0.95" CC="0001"/>
						<SP ID="P97_SP00019" HPOS="564" VPOS="276" WIDTH="15"/>
						<String ID="P97_ST00023" HPOS="579" VPOS="252" WIDTH="30" HEIGHT="16" CONTENT="as" WC="1.00" CC="00"/>
						<SP ID="P97_SP00020" HPOS="609" VPOS="276" WIDTH="14"/>
						<String ID="P97_ST00024" HPOS="623" VPOS="243" WIDTH="77" HEIGHT="25" CONTENT="there" WC="0.83" CC="05020"/>
						<SP ID="P97_SP00021" HPOS="700" VPOS="276" WIDTH="20"/>
						<String ID="P97_ST00025" HPOS="720" VPOS="252" WIDTH="46" HEIGHT="16" CONTENT="are" WC="1.00" CC="000"/>
						<SP ID="P97_SP00022" HPOS="766" VPOS="276" WIDTH="19"/>
						<String ID="P97_ST00026" HPOS="785" VPOS="252" WIDTH="16" HEIGHT="16" CONTENT="a" WC="1.00" CC="0"/>
						<SP ID="P97_SP00023" HPOS="801" VPOS="276" WIDTH="21"/>
						<String ID="P97_ST00027" HPOS="822" VPOS="244" WIDTH="102" HEIGHT="26" CONTENT="double" WC="0.96" CC="000020"/>
						<SP ID="P97_SP00024" HPOS="924" VPOS="276" WIDTH="19"/>
						<String ID="P97_ST00028" HPOS="943" VPOS="245" WIDTH="39" HEIGHT="26" CONTENT="lot" WC="0.89" CC="300"/>
						<SP ID="P97_SP00025" HPOS="982" VPOS="276" WIDTH="20"/>
						<String ID="P97_ST00029" HPOS="1002" VPOS="245" WIDTH="30" HEIGHT="26" CONTENT="of" WC="0.93" CC="01"/>
					</TextLine>
					<TextLine ID="P97_TL00005" HPOS="107" VPOS="290" WIDTH="924" HEIGHT="33">
						<String ID="P97_ST00030" HPOS="107" VPOS="293" WIDTH="114" HEIGHT="29" CONTENT="reports." WC="1.00" CC="00000000"/>
						<SP ID="P97_SP00026" HPOS="221" VPOS="322" WIDTH="42"/>
						<String ID="P97_ST00031" HPOS="263" VPOS="290" WIDTH="42" HEIGHT="26" CONTENT="Sit" WC="1.00" CC="000"/>
						<SP ID="P97_SP00027" HPOS="305" VPOS="322" WIDTH="14"/>
						<String ID="P97_ST00032" HPOS="319" VPOS="290" WIDTH="87" HEIGHT="31" CONTENT="down," WC="1.00" CC="00000"/>
						<SP ID="P97_SP00028" HPOS="406" VPOS="322" WIDTH="15"/>
						<String ID="P97_ST00033" HPOS="421" VPOS="290" WIDTH="55" HEIGHT="25" CONTENT="and" WC="0.82" CC="050"/>
						<SP ID="P97_SP00029" HPOS="476" VPOS="322" WIDTH="24"/>
						<String ID="P97_ST00034" HPOS="500" VPOS="290" WIDTH="21" HEIGHT="25" CONTENT="it" WC="0.72" CC="50"/>
						<SP ID="P97_SP00030" HPOS="521" VPOS="322" WIDTH="24"/>
						<String ID="P97_ST00035" HPOS="545" VPOS="299" WIDTH="65" HEIGHT="24" CONTENT="may" WC="0.99" CC="000"/>
						<SP ID="P97_SP00031" HPOS="610" VPOS="323" WIDTH="21"/>
						<String ID="P97_ST00036" HPOS="631" VPOS="290" WIDTH="65" HEIGHT="33" CONTENT="help" WC="0.87" CC="0050"/>
						<SP ID="P97_SP00032" HPOS="696" VPOS="323" WIDTH="22"/>
						<String ID="P97_ST00037" HPOS="718" VPOS="298" WIDTH="56" HEIGHT="25" CONTENT="you" WC="1.00" CC="000"/>
						<SP ID="P97_SP00033" HPOS="774" VPOS="323" WIDTH="24"/>
						<String ID="P97_ST00038" HPOS="798" VPOS="294" WIDTH="30" HEIGHT="22" CONTENT="to" WC="1.00" CC="00"/>
						<SP ID="P97_SP00034" HPOS="828" VPOS="323" WIDTH="20"/>
						<String ID="P97_ST00039" HPOS="848" VPOS="290" WIDTH="75" HEIGHT="27" CONTENT="learn" WC="0.90" CC="00004"/>
						<SP ID="P97_SP00035" HPOS="923" VPOS="323" WIDTH="20"/>
						<String ID="P97_ST00040" HPOS="943" VPOS="301" WIDTH="88" HEIGHT="16" CONTENT="some" SUBS_TYPE="HypPart1" SUBS_CONTENT="something" WC="1.00" CC="00000"/>
						<HYP CONTENT="-"/>
					</TextLine>
					<TextLine ID="P97_TL00006" HPOS="106" VPOS="334" WIDTH="707" HEIGHT="35">
						<String ID="P97_ST00041" HPOS="106" VPOS="334" WIDTH="81" HEIGHT="35" CONTENT="thing" SUBS_TYPE="HypPart2" SUBS_CONTENT="something" WC="0.66" CC="05019"/>
						<SP ID="P97_SP00036" HPOS="187" VPOS="369" WIDTH="14"/>
						<String ID="P97_ST00042" HPOS="201" VPOS="336" WIDTH="30" HEIGHT="25" CONTENT="of" WC="1.00" CC="00"/>
						<SP ID="P97_SP00037" HPOS="231" VPOS="369" WIDTH="11"/>
						<String ID="P97_ST00043" HPOS="242" VPOS="336" WIDTH="73" HEIGHT="26" CONTENT="what" WC="0.97" CC="0000"/>
						<SP ID="P97_SP00038" HPOS="315" VPOS="369" WIDTH="13"/>
						<String ID="P97_ST00044" HPOS="328" VPOS="345" WIDTH="56" HEIGHT="24" CONTENT="you" WC="1.00" CC="000"/>
						<SP ID="P97_SP00039" HPOS="384" VPOS="369" WIDTH="13"/>
						<String ID="P97_ST00045" HPOS="397" VPOS="337" WIDTH="55" HEIGHT="25" CONTENT="will" WC="0.76" CC="0521"/>
						<SP ID="P97_SP00040" HPOS="452" VPOS="369" WIDTH="14"/>
						<String ID="P97_ST00046" HPOS="466" VPOS="337" WIDTH="71" HEIGHT="25" CONTENT="have" WC="0.94" CC="2000"/>
						<SP ID="P97_SP00041" HPOS="537" VPOS="369" WIDTH="14"/>
						<String ID="P97_ST00047" HPOS="551" VPOS="340" WIDTH="28" HEIGHT="22" CONTENT="to" WC="0.96" CC="00"/>
						<SP ID="P97_SP00042" HPOS="579" VPOS="369" WIDTH="15"/>
						<String ID="P97_ST00048" HPOS="594" VPOS="337" WIDTH="36" HEIGHT="25" CONTENT="do" WC="1.00" CC="00"/>
						<SP ID="P97_SP00043" HPOS="630" VPOS="369" WIDTH="14"/>
						<String ID="P97_ST00049" HPOS="644" VPOS="345" WIDTH="77" HEIGHT="16" CONTENT="some" WC="1.00" CC="0000"/>
						<SP ID="P97_SP00044" HPOS="721" VPOS="369" WIDTH="13"/>
						<String ID="P97_ST00050" HPOS="734" VPOS="336" WIDTH="79" HEIGHT="33" CONTENT='day."' WC="0.86" CC="00015"/>
					</TextLine>
				</TextBlock>
				<TextBlock ID="P97_TB00004" HPOS="104" VPOS="381" WIDTH="926" HEIGHT="317" STYLEREFS="TXT_0 PAR_LEFT">
					<TextLine ID="P97_TL00007" HPOS="146" VPOS="382" WIDTH="884" HEIGHT="35">
						<String ID="P97_ST00051" HPOS="146" VPOS="382" WIDTH="12" HEIGHT="25" CONTENT="I" WC="1.00" CC="0"/>
						<SP ID="P97_SP00045" HPOS="158" VPOS="407" WIDTH="16"/>
						<String ID="P97_ST00052" HPOS="174" VPOS="382" WIDTH="116" HEIGHT="27" CONTENT="listened" WC="0.86" CC="35000100"/>
						<String ID="P97_ST00053" HPOS="301" VPOS="393" WIDTH="6" HEIGHT="23" CONTENT=";" WC="0.59" CC="4"/>
						<SP ID="P97_SP00046" HPOS="307" VPOS="416" WIDTH="20"/>
						<String ID="P97_ST00054" HPOS="327" VPOS="383" WIDTH="57" HEIGHT="32" CONTENT="but," WC="1.00" CC="0000"/>
						<SP ID="P97_SP00047" HPOS="384" VPOS="416" WIDTH="14"/>
						<String ID="P97_ST00055" HPOS="398" VPOS="383" WIDTH="40" HEIGHT="34" CONTENT="by" WC="1.00" CC="00"/>
						<SP ID="P97_SP00048" HPOS="438" VPOS="417" WIDTH="22"/>
						<String ID="P97_ST00056" HPOS="460" VPOS="392" WIDTH="17" HEIGHT="17" CONTENT="a" WC="1.00" CC="0"/>
						<SP ID="P97_SP00049" HPOS="477" VPOS="417" WIDTH="23"/>
						<String ID="P97_ST00057" HPOS="500" VPOS="387" WIDTH="48" HEIGHT="22" CONTENT="not" WC="0.97" CC="000"/>
						<SP ID="P97_SP00050" HPOS="548" VPOS="417" WIDTH="23"/>
						<String ID="P97_ST00058" HPOS="571" VPOS="392" WIDTH="68" HEIGHT="25" CONTENT="very" WC="1.00" CC="0000"/>
						<SP ID="P97_SP00051" HPOS="639" VPOS="417" WIDTH="20"/>
						<String ID="P97_ST00059" HPOS="659" VPOS="383" WIDTH="120" HEIGHT="26" CONTENT="sensible" WC="0.91" CC="00100050"/>
						<SP ID="P97_SP00052" HPOS="779" VPOS="417" WIDTH="21"/>
						<String ID="P97_ST00060" HPOS="800" VPOS="389" WIDTH="202" HEIGHT="28" CONTENT="arrangement," WC="0.98" CC="000020000000"/>
						<SP ID="P97_SP00053" HPOS="1002" VPOS="417" WIDTH="16"/>
						<String ID="P97_ST00061" HPOS="1018" VPOS="385" WIDTH="12" HEIGHT="25" CONTENT="I" WC="1.00" CC="0"/>
					</TextLine>
					<TextLine ID="P97_TL00008" HPOS="105" VPOS="428" WIDTH="925" HEIGHT="37">
						<String ID="P97_ST00062" HPOS="105" VPOS="428" WIDTH="57" HEIGHT="26" CONTENT="had" WC="0.78" CC="600"/>
						<SP ID="P97_SP00054" HPOS="162" VPOS="454" WIDTH="23"/>
						<String ID="P97_ST00063" HPOS="185" VPOS="429" WIDTH="84" HEIGHT="26" CONTENT="taken" WC="1.00" CC="00000"/>
						<SP ID="P97_SP00055" HPOS="269" VPOS="455" WIDTH="21"/>
						<String ID="P97_ST00064" HPOS="290" VPOS="439" WIDTH="36" HEIGHT="24" CONTENT="up" WC="1.00" CC="00"/>
						<SP ID="P97_SP00056" HPOS="326" VPOS="463" WIDTH="26"/>
						<String ID="P97_ST00065" HPOS="352" VPOS="430" WIDTH="171" HEIGHT="25" CONTENT="Hindustani" WC="0.83" CC="0300400034"/>
						<SP ID="P97_SP00057" HPOS="523" VPOS="463" WIDTH="22"/>
						<String ID="P97_ST00066" HPOS="545" VPOS="429" WIDTH="58" HEIGHT="26" CONTENT="first" WC="1.00" CC="00000"/>
						<SP ID="P97_SP00058" HPOS="603" VPOS="463" WIDTH="24"/>
						<String ID="P97_ST00067" HPOS="627" VPOS="431" WIDTH="27" HEIGHT="24" CONTENT="in" WC="0.81" CC="30"/>
						<SP ID="P97_SP00059" HPOS="654" VPOS="463" WIDTH="25"/>
						<String ID="P97_ST00068" HPOS="679" VPOS="430" WIDTH="136" HEIGHT="32" CONTENT="Calcutta," WC="0.88" CC="205000002"/>
						<SP ID="P97_SP00060" HPOS="815" VPOS="463" WIDTH="14"/>
						<String ID="P97_ST00069" HPOS="829" VPOS="431" WIDTH="132" HEIGHT="34" CONTENT="devoting" WC="0.91" CC="00000510"/>
						<SP ID="P97_SP00061" HPOS="961" VPOS="465" WIDTH="23"/>
						<String ID="P97_ST00070" HPOS="984" VPOS="431" WIDTH="46" HEIGHT="26" CONTENT="the" WC="0.69" CC="260"/>
					</TextLine>
					<TextLine ID="P97_TL00009" HPOS="106" VPOS="475" WIDTH="924" HEIGHT="36">
						<String ID="P97_ST00071" HPOS="106" VPOS="475" WIDTH="54" HEIGHT="26" CONTENT="last" WC="0.96" CC="1000"/>
						<SP ID="P97_SP00062" HPOS="160" VPOS="501" WIDTH="22"/>
						<String ID="P97_ST00072" HPOS="182" VPOS="476" WIDTH="54" HEIGHT="26" CONTENT="five" WC="0.98" CC="0000"/>
						<SP ID="P97_SP00063" HPOS="236" VPOS="502" WIDTH="20"/>
						<String ID="P97_ST00073" HPOS="256" VPOS="477" WIDTH="113" HEIGHT="26" CONTENT="months" WC="1.00" CC="000000"/>
						<SP ID="P97_SP00064" HPOS="369" VPOS="503" WIDTH="23"/>
						<String ID="P97_ST00074" HPOS="392" VPOS="477" WIDTH="32" HEIGHT="26" CONTENT="of" WC="1.00" CC="00"/>
						<SP ID="P97_SP00065" HPOS="424" VPOS="503" WIDTH="17"/>
						<String ID="P97_ST00075" HPOS="441" VPOS="486" WIDTH="49" HEIGHT="24" CONTENT="my" WC="1.00" CC="00"/>
						<SP ID="P97_SP00066" HPOS="490" VPOS="510" WIDTH="22"/>
						<String ID="P97_ST00076" HPOS="512" VPOS="481" WIDTH="64" HEIGHT="30" CONTENT="stay" WC="1.00" CC="0000"/>
						<SP ID="P97_SP00067" HPOS="576" VPOS="511" WIDTH="14"/>
						<String ID="P97_ST00077" HPOS="590" VPOS="477" WIDTH="78" HEIGHT="26" CONTENT="there" WC="1.00" CC="00000"/>
						<SP ID="P97_SP00068" HPOS="668" VPOS="511" WIDTH="22"/>
						<String ID="P97_ST00078" HPOS="690" VPOS="482" WIDTH="29" HEIGHT="21" CONTENT="to" WC="1.00" CC="00"/>
						<SP ID="P97_SP00069" HPOS="719" VPOS="511" WIDTH="26"/>
						<String ID="P97_ST00079" HPOS="745" VPOS="477" WIDTH="121" HEIGHT="34" CONTENT="Bengali," WC="0.80" CC="60000530"/>
						<SP ID="P97_SP00070" HPOS="866" VPOS="511" WIDTH="22"/>
						<String ID="P97_ST00080" HPOS="888" VPOS="479" WIDTH="55" HEIGHT="25" CONTENT="and" WC="1.00" CC="000"/>
						<SP ID="P97_SP00071" HPOS="943" VPOS="511" WIDTH="23"/>
						<String ID="P97_ST00081" HPOS="966" VPOS="487" WIDTH="64" HEIGHT="18" CONTENT="con" SUBS_TYPE="HypPart1" SUBS_CONTENT="consequently" WC="0.90" CC="4000"/>
						<HYP CONTENT="-"/>
					</TextLine>
					<TextLine ID="P97_TL00010" HPOS="106" VPOS="523" WIDTH="924" HEIGHT="36">
						<String ID="P97_ST00082" HPOS="106" VPOS="523" WIDTH="147" HEIGHT="34" CONTENT="sequently" SUBS_TYPE="HypPart2" SUBS_CONTENT="consequently" WC="0.93" CC="000000050"/>
						<SP ID="P97_SP00072" HPOS="253" VPOS="557" WIDTH="21"/>
						<String ID="P97_ST00083" HPOS="274" VPOS="523" WIDTH="12" HEIGHT="26" CONTENT="I" WC="1.00" CC="0"/>
						<SP ID="P97_SP00073" HPOS="286" VPOS="557" WIDTH="29"/>
						<String ID="P97_ST00084" HPOS="315" VPOS="532" WIDTH="61" HEIGHT="17" CONTENT="now" WC="0.98" CC="000"/>
						<SP ID="P97_SP00074" HPOS="376" VPOS="557" WIDTH="29"/>
						<String ID="P97_ST00085" HPOS="405" VPOS="524" WIDTH="80" HEIGHT="25" CONTENT="knew" WC="0.97" CC="0100"/>
						<SP ID="P97_SP00075" HPOS="485" VPOS="557" WIDTH="29"/>
						<String ID="P97_ST00086" HPOS="514" VPOS="533" WIDTH="69" HEIGHT="25" CONTENT="very" WC="0.97" CC="1000"/>
						<SP ID="P97_SP00076" HPOS="583" VPOS="558" WIDTH="29"/>
						<String ID="P97_ST00087" HPOS="612" VPOS="525" WIDTH="72" HEIGHT="25" CONTENT="little" WC="0.86" CC="050020"/>
						<SP ID="P97_SP00077" HPOS="684" VPOS="558" WIDTH="32"/>
						<String ID="P97_ST00088" HPOS="716" VPOS="525" WIDTH="172" HEIGHT="25" CONTENT="Hindustani" WC="0.92" CC="3030000000"/>
						<SP ID="P97_SP00078" HPOS="888" VPOS="558" WIDTH="33"/>
						<String ID="P97_ST00089" HPOS="921" VPOS="526" WIDTH="109" HEIGHT="33" CONTENT="beyond" WC="1.00" CC="000000"/>
					</TextLine>
					<TextLine ID="P97_TL00011" HPOS="105" VPOS="569" WIDTH="924" HEIGHT="36">
						<String ID="P97_ST00090" HPOS="105" VPOS="569" WIDTH="48" HEIGHT="26" CONTENT="the" WC="0.85" CC="040"/>
						<SP ID="P97_SP00079" HPOS="153" VPOS="595" WIDTH="11"/>
						<String ID="P97_ST00091" HPOS="164" VPOS="575" WIDTH="115" HEIGHT="21" CONTENT="amount" WC="1.00" CC="000000"/>
						<SP ID="P97_SP00080" HPOS="279" VPOS="596" WIDTH="14"/>
						<String ID="P97_ST00092" HPOS="293" VPOS="580" WIDTH="147" HEIGHT="24" CONTENT="necessary" WC="0.97" CC="000100000"/>
						<SP ID="P97_SP00081" HPOS="440" VPOS="604" WIDTH="14"/>
						<String ID="P97_ST00093" HPOS="454" VPOS="571" WIDTH="42" HEIGHT="26" CONTENT="for" WC="0.92" CC="110"/>
						<SP ID="P97_SP00082" HPOS="496" VPOS="604" WIDTH="19"/>
						<String ID="P97_ST00094" HPOS="515" VPOS="572" WIDTH="95" HEIGHT="33" CONTENT="giving" WC="0.91" CC="005000"/>
						<SP ID="P97_SP00083" HPOS="610" VPOS="605" WIDTH="22"/>
						<String ID="P97_ST00095" HPOS="632" VPOS="571" WIDTH="94" HEIGHT="27" CONTENT="orders" WC="1.00" CC="000000"/>
						<SP ID="P97_SP00084" HPOS="726" VPOS="605" WIDTH="20"/>
						<String ID="P97_ST00096" HPOS="746" VPOS="576" WIDTH="29" HEIGHT="22" CONTENT="to" WC="1.00" CC="00"/>
						<SP ID="P97_SP00085" HPOS="775" VPOS="605" WIDTH="20"/>
						<String ID="P97_ST00097" HPOS="795" VPOS="576" WIDTH="131" HEIGHT="28" CONTENT="servants," WC="0.97" CC="000000002"/>
						<SP ID="P97_SP00086" HPOS="926" VPOS="605" WIDTH="14"/>
						<String ID="P97_ST00098" HPOS="940" VPOS="572" WIDTH="55" HEIGHT="26" CONTENT="and" WC="0.85" CC="040"/>
						<SP ID="P97_SP00087" HPOS="995" VPOS="605" WIDTH="22"/>
						<String ID="P97_ST00099" HPOS="1017" VPOS="573" WIDTH="12" HEIGHT="25" CONTENT="I" WC="1.00" CC="0"/>
					</TextLine>
					<TextLine ID="P97_TL00012" HPOS="106" VPOS="618" WIDTH="924" HEIGHT="36">
						<String ID="P97_ST00100" HPOS="106" VPOS="618" WIDTH="170" HEIGHT="25" CONTENT="understood" WC="1.00" CC="0000000000"/>
						<SP ID="P97_SP00088" HPOS="276" VPOS="643" WIDTH="26"/>
						<String ID="P97_ST00101" HPOS="302" VPOS="627" WIDTH="67" HEIGHT="25" CONTENT="very" WC="0.84" CC="6000"/>
						<SP ID="P97_SP00089" HPOS="369" VPOS="652" WIDTH="22"/>
						<String ID="P97_ST00102" HPOS="391" VPOS="618" WIDTH="78" HEIGHT="26" CONTENT="little." WC="0.91" CC="0000303"/>
						<SP ID="P97_SP00090" HPOS="469" VPOS="652" WIDTH="40"/>
						<String ID="P97_ST00103" HPOS="509" VPOS="619" WIDTH="12" HEIGHT="24" CONTENT="I" WC="1.00" CC="0"/>
						<SP ID="P97_SP00091" HPOS="521" VPOS="652" WIDTH="27"/>
						<String ID="P97_ST00104" HPOS="548" VPOS="619" WIDTH="142" HEIGHT="34" CONTENT="gathered," WC="0.95" CC="000400000"/>
						<SP ID="P97_SP00092" HPOS="690" VPOS="653" WIDTH="27"/>
						<String ID="P97_ST00105" HPOS="717" VPOS="620" WIDTH="133" HEIGHT="31" CONTENT="however," WC="0.90" CC="30000004"/>
						<SP ID="P97_SP00093" HPOS="850" VPOS="653" WIDTH="27"/>
						<String ID="P97_ST00106" HPOS="877" VPOS="620" WIDTH="61" HEIGHT="25" CONTENT="that" WC="0.97" CC="0100"/>
						<SP ID="P97_SP00094" HPOS="938" VPOS="653" WIDTH="25"/>
						<String ID="P97_ST00107" HPOS="963" VPOS="620" WIDTH="67" HEIGHT="34" CONTENT="they" WC="1.00" CC="0000"/>
					</TextLine>
					<TextLine ID="P97_TL00013" HPOS="104" VPOS="665" WIDTH="314" HEIGHT="33">
						<String ID="P97_ST00108" HPOS="104" VPOS="672" WIDTH="72" HEIGHT="17" CONTENT="were" WC="1.00" CC="0000"/>
						<SP ID="P97_SP00095" HPOS="176" VPOS="689" WIDTH="19"/>
						<String ID="P97_ST00109" HPOS="195" VPOS="665" WIDTH="90" HEIGHT="33" CONTENT="police" WC="1.00" CC="000000"/>
						<SP ID="P97_SP00096" HPOS="285" VPOS="698" WIDTH="20"/>
						<String ID="P97_ST00110" HPOS="305" VPOS="670" WIDTH="113" HEIGHT="28" CONTENT="reports." WC="1.00" CC="00000000"/>
					</TextLine>
				</TextBlock>
				<TextBlock ID="P97_TB00005" HPOS="97" VPOS="710" WIDTH="931" HEIGHT="553" STYLEREFS="TXT_0 PAR_LEFT">
					<TextLine ID="P97_TL00014" HPOS="142" VPOS="710" WIDTH="886" HEIGHT="38">
						<String ID="P97_ST00111" HPOS="142" VPOS="710" WIDTH="61" HEIGHT="27" CONTENT="The" WC="0.78" CC="060"/>
						<SP ID="P97_SP00097" HPOS="203" VPOS="737" WIDTH="19"/>
						<String ID="P97_ST00112" HPOS="222" VPOS="712" WIDTH="108" HEIGHT="25" CONTENT="district" WC="0.93" CC="00000500"/>
						<SP ID="P97_SP00098" HPOS="330" VPOS="737" WIDTH="19"/>
						<String ID="P97_ST00113" HPOS="349" VPOS="721" WIDTH="55" HEIGHT="17" CONTENT="was" WC="0.98" CC="000"/>
						<SP ID="P97_SP00099" HPOS="404" VPOS="738" WIDTH="24"/>
						<String ID="P97_ST00114" HPOS="428" VPOS="712" WIDTH="111" HEIGHT="26" CONTENT="divided" WC="0.85" CC="0504000"/>
						<SP ID="P97_SP00100" HPOS="539" VPOS="738" WIDTH="22"/>
						<String ID="P97_ST00115" HPOS="561" VPOS="713" WIDTH="59" HEIGHT="25" CONTENT="into" WC="0.81" CC="5200"/>
						<SP ID="P97_SP00101" HPOS="620" VPOS="738" WIDTH="23"/>
						<String ID="P97_ST00116" HPOS="643" VPOS="722" WIDTH="30" HEIGHT="16" CONTENT="so" WC="0.92" CC="01"/>
						<SP ID="P97_SP00102" HPOS="673" VPOS="738" WIDTH="25"/>
						<String ID="P97_ST00117" HPOS="698" VPOS="722" WIDTH="85" HEIGHT="25" CONTENT="many" WC="1.00" CC="0000"/>
						<SP ID="P97_SP00103" HPOS="783" VPOS="747" WIDTH="13"/>
						<String ID="P97_ST00118" HPOS="796" VPOS="713" WIDTH="88" HEIGHT="35" CONTENT="police" WC="0.99" CC="000000"/>
						<SP ID="P97_SP00104" HPOS="884" VPOS="748" WIDTH="19"/>
						<String ID="P97_ST00119" HPOS="903" VPOS="714" WIDTH="125" HEIGHT="33" CONTENT="jurisdic" SUBS_TYPE="HypPart1" SUBS_CONTENT="jurisdictions," WC="0.79" CC="000406502"/>
						<HYP CONTENT="-"/>
					</TextLine>
					<TextLine ID="P97_TL00015" HPOS="104" VPOS="757" WIDTH="924" HEIGHT="37">
						<String ID="P97_ST00120" HPOS="104" VPOS="757" WIDTH="80" HEIGHT="33" CONTENT="tions," SUBS_TYPE="HypPart2" SUBS_CONTENT="jurisdictions," WC="0.88" CC="060000"/>
						<SP ID="P97_SP00105" HPOS="184" VPOS="790" WIDTH="15"/>
						<String ID="P97_ST00121" HPOS="199" VPOS="759" WIDTH="88" HEIGHT="25" CONTENT="called" WC="0.93" CC="004000"/>
						<SP ID="P97_SP00106" HPOS="287" VPOS="790" WIDTH="16"/>
						<String ID="P97_ST00122" HPOS="303" VPOS="759" WIDTH="186" HEIGHT="32" CONTENT='"thannahs,"' WC="0.89" CC="20304100000"/>
						<SP ID="P97_SP00107" HPOS="489" VPOS="791" WIDTH="16"/>
						<String ID="P97_ST00123" HPOS="505" VPOS="759" WIDTH="67" HEIGHT="26" CONTENT="each" WC="0.95" CC="0002"/>
						<SP ID="P97_SP00108" HPOS="572" VPOS="791" WIDTH="14"/>
						<String ID="P97_ST00124" HPOS="586" VPOS="759" WIDTH="32" HEIGHT="26" CONTENT="of" WC="1.00" CC="00"/>
						<SP ID="P97_SP00109" HPOS="618" VPOS="791" WIDTH="19"/>
						<String ID="P97_ST00125" HPOS="637" VPOS="760" WIDTH="89" HEIGHT="26" CONTENT="which" WC="0.80" CC="06003"/>
						<SP ID="P97_SP00110" HPOS="726" VPOS="791" WIDTH="14"/>
						<String ID="P97_ST00126" HPOS="740" VPOS="770" WIDTH="55" HEIGHT="16" CONTENT="was" WC="1.00" CC="000"/>
						<SP ID="P97_SP00111" HPOS="795" VPOS="791" WIDTH="20"/>
						<String ID="P97_ST00127" HPOS="815" VPOS="760" WIDTH="128" HEIGHT="34" CONTENT="presided" WC="0.91" CC="02005000"/>
						<SP ID="P97_SP00112" HPOS="943" VPOS="794" WIDTH="20"/>
						<String ID="P97_ST00128" HPOS="963" VPOS="770" WIDTH="65" HEIGHT="16" CONTENT="over" WC="0.84" CC="1004"/>
					</TextLine>
					<TextLine ID="P97_TL00016" HPOS="103" VPOS="804" WIDTH="923" HEIGHT="37">
						<String ID="P97_ST00129" HPOS="103" VPOS="804" WIDTH="39" HEIGHT="34" CONTENT="by" WC="1.00" CC="00"/>
						<SP ID="P97_SP00113" HPOS="142" VPOS="838" WIDTH="21"/>
						<String ID="P97_ST00130" HPOS="163" VPOS="814" WIDTH="35" HEIGHT="17" CONTENT="an" WC="1.00" CC="00"/>
						<SP ID="P97_SP00114" HPOS="198" VPOS="838" WIDTH="23"/>
						<String ID="P97_ST00131" HPOS="221" VPOS="805" WIDTH="93" HEIGHT="26" CONTENT="officer" WC="0.98" CC="0000000"/>
						<SP ID="P97_SP00115" HPOS="314" VPOS="838" WIDTH="21"/>
						<String ID="P97_ST00132" HPOS="335" VPOS="806" WIDTH="90" HEIGHT="25" CONTENT="called" WC="1.00" CC="000000"/>
						<SP ID="P97_SP00116" HPOS="425" VPOS="838" WIDTH="27"/>
						<String ID="P97_ST00133" HPOS="452" VPOS="815" WIDTH="17" HEIGHT="17" CONTENT="a" WC="1.00" CC="0"/>
						<SP ID="P97_SP00117" HPOS="469" VPOS="838" WIDTH="23"/>
						<String ID="P97_ST00134" HPOS="492" VPOS="808" WIDTH="13" HEIGHT="11" CONTENT='"' WC="1.00" CC="0"/>
						<SP ID="P97_SP00118" HPOS="505" VPOS="838" WIDTH="10"/>
						<String ID="P97_ST00135" HPOS="515" VPOS="807" WIDTH="147" HEIGHT="34" CONTENT='darogah,"' WC="0.93" CC="003000300"/>
						<SP ID="P97_SP00119" HPOS="662" VPOS="841" WIDTH="24"/>
						<String ID="P97_ST00136" HPOS="686" VPOS="807" WIDTH="63" HEIGHT="26" CONTENT="who" WC="0.67" CC="900"/>
						<SP ID="P97_SP00120" HPOS="749" VPOS="841" WIDTH="25"/>
						<String ID="P97_ST00137" HPOS="774" VPOS="807" WIDTH="56" HEIGHT="26" CONTENT="had" WC="0.60" CC="560"/>
						<SP ID="P97_SP00121" HPOS="830" VPOS="841" WIDTH="26"/>
						<String ID="P97_ST00138" HPOS="856" VPOS="808" WIDTH="88" HEIGHT="25" CONTENT="under" WC="0.96" CC="00002"/>
						<SP ID="P97_SP00122" HPOS="944" VPOS="841" WIDTH="25"/>
						<String ID="P97_ST00139" HPOS="969" VPOS="807" WIDTH="57" HEIGHT="26" CONTENT="him" WC="1.00" CC="000"/>
					</TextLine>
					<TextLine ID="P97_TL00017" HPOS="103" VPOS="852" WIDTH="923" HEIGHT="35">
						<String ID="P97_ST00140" HPOS="103" VPOS="854" WIDTH="12" HEIGHT="10" CONTENT='"' WC="1.00" CC="0"/>
						<SP ID="P97_SP00123" HPOS="115" VPOS="864" WIDTH="10"/>
						<String ID="P97_ST00141" HPOS="125" VPOS="852" WIDTH="88" HEIGHT="32" CONTENT='naib,"' WC="0.83" CC="205002"/>
						<SP ID="P97_SP00124" HPOS="213" VPOS="884" WIDTH="15"/>
						<String ID="P97_ST00142" HPOS="228" VPOS="862" WIDTH="31" HEIGHT="16" CONTENT="or" WC="1.00" CC="00"/>
						<SP ID="P97_SP00125" HPOS="259" VPOS="884" WIDTH="10"/>
						<String ID="P97_ST00143" HPOS="269" VPOS="853" WIDTH="114" HEIGHT="33" CONTENT="deputy," WC="1.00" CC="0000000"/>
						<SP ID="P97_SP00126" HPOS="383" VPOS="886" WIDTH="12"/>
						<String ID="P97_ST00144" HPOS="395" VPOS="855" WIDTH="13" HEIGHT="11" CONTENT='"' WC="0.35" CC="6"/>
						<SP ID="P97_SP00127" HPOS="408" VPOS="886" WIDTH="11"/>
						<String ID="P97_ST00145" HPOS="419" VPOS="853" WIDTH="160" HEIGHT="34" CONTENT='darogahs,"' WC="0.92" CC="0000006001"/>
						<SP ID="P97_SP00128" HPOS="579" VPOS="887" WIDTH="15"/>
						<String ID="P97_ST00146" HPOS="594" VPOS="853" WIDTH="55" HEIGHT="27" CONTENT="and" WC="0.85" CC="040"/>
						<SP ID="P97_SP00129" HPOS="649" VPOS="887" WIDTH="16"/>
						<String ID="P97_ST00147" HPOS="665" VPOS="856" WIDTH="13" HEIGHT="10" CONTENT='"' WC="1.00" CC="0"/>
						<SP ID="P97_SP00130" HPOS="678" VPOS="887" WIDTH="10"/>
						<String ID="P97_ST00148" HPOS="688" VPOS="853" WIDTH="216" HEIGHT="33" CONTENT='burkundazes,"' WC="0.88" CC="0409000000010"/>
						<SP ID="P97_SP00131" HPOS="904" VPOS="887" WIDTH="14"/>
						<String ID="P97_ST00149" HPOS="918" VPOS="863" WIDTH="31" HEIGHT="17" CONTENT="or" WC="0.81" CC="21"/>
						<SP ID="P97_SP00132" HPOS="949" VPOS="887" WIDTH="14"/>
						<String ID="P97_ST00150" HPOS="963" VPOS="863" WIDTH="63" HEIGHT="17" CONTENT="con" SUBS_TYPE="HypPart1" SUBS_CONTENT="constables." WC="0.95" CC="0020"/>
						<HYP CONTENT="-"/>
					</TextLine>
					<TextLine ID="P97_TL00018" HPOS="102" VPOS="899" WIDTH="924" HEIGHT="35">
						<String ID="P97_ST00151" HPOS="102" VPOS="899" WIDTH="110" HEIGHT="26" CONTENT="stables." SUBS_TYPE="HypPart2" SUBS_CONTENT="constables." WC="0.97" CC="00002000"/>
						<SP ID="P97_SP00133" HPOS="212" VPOS="925" WIDTH="49"/>
						<String ID="P97_ST00152" HPOS="261" VPOS="900" WIDTH="84" HEIGHT="25" CONTENT="From" WC="1.00" CC="0000"/>
						<SP ID="P97_SP00134" HPOS="345" VPOS="925" WIDTH="34"/>
						<String ID="P97_ST00153" HPOS="379" VPOS="900" WIDTH="68" HEIGHT="26" CONTENT="each" WC="1.00" CC="0000"/>
						<SP ID="P97_SP00135" HPOS="447" VPOS="926" WIDTH="23"/>
						<String ID="P97_ST00154" HPOS="470" VPOS="900" WIDTH="32" HEIGHT="26" CONTENT="of" WC="1.00" CC="00"/>
						<SP ID="P97_SP00136" HPOS="502" VPOS="926" WIDTH="22"/>
						<String ID="P97_ST00155" HPOS="524" VPOS="900" WIDTH="77" HEIGHT="26" CONTENT="these" WC="0.87" CC="06000"/>
						<SP ID="P97_SP00137" HPOS="601" VPOS="926" WIDTH="23"/>
						<String ID="P97_ST00156" HPOS="624" VPOS="900" WIDTH="140" HEIGHT="26" CONTENT="thannahs" WC="0.81" CC="05033020"/>
						<SP ID="P97_SP00138" HPOS="764" VPOS="926" WIDTH="24"/>
						<String ID="P97_ST00157" HPOS="788" VPOS="909" WIDTH="77" HEIGHT="17" CONTENT="came" WC="1.00" CC="0000"/>
						<SP ID="P97_SP00139" HPOS="865" VPOS="926" WIDTH="30"/>
						<String ID="P97_ST00158" HPOS="895" VPOS="901" WIDTH="28" HEIGHT="24" CONTENT="in" WC="0.65" CC="70"/>
						<SP ID="P97_SP00140" HPOS="923" VPOS="926" WIDTH="26"/>
						<String ID="P97_ST00159" HPOS="949" VPOS="901" WIDTH="77" HEIGHT="33" CONTENT="daily" WC="0.90" CC="00400"/>
					</TextLine>
					<TextLine ID="P97_TL00019" HPOS="102" VPOS="947" WIDTH="926" HEIGHT="34">
						<String ID="P97_ST00160" HPOS="102" VPOS="950" WIDTH="106" HEIGHT="30" CONTENT="reports" WC="0.97" CC="0000200"/>
						<SP ID="P97_SP00141" HPOS="208" VPOS="980" WIDTH="18"/>
						<String ID="P97_ST00161" HPOS="226" VPOS="947" WIDTH="32" HEIGHT="25" CONTENT="of" WC="1.00" CC="00"/>
						<SP ID="P97_SP00142" HPOS="258" VPOS="980" WIDTH="20"/>
						<String ID="P97_ST00162" HPOS="278" VPOS="947" WIDTH="167" HEIGHT="34" CONTENT="everything" WC="0.93" CC="0000006000"/>
						<SP ID="P97_SP00143" HPOS="445" VPOS="981" WIDTH="21"/>
						<String ID="P97_ST00163" HPOS="466" VPOS="947" WIDTH="62" HEIGHT="26" CONTENT="that" WC="1.00" CC="0000"/>
						<SP ID="P97_SP00144" HPOS="528" VPOS="981" WIDTH="21"/>
						<String ID="P97_ST00164" HPOS="549" VPOS="947" WIDTH="56" HEIGHT="26" CONTENT="had" WC="0.85" CC="400"/>
						<SP ID="P97_SP00145" HPOS="605" VPOS="981" WIDTH="21"/>
						<String ID="P97_ST00165" HPOS="626" VPOS="947" WIDTH="156" HEIGHT="34" CONTENT="happened," WC="0.84" CC="770000000"/>
						<SP ID="P97_SP00146" HPOS="782" VPOS="981" WIDTH="15"/>
						<String ID="P97_ST00166" HPOS="797" VPOS="956" WIDTH="31" HEIGHT="17" CONTENT="or" WC="1.00" CC="00"/>
						<SP ID="P97_SP00147" HPOS="828" VPOS="981" WIDTH="19"/>
						<String ID="P97_ST00167" HPOS="847" VPOS="956" WIDTH="30" HEIGHT="17" CONTENT="so" WC="0.93" CC="01"/>
						<SP ID="P97_SP00148" HPOS="877" VPOS="981" WIDTH="19"/>
						<String ID="P97_ST00168" HPOS="896" VPOS="947" WIDTH="82" HEIGHT="27" CONTENT="much" WC="0.92" CC="0003"/>
						<SP ID="P97_SP00149" HPOS="978" VPOS="981" WIDTH="20"/>
						<String ID="P97_ST00169" HPOS="998" VPOS="947" WIDTH="30" HEIGHT="26" CONTENT="of" WC="1.00" CC="00"/>
					</TextLine>
					<TextLine ID="P97_TL00020" HPOS="101" VPOS="993" WIDTH="925" HEIGHT="36">
						<String ID="P97_ST00170" HPOS="101" VPOS="993" WIDTH="21" HEIGHT="25" CONTENT="it" WC="0.73" CC="50"/>
						<SP ID="P97_SP00150" HPOS="122" VPOS="1018" WIDTH="21"/>
						<String ID="P97_ST00171" HPOS="143" VPOS="1002" WIDTH="29" HEIGHT="16" CONTENT="as" WC="1.00" CC="00"/>
						<SP ID="P97_SP00151" HPOS="172" VPOS="1018" WIDTH="24"/>
						<String ID="P97_ST00172" HPOS="196" VPOS="993" WIDTH="47" HEIGHT="25" CONTENT="the" WC="0.90" CC="030"/>
						<SP ID="P97_SP00152" HPOS="243" VPOS="1018" WIDTH="24"/>
						<String ID="P97_ST00173" HPOS="267" VPOS="993" WIDTH="146" HEIGHT="34" CONTENT="daroghah" WC="0.98" CC="00000001"/>
						<SP ID="P97_SP00153" HPOS="413" VPOS="1027" WIDTH="22"/>
						<String ID="P97_ST00174" HPOS="435" VPOS="994" WIDTH="83" HEIGHT="25" CONTENT="chose" WC="0.99" CC="00000"/>
						<SP ID="P97_SP00154" HPOS="518" VPOS="1027" WIDTH="29"/>
						<String ID="P97_ST00175" HPOS="547" VPOS="998" WIDTH="31" HEIGHT="21" CONTENT="to" WC="0.89" CC="02"/>
						<SP ID="P97_SP00155" HPOS="578" VPOS="1027" WIDTH="29"/>
						<String ID="P97_ST00176" HPOS="607" VPOS="994" WIDTH="46" HEIGHT="26" CONTENT="tell" WC="0.88" CC="0040"/>
						<SP ID="P97_SP00156" HPOS="653" VPOS="1027" WIDTH="15"/>
						<String ID="P97_ST00177" HPOS="668" VPOS="1003" WIDTH="5" HEIGHT="24" CONTENT=";" WC="0.53" CC="4"/>
						<SP ID="P97_SP00157" HPOS="673" VPOS="1027" WIDTH="29"/>
						<String ID="P97_ST00178" HPOS="702" VPOS="995" WIDTH="56" HEIGHT="25" CONTENT="and" WC="0.99" CC="000"/>
						<SP ID="P97_SP00158" HPOS="758" VPOS="1027" WIDTH="31"/>
						<String ID="P97_ST00179" HPOS="789" VPOS="995" WIDTH="22" HEIGHT="24" CONTENT="if" WC="0.51" CC="44"/>
						<SP ID="P97_SP00159" HPOS="811" VPOS="1027" WIDTH="33"/>
						<String ID="P97_ST00180" HPOS="844" VPOS="1003" WIDTH="55" HEIGHT="26" CONTENT="any" WC="0.99" CC="000"/>
						<SP ID="P97_SP00160" HPOS="899" VPOS="1029" WIDTH="23"/>
						<String ID="P97_ST00181" HPOS="922" VPOS="996" WIDTH="104" HEIGHT="25" CONTENT="serious" WC="0.90" CC="0006000"/>
					</TextLine>
					<TextLine ID="P97_TL00021" HPOS="99" VPOS="1040" WIDTH="925" HEIGHT="35">
						<String ID="P97_ST00182" HPOS="99" VPOS="1040" WIDTH="84" HEIGHT="25" CONTENT="crime" WC="1.00" CC="00000"/>
						<SP ID="P97_SP00161" HPOS="183" VPOS="1065" WIDTH="15"/>
						<String ID="P97_ST00183" HPOS="198" VPOS="1040" WIDTH="139" HEIGHT="32" CONTENT="occurred," WC="0.96" CC="000000002"/>
						<SP ID="P97_SP00162" HPOS="337" VPOS="1072" WIDTH="16"/>
						<String ID="P97_ST00184" HPOS="353" VPOS="1040" WIDTH="101" HEIGHT="34" CONTENT="special" WC="0.89" CC="0001402"/>
						<SP ID="P97_SP00163" HPOS="454" VPOS="1074" WIDTH="15"/>
						<String ID="P97_ST00185" HPOS="469" VPOS="1045" WIDTH="106" HEIGHT="29" CONTENT="reports" WC="1.00" CC="0000000"/>
						<SP ID="P97_SP00164" HPOS="575" VPOS="1074" WIDTH="14"/>
						<String ID="P97_ST00186" HPOS="589" VPOS="1040" WIDTH="32" HEIGHT="26" CONTENT="of" WC="0.96" CC="00"/>
						<SP ID="P97_SP00165" HPOS="621" VPOS="1074" WIDTH="9"/>
						<String ID="P97_ST00187" HPOS="630" VPOS="1040" WIDTH="74" HEIGHT="33" CONTENT="such," WC="0.99" CC="00000"/>
						<SP ID="P97_SP00166" HPOS="704" VPOS="1074" WIDTH="16"/>
						<String ID="P97_ST00188" HPOS="720" VPOS="1041" WIDTH="53" HEIGHT="26" CONTENT="and" WC="0.97" CC="000"/>
						<SP ID="P97_SP00167" HPOS="773" VPOS="1074" WIDTH="16"/>
						<String ID="P97_ST00189" HPOS="789" VPOS="1040" WIDTH="31" HEIGHT="27" CONTENT="of" WC="1.00" CC="00"/>
						<SP ID="P97_SP00168" HPOS="820" VPOS="1074" WIDTH="16"/>
						<String ID="P97_ST00190" HPOS="836" VPOS="1041" WIDTH="47" HEIGHT="26" CONTENT="the" WC="0.95" CC="010"/>
						<SP ID="P97_SP00169" HPOS="883" VPOS="1074" WIDTH="14"/>
						<String ID="P97_ST00191" HPOS="897" VPOS="1050" WIDTH="127" HEIGHT="25" CONTENT="progress" WC="0.99" CC="00000000"/>
					</TextLine>
					<TextLine ID="P97_TL00022" HPOS="99" VPOS="1087" WIDTH="925" HEIGHT="35">
						<String ID="P97_ST00192" HPOS="99" VPOS="1087" WIDTH="55" HEIGHT="25" CONTENT="and" WC="1.00" CC="000"/>
						<SP ID="P97_SP00170" HPOS="154" VPOS="1112" WIDTH="15"/>
						<String ID="P97_ST00193" HPOS="169" VPOS="1087" WIDTH="98" HEIGHT="26" CONTENT="results" WC="0.83" CC="2090000"/>
						<SP ID="P97_SP00171" HPOS="267" VPOS="1113" WIDTH="14"/>
						<String ID="P97_ST00194" HPOS="281" VPOS="1087" WIDTH="31" HEIGHT="25" CONTENT="of" WC="1.00" CC="00"/>
						<SP ID="P97_SP00172" HPOS="312" VPOS="1113" WIDTH="11"/>
						<String ID="P97_ST00195" HPOS="323" VPOS="1087" WIDTH="48" HEIGHT="25" CONTENT="the" WC="1.00" CC="000"/>
						<SP ID="P97_SP00173" HPOS="371" VPOS="1113" WIDTH="15"/>
						<String ID="P97_ST00196" HPOS="386" VPOS="1088" WIDTH="204" HEIGHT="34" CONTENT="investigation," WC="0.92" CC="40000200000004"/>
						<SP ID="P97_SP00174" HPOS="590" VPOS="1122" WIDTH="16"/>
						<String ID="P97_ST00197" HPOS="606" VPOS="1097" WIDTH="70" HEIGHT="17" CONTENT="were" WC="0.94" CC="0020"/>
						<SP ID="P97_SP00175" HPOS="676" VPOS="1122" WIDTH="14"/>
						<String ID="P97_ST00198" HPOS="690" VPOS="1088" WIDTH="160" HEIGHT="26" CONTENT="submitted." WC="0.92" CC="0300500000"/>
						<SP ID="P97_SP00176" HPOS="850" VPOS="1122" WIDTH="38"/>
						<String ID="P97_ST00199" HPOS="888" VPOS="1088" WIDTH="49" HEIGHT="25" CONTENT="All" WC="1.00" CC="000"/>
						<SP ID="P97_SP00177" HPOS="937" VPOS="1122" WIDTH="9"/>
						<String ID="P97_ST00200" HPOS="946" VPOS="1089" WIDTH="78" HEIGHT="25" CONTENT="these" WC="1.00" CC="00000"/>
					</TextLine>
					<TextLine ID="P97_TL00023" HPOS="99" VPOS="1135" WIDTH="926" HEIGHT="35">
						<String ID="P97_ST00201" HPOS="99" VPOS="1135" WIDTH="49" HEIGHT="26" CONTENT="the" WC="1.00" CC="000"/>
						<SP ID="P97_SP00178" HPOS="148" VPOS="1161" WIDTH="12"/>
						<String ID="P97_ST00202" HPOS="160" VPOS="1135" WIDTH="77" HEIGHT="33" CONTENT="Joint" WC="0.86" CC="00700"/>
						<SP ID="P97_SP00179" HPOS="237" VPOS="1168" WIDTH="16"/>
						<String ID="P97_ST00203" HPOS="253" VPOS="1135" WIDTH="165" HEIGHT="34" CONTENT="Magistrate" WC="0.95" CC="0004000000"/>
						<SP ID="P97_SP00180" HPOS="418" VPOS="1169" WIDTH="13"/>
						<String ID="P97_ST00204" HPOS="431" VPOS="1135" WIDTH="56" HEIGHT="26" CONTENT="had" WC="1.00" CC="000"/>
						<SP ID="P97_SP00181" HPOS="487" VPOS="1169" WIDTH="11"/>
						<String ID="P97_ST00205" HPOS="498" VPOS="1140" WIDTH="30" HEIGHT="21" CONTENT="to" WC="1.00" CC="00"/>
						<SP ID="P97_SP00182" HPOS="528" VPOS="1169" WIDTH="11"/>
						<String ID="P97_ST00206" HPOS="539" VPOS="1135" WIDTH="81" HEIGHT="26" CONTENT="listen" WC="0.82" CC="050004"/>
						<SP ID="P97_SP00183" HPOS="620" VPOS="1169" WIDTH="14"/>
						<String ID="P97_ST00207" HPOS="634" VPOS="1140" WIDTH="35" HEIGHT="27" CONTENT="to," WC="0.92" CC="001"/>
						<String ID="P97_ST00208" HPOS="673" VPOS="1152" WIDTH="35" HEIGHT="2" CONTENT="—" WC="0.20" CC="8"/>
						<String ID="P97_ST00209" HPOS="710" VPOS="1135" WIDTH="41" HEIGHT="26" CONTENT="for" WC="1.00" CC="000"/>
						<SP ID="P97_SP00184" HPOS="751" VPOS="1169" WIDTH="13"/>
						<String ID="P97_ST00210" HPOS="764" VPOS="1135" WIDTH="47" HEIGHT="26" CONTENT="the" WC="1.00" CC="000"/>
						<SP ID="P97_SP00185" HPOS="811" VPOS="1169" WIDTH="10"/>
						<String ID="P97_ST00211" HPOS="821" VPOS="1144" WIDTH="59" HEIGHT="18" CONTENT="new" WC="0.98" CC="000"/>
						<SP ID="P97_SP00186" HPOS="880" VPOS="1169" WIDTH="8"/>
						<String ID="P97_ST00212" HPOS="888" VPOS="1136" WIDTH="97" HEIGHT="34" CONTENT="police," WC="0.79" CC="5005004"/>
						<SP ID="P97_SP00187" HPOS="985" VPOS="1170" WIDTH="11"/>
						<String ID="P97_ST00213" HPOS="996" VPOS="1140" WIDTH="29" HEIGHT="22" CONTENT="to" WC="1.00" CC="00"/>
					</TextLine>
					<TextLine ID="P97_TL00024" HPOS="99" VPOS="1182" WIDTH="926" HEIGHT="32">
						<String ID="P97_ST00214" HPOS="99" VPOS="1183" WIDTH="35" HEIGHT="25" CONTENT="be" WC="1.00" CC="00"/>
						<SP ID="P97_SP00188" HPOS="134" VPOS="1208" WIDTH="14"/>
						<String ID="P97_ST00215" HPOS="148" VPOS="1183" WIDTH="107" HEIGHT="25" CONTENT="treated" WC="0.99" CC="0000000"/>
						<SP ID="P97_SP00189" HPOS="255" VPOS="1208" WIDTH="15"/>
						<String ID="P97_ST00216" HPOS="270" VPOS="1182" WIDTH="32" HEIGHT="26" CONTENT="of" WC="1.00" CC="00"/>
						<SP ID="P97_SP00190" HPOS="302" VPOS="1208" WIDTH="10"/>
						<String ID="P97_ST00217" HPOS="312" VPOS="1182" WIDTH="142" HEIGHT="32" CONTENT="hereafter," WC="0.94" CC="5000010000"/>
						<SP ID="P97_SP00191" HPOS="454" VPOS="1214" WIDTH="15"/>
						<String ID="P97_ST00218" HPOS="469" VPOS="1183" WIDTH="55" HEIGHT="25" CONTENT="had" WC="0.80" CC="600"/>
						<SP ID="P97_SP00192" HPOS="524" VPOS="1214" WIDTH="14"/>
						<String ID="P97_ST00219" HPOS="538" VPOS="1187" WIDTH="48" HEIGHT="21" CONTENT="not" WC="1.00" CC="000"/>
						<SP ID="P97_SP00193" HPOS="586" VPOS="1214" WIDTH="15"/>
						<String ID="P97_ST00220" HPOS="601" VPOS="1183" WIDTH="70" HEIGHT="26" CONTENT="been" WC="1.00" CC="0000"/>
						<SP ID="P97_SP00194" HPOS="671" VPOS="1214" WIDTH="14"/>
						<String ID="P97_ST00221" HPOS="685" VPOS="1183" WIDTH="171" HEIGHT="31" CONTENT="introduced," WC="0.93" CC="52000000000"/>
						<String ID="P97_ST00222" HPOS="858" VPOS="1198" WIDTH="36" HEIGHT="3" CONTENT="—" WC="0.20" CC="8"/>
						<String ID="P97_ST00223" HPOS="895" VPOS="1184" WIDTH="55" HEIGHT="25" CONTENT="and" WC="0.96" CC="010"/>
						<SP ID="P97_SP00195" HPOS="950" VPOS="1214" WIDTH="21"/>
						<String ID="P97_ST00224" HPOS="971" VPOS="1184" WIDTH="54" HEIGHT="25" CONTENT="this" WC="0.90" CC="0030"/>
					</TextLine>
					<TextLine ID="P97_TL00025" HPOS="101" VPOS="1229" WIDTH="831" HEIGHT="34">
						<String ID="P97_ST00225" HPOS="101" VPOS="1229" WIDTH="86" HEIGHT="26" CONTENT="threw" WC="0.80" CC="04006"/>
						<SP ID="P97_SP00196" HPOS="187" VPOS="1255" WIDTH="13"/>
						<String ID="P97_ST00226" HPOS="200" VPOS="1239" WIDTH="16" HEIGHT="17" CONTENT="a" WC="1.00" CC="0"/>
						<SP ID="P97_SP00197" HPOS="216" VPOS="1256" WIDTH="14"/>
						<String ID="P97_ST00227" HPOS="230" VPOS="1239" WIDTH="68" HEIGHT="24" CONTENT="very" WC="1.00" CC="0000"/>
						<SP ID="P97_SP00198" HPOS="298" VPOS="1263" WIDTH="13"/>
						<String ID="P97_ST00228" HPOS="311" VPOS="1229" WIDTH="90" HEIGHT="34" CONTENT="heavy" WC="0.93" CC="30000"/>
						<SP ID="P97_SP00199" HPOS="401" VPOS="1263" WIDTH="13"/>
						<String ID="P97_ST00229" HPOS="414" VPOS="1234" WIDTH="116" HEIGHT="22" CONTENT="amount" WC="1.00" CC="000000"/>
						<SP ID="P97_SP00200" HPOS="530" VPOS="1263" WIDTH="14"/>
						<String ID="P97_ST00230" HPOS="544" VPOS="1229" WIDTH="31" HEIGHT="27" CONTENT="of" WC="0.96" CC="00"/>
						<SP ID="P97_SP00201" HPOS="575" VPOS="1263" WIDTH="10"/>
						<String ID="P97_ST00231" HPOS="585" VPOS="1229" WIDTH="75" HEIGHT="27" CONTENT="work" WC="1.00" CC="0000"/>
						<SP ID="P97_SP00202" HPOS="660" VPOS="1263" WIDTH="14"/>
						<String ID="P97_ST00232" HPOS="674" VPOS="1239" WIDTH="36" HEIGHT="17" CONTENT="on" WC="1.00" CC="00"/>
						<SP ID="P97_SP00203" HPOS="710" VPOS="1263" WIDTH="14"/>
						<String ID="P97_ST00233" HPOS="724" VPOS="1229" WIDTH="43" HEIGHT="26" CONTENT="his" WC="1.00" CC="000"/>
						<SP ID="P97_SP00204" HPOS="767" VPOS="1263" WIDTH="14"/>
						<String ID="P97_ST00234" HPOS="781" VPOS="1229" WIDTH="151" HEIGHT="27" CONTENT="shoulders." WC="0.97" CC="0000100000"/>
					</TextLine>
				</TextBlock>
				<TextBlock ID="P97_TB00006" HPOS="98" VPOS="1275" WIDTH="924" HEIGHT="263" STYLEREFS="TXT_0 PAR_LEFT">
					<TextLine ID="P97_TL00026" HPOS="137" VPOS="1275" WIDTH="885" HEIGHT="35">
						<String ID="P97_ST00235" HPOS="137" VPOS="1275" WIDTH="63" HEIGHT="26" CONTENT="One" WC="0.97" CC="000"/>
						<SP ID="P97_SP00205" HPOS="200" VPOS="1301" WIDTH="20"/>
						<String ID="P97_ST00236" HPOS="220" VPOS="1280" WIDTH="94" HEIGHT="30" CONTENT="report" WC="1.00" CC="000000"/>
						<SP ID="P97_SP00206" HPOS="314" VPOS="1310" WIDTH="19"/>
						<String ID="P97_ST00237" HPOS="333" VPOS="1276" WIDTH="90" HEIGHT="34" CONTENT="might" WC="0.61" CC="05930"/>
						<SP ID="P97_SP00207" HPOS="423" VPOS="1310" WIDTH="24"/>
						<String ID="P97_ST00238" HPOS="447" VPOS="1277" WIDTH="33" HEIGHT="26" CONTENT="be" WC="0.99" CC="00"/>
						<SP ID="P97_SP00208" HPOS="480" VPOS="1310" WIDTH="21"/>
						<String ID="P97_ST00239" HPOS="501" VPOS="1280" WIDTH="30" HEIGHT="22" CONTENT="to" WC="0.53" CC="90"/>
						<SP ID="P97_SP00209" HPOS="531" VPOS="1310" WIDTH="22"/>
						<String ID="P97_ST00240" HPOS="553" VPOS="1277" WIDTH="48" HEIGHT="25" CONTENT="the" WC="1.00" CC="000"/>
						<SP ID="P97_SP00210" HPOS="601" VPOS="1310" WIDTH="22"/>
						<String ID="P97_ST00241" HPOS="623" VPOS="1277" WIDTH="80" HEIGHT="25" CONTENT="effect" WC="1.00" CC="000000"/>
						<SP ID="P97_SP00211" HPOS="703" VPOS="1310" WIDTH="23"/>
						<String ID="P97_ST00242" HPOS="726" VPOS="1276" WIDTH="62" HEIGHT="26" CONTENT="that" WC="0.84" CC="0600"/>
						<SP ID="P97_SP00212" HPOS="788" VPOS="1310" WIDTH="22"/>
						<String ID="P97_ST00243" HPOS="810" VPOS="1285" WIDTH="17" HEIGHT="17" CONTENT="a" WC="1.00" CC="0"/>
						<SP ID="P97_SP00213" HPOS="827" VPOS="1310" WIDTH="23"/>
						<String ID="P97_ST00244" HPOS="850" VPOS="1281" WIDTH="61" HEIGHT="29" CONTENT="part" WC="1.00" CC="0000"/>
						<SP ID="P97_SP00214" HPOS="911" VPOS="1310" WIDTH="15"/>
						<String ID="P97_ST00245" HPOS="926" VPOS="1277" WIDTH="31" HEIGHT="25" CONTENT="of" WC="1.00" CC="00"/>
						<SP ID="P97_SP00215" HPOS="957" VPOS="1310" WIDTH="20"/>
						<String ID="P97_ST00246" HPOS="977" VPOS="1277" WIDTH="45" HEIGHT="26" CONTENT="the" WC="0.77" CC="060"/>
					</TextLine>
					<TextLine ID="P97_TL00027" HPOS="99" VPOS="1323" WIDTH="923" HEIGHT="35">
						<String ID="P97_ST00247" HPOS="99" VPOS="1323" WIDTH="98" HEIGHT="27" CONTENT="thatch" WC="0.97" CC="010000"/>
						<SP ID="P97_SP00216" HPOS="197" VPOS="1350" WIDTH="23"/>
						<String ID="P97_ST00248" HPOS="220" VPOS="1324" WIDTH="31" HEIGHT="26" CONTENT="of" WC="1.00" CC="00"/>
						<SP ID="P97_SP00217" HPOS="251" VPOS="1350" WIDTH="19"/>
						<String ID="P97_ST00249" HPOS="270" VPOS="1324" WIDTH="47" HEIGHT="26" CONTENT="the" WC="1.00" CC="000"/>
						<SP ID="P97_SP00218" HPOS="317" VPOS="1350" WIDTH="21"/>
						<String ID="P97_ST00250" HPOS="338" VPOS="1324" WIDTH="126" HEIGHT="26" CONTENT="thannah" WC="0.98" CC="0000001"/>
						<SP ID="P97_SP00219" HPOS="464" VPOS="1350" WIDTH="21"/>
						<String ID="P97_ST00251" HPOS="485" VPOS="1324" WIDTH="127" HEIGHT="34" CONTENT="building" WC="0.78" CC="00560500"/>
						<SP ID="P97_SP00220" HPOS="612" VPOS="1358" WIDTH="14"/>
						<String ID="P97_ST00252" HPOS="626" VPOS="1333" WIDTH="56" HEIGHT="17" CONTENT="was" WC="0.72" CC="800"/>
						<SP ID="P97_SP00221" HPOS="682" VPOS="1358" WIDTH="18"/>
						<String ID="P97_ST00253" HPOS="700" VPOS="1328" WIDTH="48" HEIGHT="22" CONTENT="out" WC="1.00" CC="000"/>
						<SP ID="P97_SP00222" HPOS="748" VPOS="1358" WIDTH="13"/>
						<String ID="P97_ST00254" HPOS="761" VPOS="1324" WIDTH="32" HEIGHT="26" CONTENT="of" WC="1.00" CC="00"/>
						<SP ID="P97_SP00223" HPOS="793" VPOS="1358" WIDTH="16"/>
						<String ID="P97_ST00255" HPOS="809" VPOS="1324" WIDTH="95" HEIGHT="34" CONTENT="repair," WC="0.90" CC="0000600"/>
						<SP ID="P97_SP00224" HPOS="904" VPOS="1358" WIDTH="15"/>
						<String ID="P97_ST00256" HPOS="919" VPOS="1333" WIDTH="30" HEIGHT="17" CONTENT="or" WC="1.00" CC="00"/>
						<SP ID="P97_SP00225" HPOS="949" VPOS="1358" WIDTH="14"/>
						<String ID="P97_ST00257" HPOS="963" VPOS="1325" WIDTH="59" HEIGHT="25" CONTENT="that" WC="0.99" CC="0000"/>
					</TextLine>
					<TextLine ID="P97_TL00028" HPOS="99" VPOS="1371" WIDTH="923" HEIGHT="34">
						<String ID="P97_ST00258" HPOS="99" VPOS="1372" WIDTH="48" HEIGHT="25" CONTENT="the" WC="0.77" CC="600"/>
						<SP ID="P97_SP00226" HPOS="147" VPOS="1397" WIDTH="14"/>
						<String ID="P97_ST00259" HPOS="161" VPOS="1371" WIDTH="153" HEIGHT="33" CONTENT="ferry-boat" WC="0.98" CC="0001000000"/>
						<SP ID="P97_SP00227" HPOS="314" VPOS="1404" WIDTH="13"/>
						<String ID="P97_ST00260" HPOS="327" VPOS="1381" WIDTH="36" HEIGHT="16" CONTENT="on" WC="1.00" CC="00"/>
						<SP ID="P97_SP00228" HPOS="363" VPOS="1404" WIDTH="14"/>
						<String ID="P97_ST00261" HPOS="377" VPOS="1372" WIDTH="48" HEIGHT="25" CONTENT="the" WC="1.00" CC="000"/>
						<SP ID="P97_SP00229" HPOS="425" VPOS="1404" WIDTH="14"/>
						<String ID="P97_ST00262" HPOS="439" VPOS="1372" WIDTH="202" HEIGHT="33" CONTENT="neighbouring" WC="0.90" CC="000060050000"/>
						<SP ID="P97_SP00230" HPOS="641" VPOS="1405" WIDTH="20"/>
						<String ID="P97_ST00263" HPOS="661" VPOS="1371" WIDTH="70" HEIGHT="25" CONTENT="river" WC="0.83" CC="34000"/>
						<SP ID="P97_SP00231" HPOS="731" VPOS="1405" WIDTH="12"/>
						<String ID="P97_ST00264" HPOS="743" VPOS="1380" WIDTH="57" HEIGHT="16" CONTENT="was" WC="0.67" CC="900"/>
						<SP ID="P97_SP00232" HPOS="800" VPOS="1405" WIDTH="19"/>
						<String ID="P97_ST00265" HPOS="819" VPOS="1371" WIDTH="84" HEIGHT="34" CONTENT="leaky" WC="1.00" CC="00000"/>
						<SP ID="P97_SP00233" HPOS="903" VPOS="1405" WIDTH="10"/>
						<String ID="P97_ST00266" HPOS="913" VPOS="1380" WIDTH="6" HEIGHT="23" CONTENT=";" WC="0.49" CC="5"/>
						<SP ID="P97_SP00234" HPOS="919" VPOS="1405" WIDTH="23"/>
						<String ID="P97_ST00267" HPOS="942" VPOS="1371" WIDTH="80" HEIGHT="26" CONTENT="while" WC="0.86" CC="04110"/>
					</TextLine>
					<TextLine ID="P97_TL00029" HPOS="99" VPOS="1418" WIDTH="923" HEIGHT="34">
						<String ID="P97_ST00268" HPOS="99" VPOS="1418" WIDTH="49" HEIGHT="26" CONTENT="the" WC="0.83" CC="040"/>
						<SP ID="P97_SP00235" HPOS="148" VPOS="1444" WIDTH="23"/>
						<String ID="P97_ST00269" HPOS="171" VPOS="1421" WIDTH="70" HEIGHT="23" CONTENT="next" WC="0.96" CC="0100"/>
						<SP ID="P97_SP00236" HPOS="241" VPOS="1444" WIDTH="23"/>
						<String ID="P97_ST00270" HPOS="264" VPOS="1418" WIDTH="89" HEIGHT="34" CONTENT="might" WC="0.90" CC="04000"/>
						<SP ID="P97_SP00237" HPOS="353" VPOS="1452" WIDTH="23"/>
						<String ID="P97_ST00271" HPOS="376" VPOS="1422" WIDTH="93" HEIGHT="30" CONTENT="report" WC="0.98" CC="100000"/>
						<SP ID="P97_SP00238" HPOS="469" VPOS="1452" WIDTH="20"/>
						<String ID="P97_ST00272" HPOS="489" VPOS="1427" WIDTH="16" HEIGHT="17" CONTENT="a" WC="1.00" CC="0"/>
						<SP ID="P97_SP00239" HPOS="505" VPOS="1452" WIDTH="21"/>
						<String ID="P97_ST00273" HPOS="526" VPOS="1419" WIDTH="104" HEIGHT="25" CONTENT="serious" WC="0.90" CC="0024000"/>
						<SP ID="P97_SP00240" HPOS="630" VPOS="1452" WIDTH="21"/>
						<String ID="P97_ST00274" HPOS="651" VPOS="1427" WIDTH="75" HEIGHT="25" CONTENT="gang" WC="1.00" CC="0000"/>
						<SP ID="P97_SP00241" HPOS="726" VPOS="1452" WIDTH="19"/>
						<String ID="P97_ST00275" HPOS="745" VPOS="1418" WIDTH="120" HEIGHT="34" CONTENT="robbery" WC="0.93" CC="4000000"/>
						<SP ID="P97_SP00242" HPOS="865" VPOS="1452" WIDTH="13"/>
						<String ID="P97_ST00276" HPOS="878" VPOS="1418" WIDTH="66" HEIGHT="26" CONTENT="with" WC="0.81" CC="0601"/>
						<SP ID="P97_SP00243" HPOS="944" VPOS="1452" WIDTH="22"/>
						<String ID="P97_ST00277" HPOS="966" VPOS="1419" WIDTH="56" HEIGHT="25" CONTENT="vio" SUBS_TYPE="HypPart1" SUBS_CONTENT="violence," WC="0.73" CC="0604"/>
						<HYP CONTENT="-"/>
					</TextLine>
					<TextLine ID="P97_TL00030" HPOS="99" VPOS="1466" WIDTH="923" HEIGHT="33">
						<String ID="P97_ST00278" HPOS="99" VPOS="1466" WIDTH="85" HEIGHT="31" CONTENT="lence," SUBS_TYPE="HypPart2" SUBS_CONTENT="violence," WC="0.94" CC="200001"/>
						<SP ID="P97_SP00244" HPOS="184" VPOS="1497" WIDTH="23"/>
						<String ID="P97_ST00279" HPOS="207" VPOS="1474" WIDTH="31" HEIGHT="17" CONTENT="or" WC="1.00" CC="00"/>
						<SP ID="P97_SP00245" HPOS="238" VPOS="1497" WIDTH="23"/>
						<String ID="P97_ST00280" HPOS="261" VPOS="1474" WIDTH="67" HEIGHT="17" CONTENT="even" WC="1.00" CC="0000"/>
						<SP ID="P97_SP00246" HPOS="328" VPOS="1497" WIDTH="21"/>
						<String ID="P97_ST00281" HPOS="349" VPOS="1475" WIDTH="16" HEIGHT="17" CONTENT="a" WC="1.00" CC="0"/>
						<SP ID="P97_SP00247" HPOS="365" VPOS="1497" WIDTH="26"/>
						<String ID="P97_ST00282" HPOS="391" VPOS="1466" WIDTH="59" HEIGHT="26" CONTENT="raid" WC="0.85" CC="0060"/>
						<SP ID="P97_SP00248" HPOS="450" VPOS="1497" WIDTH="21"/>
						<String ID="P97_ST00283" HPOS="471" VPOS="1466" WIDTH="31" HEIGHT="26" CONTENT="of" WC="1.00" CC="00"/>
						<SP ID="P97_SP00249" HPOS="502" VPOS="1497" WIDTH="20"/>
						<String ID="P97_ST00284" HPOS="522" VPOS="1466" WIDTH="158" HEIGHT="33" CONTENT="Nepaulese" WC="0.97" CC="000020000"/>
						<SP ID="P97_SP00250" HPOS="680" VPOS="1499" WIDTH="23"/>
						<String ID="P97_ST00285" HPOS="703" VPOS="1466" WIDTH="55" HEIGHT="26" CONTENT="bad" WC="1.00" CC="000"/>
						<SP ID="P97_SP00251" HPOS="758" VPOS="1499" WIDTH="20"/>
						<String ID="P97_ST00286" HPOS="778" VPOS="1466" WIDTH="155" HEIGHT="26" CONTENT="characters" WC="1.00" CC="0000000000"/>
						<SP ID="P97_SP00252" HPOS="933" VPOS="1499" WIDTH="19"/>
						<String ID="P97_ST00287" HPOS="952" VPOS="1466" WIDTH="70" HEIGHT="27" CONTENT="from" WC="0.95" CC="0010"/>
					</TextLine>
					<TextLine ID="P97_TL00031" HPOS="99" VPOS="1512" WIDTH="448" HEIGHT="26">
						<String ID="P97_ST00288" HPOS="99" VPOS="1513" WIDTH="47" HEIGHT="25" CONTENT="the" WC="0.95" CC="100"/>
						<SP ID="P97_SP00253" HPOS="146" VPOS="1538" WIDTH="14"/>
						<String ID="P97_ST00289" HPOS="160" VPOS="1512" WIDTH="80" HEIGHT="26" CONTENT="other" WC="1.00" CC="00000"/>
						<SP ID="P97_SP00254" HPOS="240" VPOS="1538" WIDTH="13"/>
						<String ID="P97_ST00290" HPOS="253" VPOS="1513" WIDTH="59" HEIGHT="25" CONTENT="side" WC="0.91" CC="0300"/>
						<SP ID="P97_SP00255" HPOS="312" VPOS="1538" WIDTH="14"/>
						<String ID="P97_ST00291" HPOS="326" VPOS="1512" WIDTH="31" HEIGHT="26" CONTENT="of" WC="1.00" CC="00"/>
						<SP ID="P97_SP00256" HPOS="357" VPOS="1538" WIDTH="11"/>
						<String ID="P97_ST00292" HPOS="368" VPOS="1512" WIDTH="46" HEIGHT="26" CONTENT="the" WC="1.00" CC="000"/>
						<SP ID="P97_SP00257" HPOS="414" VPOS="1538" WIDTH="14"/>
						<String ID="P97_ST00293" HPOS="428" VPOS="1513" WIDTH="119" HEIGHT="25" CONTENT="frontier." WC="0.89" CC="000207000"/>
					</TextLine>
				</TextBlock>
				<TextBlock ID="P97_TB00007" HPOS="135" VPOS="1559" WIDTH="885" HEIGHT="34" STYLEREFS="TXT_0 PAR_CENTER">
					<TextLine ID="P97_TL00032" HPOS="136" VPOS="1560" WIDTH="884" HEIGHT="33">
						<String ID="P97_ST00294" HPOS="136" VPOS="1560" WIDTH="46" HEIGHT="26" CONTENT="On" WC="0.76" CC="40"/>
						<SP ID="P97_SP00258" HPOS="182" VPOS="1586" WIDTH="14"/>
						<String ID="P97_ST00295" HPOS="196" VPOS="1560" WIDTH="36" HEIGHT="26" CONTENT="all" WC="0.76" CC="024"/>
						<SP ID="P97_SP00259" HPOS="232" VPOS="1586" WIDTH="15"/>
						<String ID="P97_ST00296" HPOS="247" VPOS="1560" WIDTH="31" HEIGHT="26" CONTENT="of" WC="1.00" CC="00"/>
						<SP ID="P97_SP00260" HPOS="278" VPOS="1586" WIDTH="11"/>
						<String ID="P97_ST00297" HPOS="289" VPOS="1560" WIDTH="85" HEIGHT="32" CONTENT="these," WC="0.90" CC="001004"/>
						<SP ID="P97_SP00261" HPOS="374" VPOS="1592" WIDTH="15"/>
						<String ID="P97_ST00298" HPOS="389" VPOS="1560" WIDTH="93" HEIGHT="27" CONTENT="orders" WC="0.98" CC="000000"/>
						<SP ID="P97_SP00262" HPOS="482" VPOS="1592" WIDTH="14"/>
						<String ID="P97_ST00299" HPOS="496" VPOS="1560" WIDTH="56" HEIGHT="26" CONTENT="had" WC="0.90" CC="300"/>
						<SP ID="P97_SP00263" HPOS="552" VPOS="1592" WIDTH="14"/>
						<String ID="P97_ST00300" HPOS="566" VPOS="1564" WIDTH="30" HEIGHT="22" CONTENT="to" WC="1.00" CC="00"/>
						<SP ID="P97_SP00264" HPOS="596" VPOS="1592" WIDTH="14"/>
						<String ID="P97_ST00301" HPOS="610" VPOS="1560" WIDTH="34" HEIGHT="26" CONTENT="be" WC="1.00" CC="00"/>
						<SP ID="P97_SP00265" HPOS="644" VPOS="1592" WIDTH="13"/>
						<String ID="P97_ST00302" HPOS="657" VPOS="1560" WIDTH="100" HEIGHT="33" CONTENT="passed" WC="0.98" CC="001000"/>
						<SP ID="P97_SP00266" HPOS="757" VPOS="1593" WIDTH="21"/>
						<String ID="P97_ST00303" HPOS="778" VPOS="1564" WIDTH="28" HEIGHT="22" CONTENT="at" WC="1.00" CC="00"/>
						<SP ID="P97_SP00267" HPOS="806" VPOS="1593" WIDTH="21"/>
						<String ID="P97_ST00304" HPOS="827" VPOS="1569" WIDTH="74" HEIGHT="18" CONTENT="once." WC="1.00" CC="00000"/>
						<SP ID="P97_SP00268" HPOS="901" VPOS="1593" WIDTH="40"/>
						<String ID="P97_ST00305" HPOS="941" VPOS="1560" WIDTH="79" HEIGHT="33" CONTENT="They" WC="0.96" CC="1000"/>
					</TextLine>
				</TextBlock>
			</PrintSpace>
		</Page>
	</Layout>
</alto>
