<?xml version="1.0" encoding="UTF-8"?>
<alto xmlns:xsi="http://www.w3.org/2001/XMLSchema-instance" xsi:noNamespaceSchemaLocation="http://www.bl.uk/schemas/alto/alto-1-4.xsd" xmlns:xlink="http://www.w3.org/1999/xlink">
	<Description>
		<MeasurementUnit>mm10</MeasurementUnit>
		<sourceImageInformation>
			<fileName>//head1/IN/2008-11/A0011351408.1/007246.jp2</fileName>
		</sourceImageInformation>
		<OCRProcessing ID="OCRPROCESSING_1">
			<preProcessingStep>
				<processingSoftware>
					<softwareCreator>CCS Content Conversion Specialists GmbH, Germany</softwareCreator>
					<softwareName>CCS docWORKS</softwareName>
					<softwareVersion>6.1-0.67</softwareVersion>
				</processingSoftware>
			</preProcessingStep>
			<ocrProcessingStep>
				<processingSoftware>
					<softwareCreator>ABBYY (BIT Software), Russia</softwareCreator>
					<softwareName>Finereader</softwareName>
				</processingSoftware>
			</ocrProcessingStep>
		</OCRProcessing>
	</Description>
	<Styles>
		<TextStyle ID="TXT_0" FONTSIZE="11" FONTFAMILY="Courier New"/>
		<TextStyle ID="TXT_1" FONTSIZE="10" FONTFAMILY="Courier New"/>
		<TextStyle ID="TXT_2" FONTSIZE="9" FONTFAMILY="Courier New"/>
		<ParagraphStyle ID="PAR_CENTER" ALIGN="Center"/>
		<ParagraphStyle ID="PAR_LEFT" ALIGN="Left"/>
	</Styles>
	<Layout>
		<Page ID="P160" PHYSICAL_IMG_NR="160" HEIGHT="1706" WIDTH="1150" POSITION="Left" ACCURACY="90.87">
			<TopMargin ID="P160_TM00001" HPOS="0" VPOS="0" WIDTH="1149" HEIGHT="372"/>
			<LeftMargin ID="P160_LM00001" HPOS="0" VPOS="372" WIDTH="99" HEIGHT="1234"/>
			<RightMargin ID="P160_RM00001" HPOS="1038" VPOS="372" WIDTH="111" HEIGHT="1234"/>
			<BottomMargin ID="P160_BM00001" HPOS="0" VPOS="1606" WIDTH="1149" HEIGHT="100"/>
			<PrintSpace ID="P160_PS00001" HPOS="99" VPOS="372" WIDTH="939" HEIGHT="1234">
				<TextBlock ID="P160_TB00001" HPOS="440" VPOS="372" WIDTH="269" HEIGHT="26" STYLEREFS="TXT_0 PAR_CENTER">
					<TextLine ID="P160_TL00001" HPOS="440" VPOS="373" WIDTH="269" HEIGHT="25">
						<String ID="P160_ST00001" HPOS="440" VPOS="373" WIDTH="192" HEIGHT="25" CONTENT="CHAPTER" WC="0.75" CC="0604006"/>
						<SP ID="P160_SP00001" HPOS="632" VPOS="398" WIDTH="27"/>
						<String ID="P160_ST00002" HPOS="659" VPOS="373" WIDTH="50" HEIGHT="25" CONTENT="VI." WC="1.00" CC="000"/>
					</TextLine>
				</TextBlock>
				<TextBlock ID="P160_TB00002" HPOS="403" VPOS="451" WIDTH="320" HEIGHT="20" STYLEREFS="TXT_1 PAR_CENTER">
					<TextLine ID="P160_TL00002" HPOS="405" VPOS="451" WIDTH="318" HEIGHT="20">
						<String ID="P160_ST00003" HPOS="405" VPOS="454" WIDTH="19" HEIGHT="17" CONTENT="A" WC="1.00" CC="0"/>
						<SP ID="P160_SP00002" HPOS="424" VPOS="471" WIDTH="8"/>
						<String ID="P160_ST00004" HPOS="432" VPOS="453" WIDTH="20" HEIGHT="18" CONTENT="T" WC="1.00" CC="0"/>
						<SP ID="P160_SP00003" HPOS="452" VPOS="471" WIDTH="12"/>
						<String ID="P160_ST00005" HPOS="464" VPOS="451" WIDTH="259" HEIGHT="20" CONTENT="MOZUFFERPORE." WC="0.79" CC="8000003510601"/>
					</TextLine>
				</TextBlock>
				<TextBlock ID="P160_TB00003" HPOS="102" VPOS="525" WIDTH="936" HEIGHT="99" STYLEREFS="TXT_2 PAR_LEFT">
					<TextLine ID="P160_TL00003" HPOS="102" VPOS="526" WIDTH="936" HEIGHT="19">
						<String ID="P160_ST00006" HPOS="102" VPOS="528" WIDTH="54" HEIGHT="17" CONTENT="THE" WC="0.89" CC="003"/>
						<SP ID="P160_SP00004" HPOS="156" VPOS="545" WIDTH="23"/>
						<String ID="P160_ST00007" HPOS="179" VPOS="528" WIDTH="60" HEIGHT="17" CONTENT="NEW" WC="0.53" CC="058"/>
						<SP ID="P160_SP00005" HPOS="239" VPOS="545" WIDTH="22"/>
						<String ID="P160_ST00008" HPOS="261" VPOS="528" WIDTH="97" HEIGHT="17" CONTENT="POLICE." WC="0.82" CC="0070040"/>
						<String ID="P160_ST00009" HPOS="361" VPOS="535" WIDTH="29" HEIGHT="3" CONTENT="—" WC="0.20" CC="8"/>
						<String ID="P160_ST00010" HPOS="392" VPOS="528" WIDTH="17" HEIGHT="16" CONTENT="A" WC="0.22" CC="7"/>
						<SP ID="P160_SP00006" HPOS="409" VPOS="545" WIDTH="21"/>
						<String ID="P160_ST00011" HPOS="430" VPOS="527" WIDTH="82" HEIGHT="17" CONTENT="RIVER" WC="0.72" CC="00057"/>
						<SP ID="P160_SP00007" HPOS="512" VPOS="545" WIDTH="18"/>
						<String ID="P160_ST00012" HPOS="530" VPOS="527" WIDTH="101" HEIGHT="17" CONTENT="TRIP.—" WC="0.81" CC="000038"/>
						<String ID="P160_ST00013" HPOS="634" VPOS="526" WIDTH="196" HEIGHT="18" CONTENT="EXAMINATION" WC="0.75" CC="12004600704"/>
						<SP ID="P160_SP00008" HPOS="830" VPOS="545" WIDTH="23"/>
						<String ID="P160_ST00014" HPOS="853" VPOS="526" WIDTH="35" HEIGHT="17" CONTENT="AT" WC="1.00" CC="00"/>
						<SP ID="P160_SP00009" HPOS="888" VPOS="545" WIDTH="22"/>
						<String ID="P160_ST00015" HPOS="910" VPOS="526" WIDTH="96" HEIGHT="17" CONTENT="PATNA." WC="0.71" CC="600630"/>
						<String ID="P160_ST00016" HPOS="1009" VPOS="534" WIDTH="29" HEIGHT="2" CONTENT="—" WC="0.20" CC="8"/>
					</TextLine>
					<TextLine ID="P160_TL00004" HPOS="133" VPOS="567" WIDTH="905" HEIGHT="18">
						<String ID="P160_ST00017" HPOS="133" VPOS="567" WIDTH="137" HEIGHT="18" CONTENT="SONEPORE" WC="0.74" CC="00942200"/>
						<SP ID="P160_SP00010" HPOS="270" VPOS="585" WIDTH="23"/>
						<String ID="P160_ST00018" HPOS="293" VPOS="567" WIDTH="67" HEIGHT="17" CONTENT="FAIR." WC="0.68" CC="06080"/>
						<SP ID="P160_SP00011" HPOS="360" VPOS="585" WIDTH="4"/>
						<String ID="P160_ST00019" HPOS="364" VPOS="576" WIDTH="26" HEIGHT="2" CONTENT="—" WC="0.20" CC="8"/>
						<String ID="P160_ST00020" HPOS="394" VPOS="567" WIDTH="136" HEIGHT="18" CONTENT="SHOOTING" WC="0.91" CC="02000004"/>
						<SP ID="P160_SP00012" HPOS="530" VPOS="585" WIDTH="21"/>
						<String ID="P160_ST00021" HPOS="551" VPOS="567" WIDTH="86" HEIGHT="17" CONTENT="PARTY" WC="0.50" CC="50099"/>
						<SP ID="P160_SP00013" HPOS="637" VPOS="585" WIDTH="24"/>
						<String ID="P160_ST00022" HPOS="661" VPOS="567" WIDTH="30" HEIGHT="17" CONTENT="IN" WC="0.92" CC="10"/>
						<SP ID="P160_SP00014" HPOS="691" VPOS="585" WIDTH="21"/>
						<String ID="P160_ST00023" HPOS="712" VPOS="567" WIDTH="55" HEIGHT="17" CONTENT="THE" WC="0.95" CC="001"/>
						<SP ID="P160_SP00015" HPOS="767" VPOS="585" WIDTH="22"/>
						<String ID="P160_ST00024" HPOS="789" VPOS="567" WIDTH="108" HEIGHT="17" CONTENT="NEPAUL" WC="0.85" CC="005002"/>
						<SP ID="P160_SP00016" HPOS="897" VPOS="585" WIDTH="21"/>
						<String ID="P160_ST00025" HPOS="918" VPOS="567" WIDTH="88" HEIGHT="16" CONTENT="TERAI." WC="1.00" CC="000000"/>
						<String ID="P160_ST00026" HPOS="1009" VPOS="574" WIDTH="29" HEIGHT="3" CONTENT="—" WC="0.20" CC="8"/>
					</TextLine>
					<TextLine ID="P160_TL00005" HPOS="133" VPOS="608" WIDTH="238" HEIGHT="16">
						<String ID="P160_ST00027" HPOS="133" VPOS="608" WIDTH="111" HEIGHT="16" CONTENT="ILLEGAL" WC="0.54" CC="3432079"/>
						<SP ID="P160_SP00017" HPOS="244" VPOS="624" WIDTH="16"/>
						<String ID="P160_ST00028" HPOS="260" VPOS="608" WIDTH="111" HEIGHT="16" CONTENT="ORDERS." WC="0.59" CC="1963700"/>
					</TextLine>
				</TextBlock>
				<TextBlock ID="P160_TB00004" HPOS="100" VPOS="674" WIDTH="938" HEIGHT="216" STYLEREFS="TXT_2 PAR_LEFT">
					<TextLine ID="P160_TL00006" HPOS="102" VPOS="675" WIDTH="933" HEIGHT="35">
						<String ID="P160_ST00029" HPOS="102" VPOS="675" WIDTH="132" HEIGHT="27" CONTENT="DURING" WC="0.91" CC="000050"/>
						<SP ID="P160_SP00018" HPOS="234" VPOS="702" WIDTH="14"/>
						<String ID="P160_ST00030" HPOS="248" VPOS="676" WIDTH="61" HEIGHT="26" CONTENT="that" WC="0.96" CC="0100"/>
						<SP ID="P160_SP00019" HPOS="309" VPOS="702" WIDTH="13"/>
						<String ID="P160_ST00031" HPOS="322" VPOS="684" WIDTH="67" HEIGHT="26" CONTENT="year" WC="1.00" CC="0000"/>
						<SP ID="P160_SP00020" HPOS="389" VPOS="710" WIDTH="10"/>
						<String ID="P160_ST00032" HPOS="399" VPOS="676" WIDTH="47" HEIGHT="25" CONTENT="the" WC="0.88" CC="030"/>
						<SP ID="P160_SP00021" HPOS="446" VPOS="710" WIDTH="15"/>
						<String ID="P160_ST00033" HPOS="461" VPOS="676" WIDTH="106" HEIGHT="34" CONTENT="Bengal" WC="0.95" CC="000002"/>
						<SP ID="P160_SP00022" HPOS="567" VPOS="710" WIDTH="15"/>
						<String ID="P160_ST00034" HPOS="582" VPOS="675" WIDTH="192" HEIGHT="27" CONTENT="Government" WC="0.90" CC="0060003000"/>
						<SP ID="P160_SP00023" HPOS="774" VPOS="710" WIDTH="15"/>
						<String ID="P160_ST00035" HPOS="789" VPOS="675" WIDTH="57" HEIGHT="26" CONTENT="had" WC="0.99" CC="000"/>
						<SP ID="P160_SP00024" HPOS="846" VPOS="710" WIDTH="14"/>
						<String ID="P160_ST00036" HPOS="860" VPOS="675" WIDTH="175" HEIGHT="26" CONTENT="determined" WC="0.87" CC="0000006600"/>
					</TextLine>
					<TextLine ID="P160_TL00007" HPOS="101" VPOS="723" WIDTH="937" HEIGHT="35">
						<String ID="P160_ST00037" HPOS="101" VPOS="728" WIDTH="29" HEIGHT="21" CONTENT="to" WC="1.00" CC="00"/>
						<SP ID="P160_SP00025" HPOS="130" VPOS="749" WIDTH="20"/>
						<String ID="P160_ST00038" HPOS="150" VPOS="727" WIDTH="50" HEIGHT="30" CONTENT="put" WC="1.00" CC="000"/>
						<SP ID="P160_SP00026" HPOS="200" VPOS="757" WIDTH="20"/>
						<String ID="P160_ST00039" HPOS="220" VPOS="724" WIDTH="58" HEIGHT="25" CONTENT="into" WC="0.86" CC="5000"/>
						<SP ID="P160_SP00027" HPOS="278" VPOS="757" WIDTH="15"/>
						<String ID="P160_ST00040" HPOS="293" VPOS="724" WIDTH="120" HEIGHT="34" CONTENT="practice" WC="0.92" CC="00000600"/>
						<SP ID="P160_SP00028" HPOS="413" VPOS="758" WIDTH="21"/>
						<String ID="P160_ST00041" HPOS="434" VPOS="724" WIDTH="47" HEIGHT="25" CONTENT="the" WC="0.97" CC="000"/>
						<SP ID="P160_SP00029" HPOS="481" VPOS="758" WIDTH="19"/>
						<String ID="P160_ST00042" HPOS="500" VPOS="723" WIDTH="240" HEIGHT="26" CONTENT="much-talked-of" WC="0.88" CC="00030304000022"/>
						<SP ID="P160_SP00030" HPOS="740" VPOS="758" WIDTH="16"/>
						<String ID="P160_ST00043" HPOS="756" VPOS="723" WIDTH="237" HEIGHT="34" CONTENT="re-organization" WC="0.91" CC="000020037000000"/>
						<SP ID="P160_SP00031" HPOS="993" VPOS="758" WIDTH="15"/>
						<String ID="P160_ST00044" HPOS="1008" VPOS="723" WIDTH="30" HEIGHT="26" CONTENT="of" WC="0.86" CC="02"/>
					</TextLine>
					<TextLine ID="P160_TL00008" HPOS="101" VPOS="770" WIDTH="935" HEIGHT="35">
						<String ID="P160_ST00045" HPOS="101" VPOS="771" WIDTH="47" HEIGHT="25" CONTENT="the" WC="1.00" CC="000"/>
						<SP ID="P160_SP00032" HPOS="148" VPOS="796" WIDTH="20"/>
						<String ID="P160_ST00046" HPOS="168" VPOS="771" WIDTH="96" HEIGHT="34" CONTENT="police." WC="0.90" CC="0120002"/>
						<SP ID="P160_SP00033" HPOS="264" VPOS="805" WIDTH="40"/>
						<String ID="P160_ST00047" HPOS="304" VPOS="771" WIDTH="47" HEIGHT="25" CONTENT="An" WC="1.00" CC="00"/>
						<SP ID="P160_SP00034" HPOS="351" VPOS="805" WIDTH="15"/>
						<String ID="P160_ST00048" HPOS="366" VPOS="771" WIDTH="57" HEIGHT="25" CONTENT="Act" WC="1.00" CC="000"/>
						<SP ID="P160_SP00035" HPOS="423" VPOS="805" WIDTH="15"/>
						<String ID="P160_ST00049" HPOS="438" VPOS="771" WIDTH="43" HEIGHT="34" CONTENT="(V." WC="0.81" CC="500"/>
						<SP ID="P160_SP00036" HPOS="481" VPOS="805" WIDTH="15"/>
						<String ID="P160_ST00050" HPOS="496" VPOS="770" WIDTH="31" HEIGHT="26" CONTENT="of" WC="1.00" CC="00"/>
						<SP ID="P160_SP00037" HPOS="527" VPOS="805" WIDTH="21"/>
						<String ID="P160_ST00051" HPOS="548" VPOS="771" WIDTH="77" HEIGHT="34" CONTENT="1861)" WC="0.95" CC="00200"/>
						<SP ID="P160_SP00038" HPOS="625" VPOS="805" WIDTH="16"/>
						<String ID="P160_ST00052" HPOS="641" VPOS="771" WIDTH="56" HEIGHT="26" CONTENT="had" WC="1.00" CC="000"/>
						<SP ID="P160_SP00039" HPOS="697" VPOS="805" WIDTH="21"/>
						<String ID="P160_ST00053" HPOS="718" VPOS="771" WIDTH="70" HEIGHT="25" CONTENT="been" WC="1.00" CC="0000"/>
						<SP ID="P160_SP00040" HPOS="788" VPOS="805" WIDTH="21"/>
						<String ID="P160_ST00054" HPOS="809" VPOS="771" WIDTH="102" HEIGHT="34" CONTENT="passed" WC="1.00" CC="000000"/>
						<SP ID="P160_SP00041" HPOS="911" VPOS="805" WIDTH="15"/>
						<String ID="P160_ST00055" HPOS="926" VPOS="771" WIDTH="42" HEIGHT="25" CONTENT="for" WC="0.96" CC="010"/>
						<SP ID="P160_SP00042" HPOS="968" VPOS="805" WIDTH="20"/>
						<String ID="P160_ST00056" HPOS="988" VPOS="771" WIDTH="48" HEIGHT="26" CONTENT="the" WC="1.00" CC="000"/>
					</TextLine>
					<TextLine ID="P160_TL00009" HPOS="101" VPOS="817" WIDTH="933" HEIGHT="34">
						<String ID="P160_ST00057" HPOS="101" VPOS="826" WIDTH="125" HEIGHT="25" CONTENT="purpose," WC="0.96" CC="00000003"/>
						<SP ID="P160_SP00043" HPOS="226" VPOS="851" WIDTH="22"/>
						<String ID="P160_ST00058" HPOS="248" VPOS="818" WIDTH="55" HEIGHT="25" CONTENT="and" WC="1.00" CC="000"/>
						<SP ID="P160_SP00044" HPOS="303" VPOS="851" WIDTH="24"/>
						<String ID="P160_ST00059" HPOS="327" VPOS="818" WIDTH="20" HEIGHT="25" CONTENT="it" WC="0.90" CC="20"/>
						<SP ID="P160_SP00045" HPOS="347" VPOS="851" WIDTH="23"/>
						<String ID="P160_ST00060" HPOS="370" VPOS="817" WIDTH="56" HEIGHT="26" CONTENT="had" WC="0.90" CC="300"/>
						<SP ID="P160_SP00046" HPOS="426" VPOS="851" WIDTH="22"/>
						<String ID="P160_ST00061" HPOS="448" VPOS="818" WIDTH="70" HEIGHT="25" CONTENT="been" WC="1.00" CC="0000"/>
						<SP ID="P160_SP00047" HPOS="518" VPOS="851" WIDTH="22"/>
						<String ID="P160_ST00062" HPOS="540" VPOS="818" WIDTH="118" HEIGHT="26" CONTENT="decided" WC="0.92" CC="0005000"/>
						<SP ID="P160_SP00048" HPOS="658" VPOS="851" WIDTH="15"/>
						<String ID="P160_ST00063" HPOS="673" VPOS="818" WIDTH="62" HEIGHT="26" CONTENT="that" WC="1.00" CC="0000"/>
						<SP ID="P160_SP00049" HPOS="735" VPOS="851" WIDTH="20"/>
						<String ID="P160_ST00064" HPOS="755" VPOS="818" WIDTH="56" HEIGHT="26" CONTENT="this" WC="0.88" CC="0400"/>
						<SP ID="P160_SP00050" HPOS="811" VPOS="851" WIDTH="20"/>
						<String ID="P160_ST00065" HPOS="831" VPOS="818" WIDTH="102" HEIGHT="26" CONTENT="should" WC="0.95" CC="000030"/>
						<SP ID="P160_SP00051" HPOS="933" VPOS="851" WIDTH="21"/>
						<String ID="P160_ST00066" HPOS="954" VPOS="827" WIDTH="80" HEIGHT="17" CONTENT="come" WC="0.93" CC="0200"/>
					</TextLine>
					<TextLine ID="P160_TL00010" HPOS="101" VPOS="865" WIDTH="690" HEIGHT="25">
						<String ID="P160_ST00067" HPOS="101" VPOS="865" WIDTH="58" HEIGHT="25" CONTENT="into" WC="0.79" CC="4300"/>
						<SP ID="P160_SP00052" HPOS="159" VPOS="890" WIDTH="14"/>
						<String ID="P160_ST00068" HPOS="173" VPOS="865" WIDTH="73" HEIGHT="25" CONTENT="force" WC="1.00" CC="00000"/>
						<SP ID="P160_SP00053" HPOS="246" VPOS="890" WIDTH="14"/>
						<String ID="P160_ST00069" HPOS="260" VPOS="865" WIDTH="57" HEIGHT="25" CONTENT="first" WC="1.00" CC="00000"/>
						<SP ID="P160_SP00054" HPOS="317" VPOS="890" WIDTH="16"/>
						<String ID="P160_ST00070" HPOS="333" VPOS="865" WIDTH="31" HEIGHT="25" CONTENT="of" WC="1.00" CC="00"/>
						<SP ID="P160_SP00055" HPOS="364" VPOS="890" WIDTH="16"/>
						<String ID="P160_ST00071" HPOS="380" VPOS="865" WIDTH="36" HEIGHT="25" CONTENT="all" WC="1.00" CC="000"/>
						<SP ID="P160_SP00056" HPOS="416" VPOS="890" WIDTH="15"/>
						<String ID="P160_ST00072" HPOS="431" VPOS="865" WIDTH="27" HEIGHT="25" CONTENT="in" WC="0.71" CC="50"/>
						<SP ID="P160_SP00057" HPOS="458" VPOS="890" WIDTH="15"/>
						<String ID="P160_ST00073" HPOS="473" VPOS="865" WIDTH="47" HEIGHT="25" CONTENT="the" WC="1.00" CC="000"/>
						<SP ID="P160_SP00058" HPOS="520" VPOS="890" WIDTH="14"/>
						<String ID="P160_ST00074" HPOS="534" VPOS="865" WIDTH="118" HEIGHT="25" CONTENT="Tirhoot" WC="0.92" CC="0500000"/>
						<SP ID="P160_SP00059" HPOS="652" VPOS="890" WIDTH="15"/>
						<String ID="P160_ST00075" HPOS="667" VPOS="865" WIDTH="124" HEIGHT="25" CONTENT="District." WC="0.92" CC="040002000"/>
					</TextLine>
				</TextBlock>
				<TextBlock ID="P160_TB00005" HPOS="99" VPOS="911" WIDTH="937" HEIGHT="695" STYLEREFS="TXT_2 PAR_LEFT">
					<TextLine ID="P160_TL00011" HPOS="136" VPOS="912" WIDTH="899" HEIGHT="34">
						<String ID="P160_ST00076" HPOS="136" VPOS="912" WIDTH="61" HEIGHT="25" CONTENT="The" WC="1.00" CC="000"/>
						<SP ID="P160_SP00060" HPOS="197" VPOS="937" WIDTH="14"/>
						<String ID="P160_ST00077" HPOS="211" VPOS="912" WIDTH="108" HEIGHT="34" CONTENT="Report" WC="1.00" CC="000000"/>
						<SP ID="P160_SP00061" HPOS="319" VPOS="946" WIDTH="14"/>
						<String ID="P160_ST00078" HPOS="333" VPOS="912" WIDTH="32" HEIGHT="26" CONTENT="of" WC="1.00" CC="00"/>
						<SP ID="P160_SP00062" HPOS="365" VPOS="946" WIDTH="10"/>
						<String ID="P160_ST00079" HPOS="375" VPOS="913" WIDTH="46" HEIGHT="25" CONTENT="the" WC="0.94" CC="010"/>
						<SP ID="P160_SP00063" HPOS="421" VPOS="946" WIDTH="17"/>
						<String ID="P160_ST00080" HPOS="438" VPOS="913" WIDTH="113" HEIGHT="25" CONTENT="Madras" WC="1.00" CC="000000"/>
						<SP ID="P160_SP00064" HPOS="551" VPOS="946" WIDTH="11"/>
						<String ID="P160_ST00081" HPOS="562" VPOS="913" WIDTH="195" HEIGHT="31" CONTENT="Commission," WC="0.93" CC="10000005000"/>
						<SP ID="P160_SP00065" HPOS="757" VPOS="946" WIDTH="10"/>
						<String ID="P160_ST00082" HPOS="767" VPOS="914" WIDTH="92" HEIGHT="25" CONTENT="issued" WC="0.88" CC="700000"/>
						<SP ID="P160_SP00066" HPOS="859" VPOS="946" WIDTH="15"/>
						<String ID="P160_ST00083" HPOS="874" VPOS="922" WIDTH="77" HEIGHT="17" CONTENT="some" WC="1.00" CC="0000"/>
						<SP ID="P160_SP00067" HPOS="951" VPOS="946" WIDTH="16"/>
						<String ID="P160_ST00084" HPOS="967" VPOS="914" WIDTH="68" HEIGHT="25" CONTENT="time" WC="0.79" CC="2500"/>
					</TextLine>
					<TextLine ID="P160_TL00012" HPOS="101" VPOS="959" WIDTH="933" HEIGHT="35">
						<String ID="P160_ST00085" HPOS="101" VPOS="959" WIDTH="164" HEIGHT="34" CONTENT="previously," WC="0.78" CC="00005460302"/>
						<SP ID="P160_SP00068" HPOS="265" VPOS="993" WIDTH="15"/>
						<String ID="P160_ST00086" HPOS="280" VPOS="959" WIDTH="55" HEIGHT="26" CONTENT="had" WC="1.00" CC="000"/>
						<SP ID="P160_SP00069" HPOS="335" VPOS="993" WIDTH="15"/>
						<String ID="P160_ST00087" HPOS="350" VPOS="959" WIDTH="95" HEIGHT="27" CONTENT="shown" WC="0.72" CC="02091"/>
						<SP ID="P160_SP00070" HPOS="445" VPOS="993" WIDTH="15"/>
						<String ID="P160_ST00088" HPOS="460" VPOS="960" WIDTH="63" HEIGHT="26" CONTENT="that" WC="0.92" CC="1100"/>
						<SP ID="P160_SP00071" HPOS="523" VPOS="993" WIDTH="14"/>
						<String ID="P160_ST00089" HPOS="537" VPOS="960" WIDTH="48" HEIGHT="26" CONTENT="the" WC="1.00" CC="000"/>
						<SP ID="P160_SP00072" HPOS="585" VPOS="993" WIDTH="14"/>
						<String ID="P160_ST00090" HPOS="599" VPOS="960" WIDTH="91" HEIGHT="34" CONTENT="police" WC="0.89" CC="000500"/>
						<SP ID="P160_SP00073" HPOS="690" VPOS="994" WIDTH="13"/>
						<String ID="P160_ST00091" HPOS="703" VPOS="960" WIDTH="28" HEIGHT="26" CONTENT="in" WC="1.00" CC="00"/>
						<SP ID="P160_SP00074" HPOS="731" VPOS="994" WIDTH="16"/>
						<String ID="P160_ST00092" HPOS="747" VPOS="960" WIDTH="62" HEIGHT="27" CONTENT="that" WC="1.00" CC="0000"/>
						<SP ID="P160_SP00075" HPOS="809" VPOS="994" WIDTH="17"/>
						<String ID="P160_ST00093" HPOS="826" VPOS="961" WIDTH="132" HEIGHT="33" CONTENT="province" WC="0.98" CC="00000010"/>
						<SP ID="P160_SP00076" HPOS="958" VPOS="994" WIDTH="21"/>
						<String ID="P160_ST00094" HPOS="979" VPOS="960" WIDTH="55" HEIGHT="27" CONTENT="had" WC="0.87" CC="030"/>
					</TextLine>
					<TextLine ID="P160_TL00013" HPOS="101" VPOS="1007" WIDTH="934" HEIGHT="35">
						<String ID="P160_ST00095" HPOS="101" VPOS="1011" WIDTH="50" HEIGHT="21" CONTENT="not" WC="0.92" CC="200"/>
						<SP ID="P160_SP00077" HPOS="151" VPOS="1032" WIDTH="9"/>
						<String ID="P160_ST00096" HPOS="160" VPOS="1008" WIDTH="70" HEIGHT="25" CONTENT="been" WC="1.00" CC="0000"/>
						<SP ID="P160_SP00078" HPOS="230" VPOS="1033" WIDTH="12"/>
						<String ID="P160_ST00097" HPOS="242" VPOS="1008" WIDTH="131" HEIGHT="33" CONTENT="properly" WC="0.95" CC="00000040"/>
						<SP ID="P160_SP00079" HPOS="373" VPOS="1041" WIDTH="11"/>
						<String ID="P160_ST00098" HPOS="384" VPOS="1007" WIDTH="153" HEIGHT="26" CONTENT="controlled" WC="0.89" CC="0000006300"/>
						<SP ID="P160_SP00080" HPOS="537" VPOS="1041" WIDTH="13"/>
						<String ID="P160_ST00099" HPOS="550" VPOS="1016" WIDTH="5" HEIGHT="23" CONTENT=";" WC="1.00" CC="0"/>
						<SP ID="P160_SP00081" HPOS="555" VPOS="1041" WIDTH="18"/>
						<String ID="P160_ST00100" HPOS="573" VPOS="1008" WIDTH="55" HEIGHT="24" CONTENT="and" WC="1.00" CC="000"/>
						<SP ID="P160_SP00082" HPOS="628" VPOS="1041" WIDTH="13"/>
						<String ID="P160_ST00101" HPOS="641" VPOS="1007" WIDTH="60" HEIGHT="26" CONTENT="that" WC="0.90" CC="0300"/>
						<SP ID="P160_SP00083" HPOS="701" VPOS="1041" WIDTH="11"/>
						<String ID="P160_ST00102" HPOS="712" VPOS="1008" WIDTH="111" HEIGHT="25" CONTENT="various" WC="0.81" CC="8004000"/>
						<SP ID="P160_SP00084" HPOS="823" VPOS="1041" WIDTH="10"/>
						<String ID="P160_ST00103" HPOS="833" VPOS="1008" WIDTH="202" HEIGHT="34" CONTENT="malpractices," WC="0.89" CC="0040090000000"/>
					</TextLine>
					<TextLine ID="P160_TL00014" HPOS="102" VPOS="1054" WIDTH="932" HEIGHT="36">
						<String ID="P160_ST00104" HPOS="102" VPOS="1054" WIDTH="144" HEIGHT="34" CONTENT="including" WC="0.89" CC="420000200"/>
						<SP ID="P160_SP00085" HPOS="246" VPOS="1088" WIDTH="22"/>
						<String ID="P160_ST00105" HPOS="268" VPOS="1059" WIDTH="113" HEIGHT="26" CONTENT="torture," WC="0.95" CC="00010002"/>
						<SP ID="P160_SP00086" HPOS="381" VPOS="1088" WIDTH="24"/>
						<String ID="P160_ST00106" HPOS="405" VPOS="1054" WIDTH="55" HEIGHT="26" CONTENT="had" WC="0.99" CC="000"/>
						<SP ID="P160_SP00087" HPOS="460" VPOS="1088" WIDTH="24"/>
						<String ID="P160_ST00107" HPOS="484" VPOS="1054" WIDTH="70" HEIGHT="26" CONTENT="been" WC="1.00" CC="0000"/>
						<SP ID="P160_SP00088" HPOS="554" VPOS="1088" WIDTH="22"/>
						<String ID="P160_ST00108" HPOS="576" VPOS="1054" WIDTH="105" HEIGHT="26" CONTENT="carried" WC="0.92" CC="0000500"/>
						<SP ID="P160_SP00089" HPOS="681" VPOS="1088" WIDTH="22"/>
						<String ID="P160_ST00109" HPOS="703" VPOS="1064" WIDTH="44" HEIGHT="17" CONTENT="on." WC="0.94" CC="010"/>
						<SP ID="P160_SP00090" HPOS="747" VPOS="1088" WIDTH="35"/>
						<String ID="P160_ST00110" HPOS="782" VPOS="1055" WIDTH="26" HEIGHT="26" CONTENT="It" WC="1.00" CC="00"/>
						<SP ID="P160_SP00091" HPOS="808" VPOS="1088" WIDTH="20"/>
						<String ID="P160_ST00111" HPOS="828" VPOS="1064" WIDTH="57" HEIGHT="17" CONTENT="was" WC="0.67" CC="900"/>
						<SP ID="P160_SP00092" HPOS="885" VPOS="1088" WIDTH="21"/>
						<String ID="P160_ST00112" HPOS="906" VPOS="1055" WIDTH="128" HEIGHT="35" CONTENT="thought," WC="0.96" CC="03000000"/>
					</TextLine>
					<TextLine ID="P160_TL00015" HPOS="101" VPOS="1101" WIDTH="933" HEIGHT="35">
						<String ID="P160_ST00113" HPOS="101" VPOS="1101" WIDTH="75" HEIGHT="34" CONTENT="truly" WC="0.99" CC="00000"/>
						<SP ID="P160_SP00093" HPOS="176" VPOS="1135" WIDTH="26"/>
						<String ID="P160_ST00114" HPOS="202" VPOS="1101" WIDTH="120" HEIGHT="34" CONTENT="enough," WC="0.85" CC="0300050"/>
						<SP ID="P160_SP00094" HPOS="322" VPOS="1135" WIDTH="27"/>
						<String ID="P160_ST00115" HPOS="349" VPOS="1101" WIDTH="62" HEIGHT="26" CONTENT="that" WC="0.97" CC="0100"/>
						<SP ID="P160_SP00095" HPOS="411" VPOS="1135" WIDTH="27"/>
						<String ID="P160_ST00116" HPOS="438" VPOS="1101" WIDTH="48" HEIGHT="25" CONTENT="the" WC="0.89" CC="030"/>
						<SP ID="P160_SP00096" HPOS="486" VPOS="1135" WIDTH="27"/>
						<String ID="P160_ST00117" HPOS="513" VPOS="1101" WIDTH="106" HEIGHT="34" CONTENT="Bengal" WC="0.77" CC="400900"/>
						<SP ID="P160_SP00097" HPOS="619" VPOS="1135" WIDTH="28"/>
						<String ID="P160_ST00118" HPOS="647" VPOS="1101" WIDTH="116" HEIGHT="26" CONTENT="District" WC="0.90" CC="00000700"/>
						<SP ID="P160_SP00098" HPOS="763" VPOS="1135" WIDTH="23"/>
						<String ID="P160_ST00119" HPOS="786" VPOS="1102" WIDTH="167" HEIGHT="34" CONTENT="Magistrate" WC="0.96" CC="0004000000"/>
						<SP ID="P160_SP00099" HPOS="953" VPOS="1136" WIDTH="26"/>
						<String ID="P160_ST00120" HPOS="979" VPOS="1103" WIDTH="55" HEIGHT="26" CONTENT="had" WC="1.00" CC="000"/>
					</TextLine>
					<TextLine ID="P160_TL00016" HPOS="101" VPOS="1147" WIDTH="935" HEIGHT="30">
						<String ID="P160_ST00121" HPOS="101" VPOS="1157" WIDTH="32" HEIGHT="17" CONTENT="so" WC="1.00" CC="00"/>
						<SP ID="P160_SP00100" HPOS="133" VPOS="1174" WIDTH="20"/>
						<String ID="P160_ST00122" HPOS="153" VPOS="1148" WIDTH="83" HEIGHT="26" CONTENT="much" WC="1.00" CC="0000"/>
						<SP ID="P160_SP00101" HPOS="236" VPOS="1174" WIDTH="24"/>
						<String ID="P160_ST00123" HPOS="260" VPOS="1152" WIDTH="29" HEIGHT="22" CONTENT="to" WC="0.86" CC="20"/>
						<SP ID="P160_SP00102" HPOS="289" VPOS="1174" WIDTH="22"/>
						<String ID="P160_ST00124" HPOS="311" VPOS="1148" WIDTH="37" HEIGHT="26" CONTENT="do" WC="0.91" CC="01"/>
						<SP ID="P160_SP00103" HPOS="348" VPOS="1174" WIDTH="20"/>
						<String ID="P160_ST00125" HPOS="368" VPOS="1148" WIDTH="62" HEIGHT="26" CONTENT="that" WC="1.00" CC="0000"/>
						<SP ID="P160_SP00104" HPOS="430" VPOS="1174" WIDTH="20"/>
						<String ID="P160_ST00126" HPOS="450" VPOS="1148" WIDTH="36" HEIGHT="26" CONTENT="he" WC="0.79" CC="40"/>
						<SP ID="P160_SP00105" HPOS="486" VPOS="1174" WIDTH="23"/>
						<String ID="P160_ST00127" HPOS="509" VPOS="1147" WIDTH="55" HEIGHT="27" CONTENT="had" WC="1.00" CC="000"/>
						<SP ID="P160_SP00106" HPOS="564" VPOS="1174" WIDTH="25"/>
						<String ID="P160_ST00128" HPOS="589" VPOS="1152" WIDTH="50" HEIGHT="22" CONTENT="not" WC="0.97" CC="000"/>
						<SP ID="P160_SP00107" HPOS="639" VPOS="1174" WIDTH="22"/>
						<String ID="P160_ST00129" HPOS="661" VPOS="1148" WIDTH="69" HEIGHT="26" CONTENT="time" WC="0.84" CC="0600"/>
						<SP ID="P160_SP00108" HPOS="730" VPOS="1174" WIDTH="23"/>
						<String ID="P160_ST00130" HPOS="753" VPOS="1153" WIDTH="30" HEIGHT="21" CONTENT="to" WC="1.00" CC="00"/>
						<SP ID="P160_SP00109" HPOS="783" VPOS="1174" WIDTH="22"/>
						<String ID="P160_ST00131" HPOS="805" VPOS="1149" WIDTH="67" HEIGHT="26" CONTENT="look" WC="1.00" CC="0000"/>
						<SP ID="P160_SP00110" HPOS="872" VPOS="1175" WIDTH="22"/>
						<String ID="P160_ST00132" HPOS="894" VPOS="1150" WIDTH="71" HEIGHT="26" CONTENT="after" WC="0.81" CC="03401"/>
						<SP ID="P160_SP00111" HPOS="965" VPOS="1176" WIDTH="22"/>
						<String ID="P160_ST00133" HPOS="987" VPOS="1151" WIDTH="49" HEIGHT="26" CONTENT="the" WC="0.97" CC="000"/>
					</TextLine>
					<TextLine ID="P160_TL00017" HPOS="102" VPOS="1196" WIDTH="934" HEIGHT="34">
						<String ID="P160_ST00134" HPOS="102" VPOS="1196" WIDTH="90" HEIGHT="34" CONTENT="police" WC="0.86" CC="000620"/>
						<String ID="P160_ST00135" HPOS="203" VPOS="1206" WIDTH="5" HEIGHT="22" CONTENT=";" WC="1.00" CC="0"/>
						<SP ID="P160_SP00112" HPOS="208" VPOS="1230" WIDTH="21"/>
						<String ID="P160_ST00136" HPOS="229" VPOS="1197" WIDTH="55" HEIGHT="24" CONTENT="and" WC="0.93" CC="010"/>
						<SP ID="P160_SP00113" HPOS="284" VPOS="1230" WIDTH="25"/>
						<String ID="P160_ST00137" HPOS="309" VPOS="1205" WIDTH="16" HEIGHT="17" CONTENT="a" WC="1.00" CC="0"/>
						<SP ID="P160_SP00114" HPOS="325" VPOS="1230" WIDTH="19"/>
						<String ID="P160_ST00138" HPOS="344" VPOS="1196" WIDTH="76" HEIGHT="34" CONTENT="good" WC="1.00" CC="0000"/>
						<SP ID="P160_SP00115" HPOS="420" VPOS="1230" WIDTH="21"/>
						<String ID="P160_ST00139" HPOS="441" VPOS="1196" WIDTH="63" HEIGHT="26" CONTENT="deal" WC="0.91" CC="0003"/>
						<SP ID="P160_SP00116" HPOS="504" VPOS="1230" WIDTH="20"/>
						<String ID="P160_ST00140" HPOS="524" VPOS="1196" WIDTH="32" HEIGHT="25" CONTENT="of" WC="1.00" CC="00"/>
						<SP ID="P160_SP00117" HPOS="556" VPOS="1230" WIDTH="20"/>
						<String ID="P160_ST00141" HPOS="576" VPOS="1200" WIDTH="84" HEIGHT="22" CONTENT="stress" WC="1.00" CC="000000"/>
						<SP ID="P160_SP00118" HPOS="660" VPOS="1230" WIDTH="20"/>
						<String ID="P160_ST00142" HPOS="680" VPOS="1206" WIDTH="56" HEIGHT="17" CONTENT="was" WC="1.00" CC="000"/>
						<SP ID="P160_SP00119" HPOS="736" VPOS="1230" WIDTH="22"/>
						<String ID="P160_ST00143" HPOS="758" VPOS="1197" WIDTH="61" HEIGHT="27" CONTENT="also" WC="0.83" CC="0600"/>
						<SP ID="P160_SP00120" HPOS="819" VPOS="1230" WIDTH="23"/>
						<String ID="P160_ST00144" HPOS="842" VPOS="1197" WIDTH="57" HEIGHT="27" CONTENT="laid" WC="0.94" CC="0020"/>
						<SP ID="P160_SP00121" HPOS="899" VPOS="1230" WIDTH="25"/>
						<String ID="P160_ST00145" HPOS="924" VPOS="1208" WIDTH="37" HEIGHT="16" CONTENT="on" WC="1.00" CC="00"/>
						<SP ID="P160_SP00122" HPOS="961" VPOS="1230" WIDTH="26"/>
						<String ID="P160_ST00146" HPOS="987" VPOS="1200" WIDTH="49" HEIGHT="25" CONTENT="the" WC="1.00" CC="000"/>
					</TextLine>
					<TextLine ID="P160_TL00018" HPOS="101" VPOS="1242" WIDTH="935" HEIGHT="37">
						<String ID="P160_ST00147" HPOS="101" VPOS="1243" WIDTH="204" HEIGHT="34" CONTENT="inexpediency" WC="0.97" CC="000000000200"/>
						<SP ID="P160_SP00123" HPOS="305" VPOS="1277" WIDTH="14"/>
						<String ID="P160_ST00148" HPOS="319" VPOS="1243" WIDTH="31" HEIGHT="25" CONTENT="of" WC="1.00" CC="00"/>
						<SP ID="P160_SP00124" HPOS="350" VPOS="1277" WIDTH="17"/>
						<String ID="P160_ST00149" HPOS="367" VPOS="1243" WIDTH="48" HEIGHT="25" CONTENT="the" WC="1.00" CC="000"/>
						<SP ID="P160_SP00125" HPOS="415" VPOS="1277" WIDTH="13"/>
						<String ID="P160_ST00150" HPOS="428" VPOS="1242" WIDTH="197" HEIGHT="26" CONTENT="thief-catcher" WC="0.87" CC="0060202000500"/>
						<SP ID="P160_SP00126" HPOS="625" VPOS="1277" WIDTH="19"/>
						<String ID="P160_ST00151" HPOS="644" VPOS="1244" WIDTH="85" HEIGHT="34" CONTENT="being" WC="0.94" CC="00030"/>
						<SP ID="P160_SP00127" HPOS="729" VPOS="1278" WIDTH="20"/>
						<String ID="P160_ST00152" HPOS="749" VPOS="1244" WIDTH="48" HEIGHT="26" CONTENT="the" WC="0.89" CC="030"/>
						<SP ID="P160_SP00128" HPOS="797" VPOS="1278" WIDTH="20"/>
						<String ID="P160_ST00153" HPOS="817" VPOS="1245" WIDTH="150" HEIGHT="27" CONTENT="thief-trier" WC="0.91" CC="00200200500"/>
						<SP ID="P160_SP00129" HPOS="967" VPOS="1278" WIDTH="12"/>
						<String ID="P160_ST00154" HPOS="979" VPOS="1257" WIDTH="4" HEIGHT="22" CONTENT=";" WC="1.00" CC="0"/>
						<SP ID="P160_SP00130" HPOS="983" VPOS="1279" WIDTH="22"/>
						<String ID="P160_ST00155" HPOS="1005" VPOS="1256" WIDTH="31" HEIGHT="17" CONTENT="so" WC="1.00" CC="00"/>
					</TextLine>
					<TextLine ID="P160_TL00019" HPOS="101" VPOS="1290" WIDTH="935" HEIGHT="36">
						<String ID="P160_ST00156" HPOS="101" VPOS="1290" WIDTH="22" HEIGHT="26" CONTENT="it" WC="0.70" CC="50"/>
						<SP ID="P160_SP00131" HPOS="123" VPOS="1316" WIDTH="22"/>
						<String ID="P160_ST00157" HPOS="145" VPOS="1299" WIDTH="56" HEIGHT="17" CONTENT="was" WC="1.00" CC="000"/>
						<SP ID="P160_SP00132" HPOS="201" VPOS="1316" WIDTH="21"/>
						<String ID="P160_ST00158" HPOS="222" VPOS="1290" WIDTH="121" HEIGHT="34" CONTENT="thought" WC="0.91" CC="0000060"/>
						<SP ID="P160_SP00133" HPOS="343" VPOS="1324" WIDTH="20"/>
						<String ID="P160_ST00159" HPOS="363" VPOS="1290" WIDTH="143" HEIGHT="26" CONTENT="advisable" WC="0.93" CC="000500000"/>
						<SP ID="P160_SP00134" HPOS="506" VPOS="1324" WIDTH="20"/>
						<String ID="P160_ST00160" HPOS="526" VPOS="1290" WIDTH="62" HEIGHT="26" CONTENT="that" WC="0.91" CC="0300"/>
						<SP ID="P160_SP00135" HPOS="588" VPOS="1324" WIDTH="21"/>
						<String ID="P160_ST00161" HPOS="609" VPOS="1299" WIDTH="16" HEIGHT="17" CONTENT="a" WC="1.00" CC="0"/>
						<SP ID="P160_SP00136" HPOS="625" VPOS="1324" WIDTH="20"/>
						<String ID="P160_ST00162" HPOS="645" VPOS="1291" WIDTH="103" HEIGHT="33" CONTENT="special" WC="0.93" CC="0000400"/>
						<SP ID="P160_SP00137" HPOS="748" VPOS="1324" WIDTH="22"/>
						<String ID="P160_ST00163" HPOS="770" VPOS="1292" WIDTH="152" HEIGHT="34" CONTENT="European" WC="0.91" CC="00000060"/>
						<SP ID="P160_SP00138" HPOS="922" VPOS="1326" WIDTH="21"/>
						<String ID="P160_ST00164" HPOS="943" VPOS="1294" WIDTH="93" HEIGHT="26" CONTENT="officer" WC="0.83" CC="0344000"/>
					</TextLine>
					<TextLine ID="P160_TL00020" HPOS="102" VPOS="1337" WIDTH="933" HEIGHT="35">
						<String ID="P160_ST00165" HPOS="102" VPOS="1338" WIDTH="99" HEIGHT="25" CONTENT="should" WC="0.96" CC="020000"/>
						<SP ID="P160_SP00139" HPOS="201" VPOS="1363" WIDTH="18"/>
						<String ID="P160_ST00166" HPOS="219" VPOS="1338" WIDTH="36" HEIGHT="25" CONTENT="be" WC="1.00" CC="00"/>
						<SP ID="P160_SP00140" HPOS="255" VPOS="1363" WIDTH="17"/>
						<String ID="P160_ST00167" HPOS="272" VPOS="1338" WIDTH="153" HEIGHT="34" CONTENT="appointed" WC="1.00" CC="000000000"/>
						<SP ID="P160_SP00141" HPOS="425" VPOS="1372" WIDTH="23"/>
						<String ID="P160_ST00168" HPOS="448" VPOS="1340" WIDTH="29" HEIGHT="22" CONTENT="to" WC="1.00" CC="00"/>
						<SP ID="P160_SP00142" HPOS="477" VPOS="1372" WIDTH="24"/>
						<String ID="P160_ST00169" HPOS="501" VPOS="1337" WIDTH="68" HEIGHT="25" CONTENT="each" WC="1.00" CC="0000"/>
						<SP ID="P160_SP00143" HPOS="569" VPOS="1372" WIDTH="22"/>
						<String ID="P160_ST00170" HPOS="591" VPOS="1337" WIDTH="117" HEIGHT="33" CONTENT="district," WC="0.97" CC="000000002"/>
						<SP ID="P160_SP00144" HPOS="708" VPOS="1372" WIDTH="24"/>
						<String ID="P160_ST00171" HPOS="732" VPOS="1339" WIDTH="90" HEIGHT="26" CONTENT="called" WC="0.82" CC="003420"/>
						<SP ID="P160_SP00145" HPOS="822" VPOS="1372" WIDTH="24"/>
						<String ID="P160_ST00172" HPOS="846" VPOS="1340" WIDTH="49" HEIGHT="26" CONTENT="the" WC="1.00" CC="000"/>
						<SP ID="P160_SP00146" HPOS="895" VPOS="1372" WIDTH="23"/>
						<String ID="P160_ST00173" HPOS="918" VPOS="1341" WIDTH="117" HEIGHT="27" CONTENT="District" WC="0.94" CC="00000400"/>
					</TextLine>
					<TextLine ID="P160_TL00021" HPOS="103" VPOS="1384" WIDTH="932" HEIGHT="39">
						<String ID="P160_ST00174" HPOS="103" VPOS="1384" WIDTH="236" HEIGHT="34" CONTENT="Superintendent" WC="1.00" CC="00000000000000"/>
						<SP ID="P160_SP00147" HPOS="339" VPOS="1418" WIDTH="19"/>
						<String ID="P160_ST00175" HPOS="358" VPOS="1384" WIDTH="31" HEIGHT="26" CONTENT="of" WC="0.91" CC="01"/>
						<SP ID="P160_SP00148" HPOS="389" VPOS="1418" WIDTH="18"/>
						<String ID="P160_ST00176" HPOS="407" VPOS="1384" WIDTH="98" HEIGHT="32" CONTENT="Police," WC="0.90" CC="6000000"/>
						<SP ID="P160_SP00149" HPOS="505" VPOS="1418" WIDTH="15"/>
						<String ID="P160_ST00177" HPOS="520" VPOS="1385" WIDTH="56" HEIGHT="25" CONTENT="and" WC="1.00" CC="000"/>
						<SP ID="P160_SP00150" HPOS="576" VPOS="1418" WIDTH="14"/>
						<String ID="P160_ST00178" HPOS="590" VPOS="1384" WIDTH="62" HEIGHT="28" CONTENT="that" WC="0.95" CC="0200"/>
						<SP ID="P160_SP00151" HPOS="652" VPOS="1418" WIDTH="14"/>
						<String ID="P160_ST00179" HPOS="666" VPOS="1385" WIDTH="35" HEIGHT="27" CONTENT="he" WC="1.00" CC="00"/>
						<SP ID="P160_SP00152" HPOS="701" VPOS="1418" WIDTH="19"/>
						<String ID="P160_ST00180" HPOS="720" VPOS="1386" WIDTH="102" HEIGHT="27" CONTENT="should" WC="0.92" CC="050000"/>
						<SP ID="P160_SP00153" HPOS="822" VPOS="1418" WIDTH="21"/>
						<String ID="P160_ST00181" HPOS="843" VPOS="1388" WIDTH="35" HEIGHT="25" CONTENT="be" WC="1.00" CC="00"/>
						<SP ID="P160_SP00154" HPOS="878" VPOS="1418" WIDTH="21"/>
						<String ID="P160_ST00182" HPOS="899" VPOS="1390" WIDTH="136" HEIGHT="33" CONTENT="provided" WC="1.00" CC="00000000"/>
					</TextLine>
					<TextLine ID="P160_TL00022" HPOS="102" VPOS="1432" WIDTH="933" HEIGHT="38">
						<String ID="P160_ST00183" HPOS="102" VPOS="1432" WIDTH="65" HEIGHT="25" CONTENT="with" WC="1.00" CC="0000"/>
						<SP ID="P160_SP00155" HPOS="167" VPOS="1457" WIDTH="16"/>
						<String ID="P160_ST00184" HPOS="183" VPOS="1432" WIDTH="101" HEIGHT="34" CONTENT="special" WC="1.00" CC="0000000"/>
						<SP ID="P160_SP00156" HPOS="284" VPOS="1466" WIDTH="16"/>
						<String ID="P160_ST00185" HPOS="300" VPOS="1432" WIDTH="149" HEIGHT="34" CONTENT="European" WC="0.94" CC="00000004"/>
						<SP ID="P160_SP00157" HPOS="449" VPOS="1466" WIDTH="15"/>
						<String ID="P160_ST00186" HPOS="464" VPOS="1432" WIDTH="196" HEIGHT="27" CONTENT="subordinates" WC="0.91" CC="000000604000"/>
						<SP ID="P160_SP00158" HPOS="660" VPOS="1466" WIDTH="21"/>
						<String ID="P160_ST00187" HPOS="681" VPOS="1437" WIDTH="28" HEIGHT="22" CONTENT="to" WC="0.75" CC="04"/>
						<SP ID="P160_SP00159" HPOS="709" VPOS="1466" WIDTH="21"/>
						<String ID="P160_ST00188" HPOS="730" VPOS="1434" WIDTH="66" HEIGHT="27" CONTENT="take" WC="1.00" CC="0000"/>
						<SP ID="P160_SP00160" HPOS="796" VPOS="1466" WIDTH="20"/>
						<String ID="P160_ST00189" HPOS="816" VPOS="1434" WIDTH="103" HEIGHT="36" CONTENT="charge" WC="0.97" CC="010000"/>
						<SP ID="P160_SP00161" HPOS="919" VPOS="1470" WIDTH="21"/>
						<String ID="P160_ST00190" HPOS="940" VPOS="1436" WIDTH="32" HEIGHT="26" CONTENT="of" WC="1.00" CC="00"/>
						<SP ID="P160_SP00162" HPOS="972" VPOS="1470" WIDTH="16"/>
						<String ID="P160_ST00191" HPOS="988" VPOS="1437" WIDTH="47" HEIGHT="25" CONTENT="the" WC="0.97" CC="000"/>
					</TextLine>
					<TextLine ID="P160_TL00023" HPOS="102" VPOS="1478" WIDTH="934" HEIGHT="34">
						<String ID="P160_ST00192" HPOS="102" VPOS="1479" WIDTH="198" HEIGHT="26" CONTENT="sub-divisions" WC="0.93" CC="0000040200010"/>
						<SP ID="P160_SP00163" HPOS="300" VPOS="1505" WIDTH="11"/>
						<String ID="P160_ST00193" HPOS="311" VPOS="1478" WIDTH="30" HEIGHT="27" CONTENT="of" WC="1.00" CC="00"/>
						<SP ID="P160_SP00164" HPOS="341" VPOS="1505" WIDTH="11"/>
						<String ID="P160_ST00194" HPOS="352" VPOS="1479" WIDTH="128" HEIGHT="26" CONTENT="districts." WC="0.96" CC="0000030000"/>
						<SP ID="P160_SP00165" HPOS="480" VPOS="1505" WIDTH="41"/>
						<String ID="P160_ST00195" HPOS="521" VPOS="1479" WIDTH="125" HEIGHT="33" CONTENT="Further," WC="1.00" CC="00000000"/>
						<SP ID="P160_SP00166" HPOS="646" VPOS="1512" WIDTH="12"/>
						<String ID="P160_ST00196" HPOS="658" VPOS="1480" WIDTH="47" HEIGHT="27" CONTENT="the" WC="1.00" CC="000"/>
						<SP ID="P160_SP00167" HPOS="705" VPOS="1512" WIDTH="15"/>
						<String ID="P160_ST00197" HPOS="720" VPOS="1483" WIDTH="212" HEIGHT="26" CONTENT="nomenclature" WC="0.97" CC="000010200000"/>
						<SP ID="P160_SP00168" HPOS="932" VPOS="1512" WIDTH="14"/>
						<String ID="P160_ST00198" HPOS="946" VPOS="1484" WIDTH="32" HEIGHT="25" CONTENT="of" WC="1.00" CC="00"/>
						<SP ID="P160_SP00169" HPOS="978" VPOS="1512" WIDTH="10"/>
						<String ID="P160_ST00199" HPOS="988" VPOS="1484" WIDTH="48" HEIGHT="26" CONTENT="the" WC="1.00" CC="000"/>
					</TextLine>
					<TextLine ID="P160_TL00024" HPOS="102" VPOS="1526" WIDTH="932" HEIGHT="36">
						<String ID="P160_ST00200" HPOS="102" VPOS="1527" WIDTH="92" HEIGHT="25" CONTENT="native" WC="0.82" CC="500500"/>
						<SP ID="P160_SP00170" HPOS="194" VPOS="1552" WIDTH="14"/>
						<String ID="P160_ST00201" HPOS="208" VPOS="1526" WIDTH="90" HEIGHT="35" CONTENT="police" WC="1.00" CC="000000"/>
						<SP ID="P160_SP00171" HPOS="298" VPOS="1561" WIDTH="14"/>
						<String ID="P160_ST00202" HPOS="312" VPOS="1526" WIDTH="114" HEIGHT="27" CONTENT="officials" WC="0.87" CC="000005050"/>
						<SP ID="P160_SP00172" HPOS="426" VPOS="1561" WIDTH="13"/>
						<String ID="P160_ST00203" HPOS="439" VPOS="1535" WIDTH="56" HEIGHT="17" CONTENT="was" WC="1.00" CC="000"/>
						<SP ID="P160_SP00173" HPOS="495" VPOS="1561" WIDTH="14"/>
						<String ID="P160_ST00204" HPOS="509" VPOS="1530" WIDTH="29" HEIGHT="23" CONTENT="to" WC="1.00" CC="00"/>
						<SP ID="P160_SP00174" HPOS="538" VPOS="1561" WIDTH="15"/>
						<String ID="P160_ST00205" HPOS="553" VPOS="1527" WIDTH="35" HEIGHT="26" CONTENT="be" WC="1.00" CC="00"/>
						<SP ID="P160_SP00175" HPOS="588" VPOS="1561" WIDTH="14"/>
						<String ID="P160_ST00206" HPOS="602" VPOS="1528" WIDTH="134" HEIGHT="34" CONTENT="changed." WC="0.81" CC="00059000"/>
						<SP ID="P160_SP00176" HPOS="736" VPOS="1562" WIDTH="41"/>
						<String ID="P160_ST00207" HPOS="777" VPOS="1529" WIDTH="62" HEIGHT="27" CONTENT="The" WC="1.00" CC="000"/>
						<SP ID="P160_SP00177" HPOS="839" VPOS="1562" WIDTH="19"/>
						<String ID="P160_ST00208" HPOS="858" VPOS="1530" WIDTH="49" HEIGHT="26" CONTENT="old" WC="1.00" CC="000"/>
						<SP ID="P160_SP00178" HPOS="907" VPOS="1562" WIDTH="21"/>
						<String ID="P160_ST00209" HPOS="928" VPOS="1531" WIDTH="106" HEIGHT="25" CONTENT="officers" WC="0.93" CC="00000005"/>
					</TextLine>
					<TextLine ID="P160_TL00025" HPOS="102" VPOS="1573" WIDTH="932" HEIGHT="33">
						<String ID="P160_ST00210" HPOS="102" VPOS="1574" WIDTH="27" HEIGHT="26" CONTENT="in" WC="0.77" CC="40"/>
						<SP ID="P160_SP00179" HPOS="129" VPOS="1600" WIDTH="24"/>
						<String ID="P160_ST00211" HPOS="153" VPOS="1573" WIDTH="102" HEIGHT="33" CONTENT="charge" WC="0.84" CC="000090"/>
						<SP ID="P160_SP00180" HPOS="255" VPOS="1606" WIDTH="19"/>
						<String ID="P160_ST00212" HPOS="274" VPOS="1573" WIDTH="31" HEIGHT="27" CONTENT="of" WC="0.90" CC="01"/>
						<SP ID="P160_SP00181" HPOS="305" VPOS="1606" WIDTH="17"/>
						<String ID="P160_ST00213" HPOS="322" VPOS="1573" WIDTH="47" HEIGHT="27" CONTENT="the" WC="1.00" CC="000"/>
						<SP ID="P160_SP00182" HPOS="369" VPOS="1606" WIDTH="24"/>
						<String ID="P160_ST00214" HPOS="393" VPOS="1574" WIDTH="188" HEIGHT="32" CONTENT='"thannahs,"' WC="0.82" CC="20505000042"/>
						<SP ID="P160_SP00183" HPOS="581" VPOS="1606" WIDTH="24"/>
						<String ID="P160_ST00215" HPOS="605" VPOS="1575" WIDTH="206" HEIGHT="29" CONTENT="henceforward" WC="0.95" CC="002003000000"/>
						<SP ID="P160_SP00184" HPOS="811" VPOS="1606" WIDTH="24"/>
						<String ID="P160_ST00216" HPOS="835" VPOS="1582" WIDTH="30" HEIGHT="22" CONTENT="to" WC="1.00" CC="00"/>
						<SP ID="P160_SP00185" HPOS="865" VPOS="1606" WIDTH="22"/>
						<String ID="P160_ST00217" HPOS="887" VPOS="1578" WIDTH="35" HEIGHT="26" CONTENT="be" WC="1.00" CC="00"/>
						<SP ID="P160_SP00186" HPOS="922" VPOS="1606" WIDTH="22"/>
						<String ID="P160_ST00218" HPOS="944" VPOS="1578" WIDTH="90" HEIGHT="27" CONTENT="called" WC="0.95" CC="002000"/>
					</TextLine>
				</TextBlock>
			</PrintSpace>
		</Page>
	</Layout>
</alto>
