<?xml version="1.0" encoding="UTF-8"?>
<alto xmlns:xsi="http://www.w3.org/2001/XMLSchema-instance" xsi:noNamespaceSchemaLocation="http://www.bl.uk/schemas/alto/alto-1-4.xsd" xmlns:xlink="http://www.w3.org/1999/xlink">
	<Description>
		<MeasurementUnit>mm10</MeasurementUnit>
		<sourceImageInformation>
			<fileName>//head1/IN/2008-11/A0011351408.1/007359.jp2</fileName>
		</sourceImageInformation>
		<OCRProcessing ID="OCRPROCESSING_1">
			<preProcessingStep>
				<processingSoftware>
					<softwareCreator>CCS Content Conversion Specialists GmbH, Germany</softwareCreator>
					<softwareName>CCS docWORKS</softwareName>
					<softwareVersion>6.1-0.67</softwareVersion>
				</processingSoftware>
			</preProcessingStep>
			<ocrProcessingStep>
				<processingSoftware>
					<softwareCreator>ABBYY (BIT Software), Russia</softwareCreator>
					<softwareName>Finereader</softwareName>
				</processingSoftware>
			</ocrProcessingStep>
		</OCRProcessing>
	</Description>
	<Styles>
		<TextStyle ID="TXT_0" FONTSIZE="10" FONTFAMILY="Courier New"/>
		<TextStyle ID="TXT_1" FONTSIZE="11" FONTFAMILY="Courier New"/>
		<TextStyle ID="TXT_2" FONTSIZE="9" FONTFAMILY="Courier New"/>
		<ParagraphStyle ID="PAR_LEFT" ALIGN="Left"/>
		<ParagraphStyle ID="PAR_RIGHT" ALIGN="Right"/>
	</Styles>
	<Layout>
		<Page ID="P277" PHYSICAL_IMG_NR="277" HEIGHT="1706" WIDTH="1150" PRINTED_IMG_NR="269" POSITION="Right" ACCURACY="93.02">
			<TopMargin ID="P277_TM00001" HPOS="0" VPOS="0" WIDTH="1149" HEIGHT="156">
				<TextBlock ID="P277_TB00001" HPOS="180" VPOS="116" WIDTH="716" HEIGHT="40" STYLEREFS="TXT_0 PAR_LEFT">
					<TextLine ID="P277_TL00001" HPOS="181" VPOS="117" WIDTH="715" HEIGHT="39">
						<String ID="P277_ST00001" HPOS="181" VPOS="118" WIDTH="34" HEIGHT="28" CONTENT="A" WC="1.00" CC="0"/>
						<SP ID="P277_SP00001" HPOS="215" VPOS="146" WIDTH="26"/>
						<String ID="P277_ST00002" HPOS="241" VPOS="118" WIDTH="109" HEIGHT="38" CONTENT="Night" WC="0.87" CC="00006"/>
						<SP ID="P277_SP00002" HPOS="350" VPOS="156" WIDTH="21"/>
						<String ID="P277_ST00003" HPOS="371" VPOS="129" WIDTH="38" HEIGHT="18" CONTENT="ou" WC="0.41" CC="38"/>
						<SP ID="P277_SP00003" HPOS="409" VPOS="156" WIDTH="23"/>
						<String ID="P277_ST00004" HPOS="432" VPOS="118" WIDTH="50" HEIGHT="29" CONTENT="the" WC="0.74" CC="700"/>
						<SP ID="P277_SP00004" HPOS="482" VPOS="156" WIDTH="20"/>
						<String ID="P277_ST00005" HPOS="502" VPOS="118" WIDTH="86" HEIGHT="29" CONTENT="Back" WC="0.88" CC="0400"/>
						<SP ID="P277_SP00005" HPOS="588" VPOS="156" WIDTH="22"/>
						<String ID="P277_ST00006" HPOS="610" VPOS="118" WIDTH="42" HEIGHT="38" CONTENT="of" WC="1.00" CC="00"/>
						<SP ID="P277_SP00006" HPOS="652" VPOS="156" WIDTH="15"/>
						<String ID="P277_ST00007" HPOS="667" VPOS="129" WIDTH="41" HEIGHT="17" CONTENT="an" WC="0.73" CC="05"/>
						<SP ID="P277_SP00007" HPOS="708" VPOS="156" WIDTH="25"/>
						<String ID="P277_ST00008" HPOS="733" VPOS="117" WIDTH="163" HEIGHT="39" CONTENT="Elephant." WC="0.89" CC="000000450"/>
						<SP ID="P277_SP00008" HPOS="896" VPOS="156" WIDTH="0"/>
					</TextLine>
				</TextBlock>
				<TextBlock ID="P277_TB00002" HPOS="950" VPOS="118" WIDTH="59" HEIGHT="36" STYLEREFS="TXT_1 PAR_RIGHT">
					<TextLine ID="P277_TL00002" HPOS="950" VPOS="118" WIDTH="59" HEIGHT="36">
						<String ID="P277_ST00009" HPOS="950" VPOS="118" WIDTH="59" HEIGHT="36" CONTENT="269" WC="1.00" CC="000"/>
					</TextLine>
				</TextBlock>
			</TopMargin>
			<LeftMargin ID="P277_LM00001" HPOS="0" VPOS="156" WIDTH="66" HEIGHT="1450"/>
			<RightMargin ID="P277_RM00001" HPOS="1010" VPOS="156" WIDTH="139" HEIGHT="1450"/>
			<BottomMargin ID="P277_BM00001" HPOS="0" VPOS="1606" WIDTH="1149" HEIGHT="100"/>
			<PrintSpace ID="P277_PS00001" HPOS="66" VPOS="156" WIDTH="944" HEIGHT="1450">
				<TextBlock ID="P277_TB00003" HPOS="71" VPOS="200" WIDTH="939" HEIGHT="319" STYLEREFS="TXT_2 PAR_LEFT">
					<TextLine ID="P277_TL00003" HPOS="73" VPOS="201" WIDTH="937" HEIGHT="37">
						<String ID="P277_ST00010" HPOS="73" VPOS="201" WIDTH="103" HEIGHT="25" CONTENT="sudder" WC="1.00" CC="000000"/>
						<SP ID="P277_SP00009" HPOS="176" VPOS="226" WIDTH="20"/>
						<String ID="P277_ST00011" HPOS="196" VPOS="201" WIDTH="164" HEIGHT="33" CONTENT="distilleries," WC="0.89" CC="0000600007000"/>
						<SP ID="P277_SP00010" HPOS="360" VPOS="234" WIDTH="26"/>
						<String ID="P277_ST00012" HPOS="386" VPOS="212" WIDTH="35" HEIGHT="16" CONTENT="on" WC="1.00" CC="00"/>
						<SP ID="P277_SP00011" HPOS="421" VPOS="234" WIDTH="23"/>
						<String ID="P277_ST00013" HPOS="444" VPOS="204" WIDTH="91" HEIGHT="25" CONTENT="which" WC="0.88" CC="00203"/>
						<SP ID="P277_SP00012" HPOS="535" VPOS="234" WIDTH="23"/>
						<String ID="P277_ST00014" HPOS="558" VPOS="204" WIDTH="79" HEIGHT="34" CONTENT="point" WC="1.00" CC="00000"/>
						<SP ID="P277_SP00013" HPOS="637" VPOS="238" WIDTH="24"/>
						<String ID="P277_ST00015" HPOS="661" VPOS="204" WIDTH="35" HEIGHT="25" CONTENT="he" WC="1.00" CC="00"/>
						<SP ID="P277_SP00014" HPOS="696" VPOS="238" WIDTH="24"/>
						<String ID="P277_ST00016" HPOS="720" VPOS="204" WIDTH="77" HEIGHT="33" CONTENT="quite" WC="0.85" CC="00700"/>
						<SP ID="P277_SP00015" HPOS="797" VPOS="238" WIDTH="23"/>
						<String ID="P277_ST00017" HPOS="820" VPOS="204" WIDTH="101" HEIGHT="33" CONTENT="agreed" WC="1.00" CC="000000"/>
						<SP ID="P277_SP00016" HPOS="921" VPOS="238" WIDTH="24"/>
						<String ID="P277_ST00018" HPOS="945" VPOS="203" WIDTH="65" HEIGHT="25" CONTENT="with" WC="0.86" CC="0400"/>
					</TextLine>
					<TextLine ID="P277_TL00004" HPOS="73" VPOS="250" WIDTH="936" HEIGHT="34">
						<String ID="P277_ST00019" HPOS="73" VPOS="256" WIDTH="50" HEIGHT="23" CONTENT="me," WC="1.00" CC="000"/>
						<SP ID="P277_SP00017" HPOS="123" VPOS="279" WIDTH="16"/>
						<String ID="P277_ST00020" HPOS="139" VPOS="252" WIDTH="59" HEIGHT="28" CONTENT="etc.," WC="0.90" CC="20002"/>
						<SP ID="P277_SP00018" HPOS="198" VPOS="280" WIDTH="15"/>
						<String ID="P277_ST00021" HPOS="213" VPOS="252" WIDTH="51" HEIGHT="23" CONTENT="etc." WC="1.00" CC="0000"/>
						<SP ID="P277_SP00019" HPOS="264" VPOS="280" WIDTH="41"/>
						<String ID="P277_ST00022" HPOS="305" VPOS="250" WIDTH="51" HEIGHT="33" CONTENT="My" WC="0.51" CC="09"/>
						<SP ID="P277_SP00020" HPOS="356" VPOS="283" WIDTH="20"/>
						<String ID="P277_ST00023" HPOS="376" VPOS="251" WIDTH="169" HEIGHT="33" CONTENT="companion" WC="0.87" CC="000004600"/>
						<SP ID="P277_SP00021" HPOS="545" VPOS="284" WIDTH="23"/>
						<String ID="P277_ST00024" HPOS="568" VPOS="260" WIDTH="60" HEIGHT="17" CONTENT="was" WC="0.89" CC="030"/>
						<SP ID="P277_SP00022" HPOS="628" VPOS="284" WIDTH="20"/>
						<String ID="P277_ST00025" HPOS="648" VPOS="260" WIDTH="67" HEIGHT="24" CONTENT="very" WC="0.90" CC="0040"/>
						<SP ID="P277_SP00023" HPOS="715" VPOS="284" WIDTH="21"/>
						<String ID="P277_ST00026" HPOS="736" VPOS="251" WIDTH="163" HEIGHT="33" CONTENT="intelligent," WC="0.93" CC="021050000000"/>
						<SP ID="P277_SP00024" HPOS="899" VPOS="284" WIDTH="21"/>
						<String ID="P277_ST00027" HPOS="920" VPOS="251" WIDTH="55" HEIGHT="26" CONTENT="and" WC="1.00" CC="000"/>
						<SP ID="P277_SP00025" HPOS="975" VPOS="284" WIDTH="22"/>
						<String ID="P277_ST00028" HPOS="997" VPOS="250" WIDTH="12" HEIGHT="26" CONTENT="I" WC="0.78" CC="2"/>
					</TextLine>
					<TextLine ID="P277_TL00005" HPOS="71" VPOS="296" WIDTH="939" HEIGHT="36">
						<String ID="P277_ST00029" HPOS="71" VPOS="299" WIDTH="51" HEIGHT="30" CONTENT="got" WC="0.91" CC="002"/>
						<SP ID="P277_SP00026" HPOS="122" VPOS="329" WIDTH="26"/>
						<String ID="P277_ST00030" HPOS="148" VPOS="304" WIDTH="17" HEIGHT="17" CONTENT="a" WC="1.00" CC="0"/>
						<SP ID="P277_SP00027" HPOS="165" VPOS="329" WIDTH="25"/>
						<String ID="P277_ST00031" HPOS="190" VPOS="296" WIDTH="75" HEIGHT="33" CONTENT="good" WC="1.00" CC="0000"/>
						<SP ID="P277_SP00028" HPOS="265" VPOS="329" WIDTH="24"/>
						<String ID="P277_ST00032" HPOS="289" VPOS="296" WIDTH="64" HEIGHT="26" CONTENT="deal" WC="1.00" CC="0000"/>
						<SP ID="P277_SP00029" HPOS="353" VPOS="329" WIDTH="27"/>
						<String ID="P277_ST00033" HPOS="380" VPOS="297" WIDTH="31" HEIGHT="25" CONTENT="of" WC="1.00" CC="00"/>
						<SP ID="P277_SP00030" HPOS="411" VPOS="329" WIDTH="23"/>
						<String ID="P277_ST00034" HPOS="434" VPOS="298" WIDTH="181" HEIGHT="25" CONTENT="information" WC="0.85" CC="70000000305"/>
						<SP ID="P277_SP00031" HPOS="615" VPOS="329" WIDTH="25"/>
						<String ID="P277_ST00035" HPOS="640" VPOS="298" WIDTH="70" HEIGHT="24" CONTENT="from" WC="0.95" CC="1000"/>
						<SP ID="P277_SP00032" HPOS="710" VPOS="329" WIDTH="25"/>
						<String ID="P277_ST00036" HPOS="735" VPOS="298" WIDTH="64" HEIGHT="26" CONTENT="him." WC="0.77" CC="3500"/>
						<SP ID="P277_SP00033" HPOS="799" VPOS="329" WIDTH="40"/>
						<String ID="P277_ST00037" HPOS="839" VPOS="298" WIDTH="41" HEIGHT="25" CONTENT="At" WC="1.00" CC="00"/>
						<SP ID="P277_SP00034" HPOS="880" VPOS="329" WIDTH="27"/>
						<String ID="P277_ST00038" HPOS="907" VPOS="298" WIDTH="103" HEIGHT="34" CONTENT="length," WC="0.80" CC="0070050"/>
					</TextLine>
					<TextLine ID="P277_TL00006" HPOS="73" VPOS="343" WIDTH="936" HEIGHT="35">
						<String ID="P277_ST00039" HPOS="73" VPOS="343" WIDTH="85" HEIGHT="25" CONTENT="about" WC="1.00" CC="00000"/>
						<SP ID="P277_SP00035" HPOS="158" VPOS="368" WIDTH="16"/>
						<String ID="P277_ST00040" HPOS="174" VPOS="348" WIDTH="12" HEIGHT="27" CONTENT="5" WC="1.00" CC="0"/>
						<SP ID="P277_SP00036" HPOS="186" VPOS="375" WIDTH="17"/>
						<String ID="P277_ST00041" HPOS="203" VPOS="352" WIDTH="69" HEIGHT="22" CONTENT="a.m.," WC="0.98" CC="00000"/>
						<SP ID="P277_SP00037" HPOS="272" VPOS="375" WIDTH="15"/>
						<String ID="P277_ST00042" HPOS="287" VPOS="352" WIDTH="41" HEIGHT="17" CONTENT="we" WC="1.00" CC="00"/>
						<SP ID="P277_SP00038" HPOS="328" VPOS="375" WIDTH="21"/>
						<String ID="P277_ST00043" HPOS="349" VPOS="353" WIDTH="56" HEIGHT="17" CONTENT="saw" WC="1.00" CC="000"/>
						<SP ID="P277_SP00039" HPOS="405" VPOS="375" WIDTH="14"/>
						<String ID="P277_ST00044" HPOS="419" VPOS="344" WIDTH="48" HEIGHT="26" CONTENT="the" WC="0.84" CC="040"/>
						<SP ID="P277_SP00040" HPOS="467" VPOS="375" WIDTH="20"/>
						<String ID="P277_ST00045" HPOS="487" VPOS="344" WIDTH="85" HEIGHT="27" CONTENT="white" WC="0.93" CC="01100"/>
						<SP ID="P277_SP00041" HPOS="572" VPOS="375" WIDTH="21"/>
						<String ID="P277_ST00046" HPOS="593" VPOS="349" WIDTH="75" HEIGHT="21" CONTENT="tents" WC="0.89" CC="00500"/>
						<SP ID="P277_SP00042" HPOS="668" VPOS="375" WIDTH="20"/>
						<String ID="P277_ST00047" HPOS="688" VPOS="344" WIDTH="31" HEIGHT="26" CONTENT="of" WC="1.00" CC="00"/>
						<SP ID="P277_SP00043" HPOS="719" VPOS="375" WIDTH="18"/>
						<String ID="P277_ST00048" HPOS="737" VPOS="344" WIDTH="49" HEIGHT="27" CONTENT="the" WC="1.00" CC="000"/>
						<SP ID="P277_SP00044" HPOS="786" VPOS="375" WIDTH="18"/>
						<String ID="P277_ST00049" HPOS="804" VPOS="350" WIDTH="205" HEIGHT="28" CONTENT="encampment," WC="0.80" CC="01009050400"/>
					</TextLine>
					<TextLine ID="P277_TL00007" HPOS="71" VPOS="390" WIDTH="939" HEIGHT="33">
						<String ID="P277_ST00050" HPOS="71" VPOS="399" WIDTH="36" HEIGHT="17" CONTENT="on" WC="1.00" CC="00"/>
						<SP ID="P277_SP00045" HPOS="107" VPOS="416" WIDTH="22"/>
						<String ID="P277_ST00051" HPOS="129" VPOS="390" WIDTH="46" HEIGHT="26" CONTENT="the" WC="0.82" CC="500"/>
						<SP ID="P277_SP00046" HPOS="175" VPOS="416" WIDTH="21"/>
						<String ID="P277_ST00052" HPOS="196" VPOS="390" WIDTH="115" HEIGHT="26" CONTENT="borders" WC="0.90" CC="0006000"/>
						<SP ID="P277_SP00047" HPOS="311" VPOS="416" WIDTH="15"/>
						<String ID="P277_ST00053" HPOS="326" VPOS="391" WIDTH="32" HEIGHT="25" CONTENT="of" WC="1.00" CC="00"/>
						<SP ID="P277_SP00048" HPOS="358" VPOS="416" WIDTH="19"/>
						<String ID="P277_ST00054" HPOS="377" VPOS="391" WIDTH="47" HEIGHT="26" CONTENT="the" WC="1.00" CC="000"/>
						<SP ID="P277_SP00049" HPOS="424" VPOS="417" WIDTH="22"/>
						<String ID="P277_ST00055" HPOS="446" VPOS="392" WIDTH="88" HEIGHT="25" CONTENT="broad" WC="0.99" CC="00000"/>
						<SP ID="P277_SP00050" HPOS="534" VPOS="417" WIDTH="22"/>
						<String ID="P277_ST00056" HPOS="556" VPOS="396" WIDTH="103" HEIGHT="21" CONTENT="stream" WC="0.96" CC="002000"/>
						<SP ID="P277_SP00051" HPOS="659" VPOS="417" WIDTH="25"/>
						<String ID="P277_ST00057" HPOS="684" VPOS="392" WIDTH="31" HEIGHT="25" CONTENT="of" WC="0.85" CC="02"/>
						<SP ID="P277_SP00052" HPOS="715" VPOS="417" WIDTH="20"/>
						<String ID="P277_ST00058" HPOS="735" VPOS="392" WIDTH="49" HEIGHT="25" CONTENT="the" WC="1.00" CC="000"/>
						<SP ID="P277_SP00053" HPOS="784" VPOS="417" WIDTH="19"/>
						<String ID="P277_ST00059" HPOS="803" VPOS="391" WIDTH="107" HEIGHT="26" CONTENT="Coosee" WC="1.00" CC="000000"/>
						<SP ID="P277_SP00054" HPOS="910" VPOS="417" WIDTH="22"/>
						<String ID="P277_ST00060" HPOS="932" VPOS="393" WIDTH="78" HEIGHT="30" CONTENT="river," WC="0.85" CC="050003"/>
					</TextLine>
					<TextLine ID="P277_TL00008" HPOS="72" VPOS="438" WIDTH="938" HEIGHT="34">
						<String ID="P277_ST00061" HPOS="72" VPOS="438" WIDTH="55" HEIGHT="25" CONTENT="and" WC="0.77" CC="060"/>
						<SP ID="P277_SP00055" HPOS="127" VPOS="463" WIDTH="21"/>
						<String ID="P277_ST00062" HPOS="148" VPOS="438" WIDTH="27" HEIGHT="25" CONTENT="in" WC="0.82" CC="30"/>
						<SP ID="P277_SP00056" HPOS="175" VPOS="463" WIDTH="14"/>
						<String ID="P277_ST00063" HPOS="189" VPOS="447" WIDTH="35" HEIGHT="16" CONTENT="an" WC="1.00" CC="00"/>
						<SP ID="P277_SP00057" HPOS="224" VPOS="463" WIDTH="15"/>
						<String ID="P277_ST00064" HPOS="239" VPOS="438" WIDTH="71" HEIGHT="26" CONTENT="hour" WC="0.90" CC="0040"/>
						<SP ID="P277_SP00058" HPOS="310" VPOS="464" WIDTH="13"/>
						<String ID="P277_ST00065" HPOS="323" VPOS="438" WIDTH="55" HEIGHT="26" CONTENT="and" WC="1.00" CC="000"/>
						<SP ID="P277_SP00059" HPOS="378" VPOS="464" WIDTH="16"/>
						<String ID="P277_ST00066" HPOS="394" VPOS="448" WIDTH="16" HEIGHT="16" CONTENT="a" WC="1.00" CC="0"/>
						<SP ID="P277_SP00060" HPOS="410" VPOS="464" WIDTH="17"/>
						<String ID="P277_ST00067" HPOS="427" VPOS="438" WIDTH="65" HEIGHT="32" CONTENT="half," WC="0.91" CC="10200"/>
						<SP ID="P277_SP00061" HPOS="492" VPOS="470" WIDTH="15"/>
						<String ID="P277_ST00068" HPOS="507" VPOS="439" WIDTH="139" HEIGHT="26" CONTENT="refreshed" WC="1.00" CC="000000000"/>
						<SP ID="P277_SP00062" HPOS="646" VPOS="470" WIDTH="22"/>
						<String ID="P277_ST00069" HPOS="668" VPOS="439" WIDTH="38" HEIGHT="33" CONTENT="by" WC="1.00" CC="00"/>
						<SP ID="P277_SP00063" HPOS="706" VPOS="472" WIDTH="20"/>
						<String ID="P277_ST00070" HPOS="726" VPOS="448" WIDTH="16" HEIGHT="16" CONTENT="a" WC="0.95" CC="0"/>
						<SP ID="P277_SP00064" HPOS="742" VPOS="472" WIDTH="21"/>
						<String ID="P277_ST00071" HPOS="763" VPOS="438" WIDTH="101" HEIGHT="33" CONTENT="cheery" WC="0.94" CC="030000"/>
						<SP ID="P277_SP00065" HPOS="864" VPOS="472" WIDTH="14"/>
						<String ID="P277_ST00072" HPOS="878" VPOS="438" WIDTH="132" HEIGHT="27" CONTENT="welcome" WC="1.00" CC="0000000"/>
					</TextLine>
					<TextLine ID="P277_TL00009" HPOS="72" VPOS="485" WIDTH="786" HEIGHT="34">
						<String ID="P277_ST00073" HPOS="72" VPOS="486" WIDTH="54" HEIGHT="24" CONTENT="and" WC="0.98" CC="000"/>
						<SP ID="P277_SP00066" HPOS="126" VPOS="510" WIDTH="15"/>
						<String ID="P277_ST00074" HPOS="141" VPOS="494" WIDTH="16" HEIGHT="17" CONTENT="a" WC="1.00" CC="0"/>
						<SP ID="P277_SP00067" HPOS="157" VPOS="511" WIDTH="14"/>
						<String ID="P277_ST00075" HPOS="171" VPOS="494" WIDTH="54" HEIGHT="25" CONTENT="cup" WC="1.00" CC="000"/>
						<SP ID="P277_SP00068" HPOS="225" VPOS="519" WIDTH="15"/>
						<String ID="P277_ST00076" HPOS="240" VPOS="486" WIDTH="32" HEIGHT="25" CONTENT="of" WC="0.92" CC="01"/>
						<SP ID="P277_SP00069" HPOS="272" VPOS="519" WIDTH="12"/>
						<String ID="P277_ST00077" HPOS="284" VPOS="486" WIDTH="98" HEIGHT="31" CONTENT="coffee," WC="0.96" CC="0000002"/>
						<SP ID="P277_SP00070" HPOS="382" VPOS="519" WIDTH="14"/>
						<String ID="P277_ST00078" HPOS="396" VPOS="495" WIDTH="42" HEIGHT="17" CONTENT="we" WC="1.00" CC="00"/>
						<SP ID="P277_SP00071" HPOS="438" VPOS="519" WIDTH="13"/>
						<String ID="P277_ST00079" HPOS="451" VPOS="495" WIDTH="72" HEIGHT="17" CONTENT="were" WC="1.00" CC="0000"/>
						<SP ID="P277_SP00072" HPOS="523" VPOS="519" WIDTH="14"/>
						<String ID="P277_ST00080" HPOS="537" VPOS="495" WIDTH="36" HEIGHT="16" CONTENT="on" WC="0.96" CC="00"/>
						<SP ID="P277_SP00073" HPOS="573" VPOS="519" WIDTH="14"/>
						<String ID="P277_ST00081" HPOS="587" VPOS="495" WIDTH="51" HEIGHT="17" CONTENT="our" WC="1.00" CC="000"/>
						<SP ID="P277_SP00074" HPOS="638" VPOS="519" WIDTH="13"/>
						<String ID="P277_ST00082" HPOS="651" VPOS="494" WIDTH="63" HEIGHT="25" CONTENT="way" WC="1.00" CC="000"/>
						<SP ID="P277_SP00075" HPOS="714" VPOS="519" WIDTH="13"/>
						<String ID="P277_ST00083" HPOS="727" VPOS="489" WIDTH="29" HEIGHT="22" CONTENT="to" WC="1.00" CC="00"/>
						<SP ID="P277_SP00076" HPOS="756" VPOS="519" WIDTH="14"/>
						<String ID="P277_ST00084" HPOS="770" VPOS="485" WIDTH="88" HEIGHT="25" CONTENT="shoot." WC="0.94" CC="030000"/>
					</TextLine>
				</TextBlock>
				<TextBlock ID="P277_TB00004" HPOS="68" VPOS="532" WIDTH="940" HEIGHT="601" STYLEREFS="TXT_2 PAR_LEFT">
					<TextLine ID="P277_TL00010" HPOS="108" VPOS="532" WIDTH="900" HEIGHT="36">
						<String ID="P277_ST00085" HPOS="108" VPOS="532" WIDTH="61" HEIGHT="26" CONTENT="The" WC="1.00" CC="000"/>
						<SP ID="P277_SP00077" HPOS="169" VPOS="558" WIDTH="21"/>
						<String ID="P277_ST00086" HPOS="190" VPOS="532" WIDTH="109" HEIGHT="27" CONTENT="Coosee" WC="1.00" CC="000000"/>
						<SP ID="P277_SP00078" HPOS="299" VPOS="559" WIDTH="22"/>
						<String ID="P277_ST00087" HPOS="321" VPOS="542" WIDTH="67" HEIGHT="18" CONTENT="runs" WC="0.89" CC="0400"/>
						<SP ID="P277_SP00079" HPOS="388" VPOS="560" WIDTH="18"/>
						<String ID="P277_ST00088" HPOS="406" VPOS="534" WIDTH="83" HEIGHT="26" CONTENT="down" WC="1.00" CC="0000"/>
						<SP ID="P277_SP00080" HPOS="489" VPOS="560" WIDTH="21"/>
						<String ID="P277_ST00089" HPOS="510" VPOS="534" WIDTH="71" HEIGHT="26" CONTENT="from" WC="0.92" CC="0300"/>
						<SP ID="P277_SP00081" HPOS="581" VPOS="560" WIDTH="22"/>
						<String ID="P277_ST00090" HPOS="603" VPOS="533" WIDTH="119" HEIGHT="35" CONTENT="Nepaul," WC="0.82" CC="0070400"/>
						<SP ID="P277_SP00082" HPOS="722" VPOS="568" WIDTH="21"/>
						<String ID="P277_ST00091" HPOS="743" VPOS="532" WIDTH="55" HEIGHT="27" CONTENT="and" WC="0.87" CC="300"/>
						<SP ID="P277_SP00083" HPOS="798" VPOS="568" WIDTH="25"/>
						<String ID="P277_ST00092" HPOS="823" VPOS="533" WIDTH="22" HEIGHT="26" CONTENT="is" WC="0.78" CC="40"/>
						<SP ID="P277_SP00084" HPOS="845" VPOS="568" WIDTH="27"/>
						<String ID="P277_ST00093" HPOS="872" VPOS="532" WIDTH="136" HEIGHT="27" CONTENT="bordered" WC="0.94" CC="00400000"/>
					</TextLine>
					<TextLine ID="P277_TL00011" HPOS="73" VPOS="580" WIDTH="935" HEIGHT="35">
						<String ID="P277_ST00094" HPOS="73" VPOS="588" WIDTH="36" HEIGHT="17" CONTENT="on" WC="0.81" CC="03"/>
						<SP ID="P277_SP00085" HPOS="109" VPOS="605" WIDTH="26"/>
						<String ID="P277_ST00095" HPOS="135" VPOS="581" WIDTH="36" HEIGHT="24" CONTENT="its" WC="1.00" CC="000"/>
						<SP ID="P277_SP00086" HPOS="171" VPOS="605" WIDTH="27"/>
						<String ID="P277_ST00096" HPOS="198" VPOS="580" WIDTH="134" HEIGHT="26" CONTENT="northern" WC="0.85" CC="00004006"/>
						<SP ID="P277_SP00087" HPOS="332" VPOS="606" WIDTH="27"/>
						<String ID="P277_ST00097" HPOS="359" VPOS="581" WIDTH="76" HEIGHT="25" CONTENT="bank" WC="1.00" CC="0000"/>
						<SP ID="P277_SP00088" HPOS="435" VPOS="606" WIDTH="33"/>
						<String ID="P277_ST00098" HPOS="468" VPOS="581" WIDTH="39" HEIGHT="34" CONTENT="by" WC="1.00" CC="00"/>
						<SP ID="P277_SP00089" HPOS="507" VPOS="615" WIDTH="26"/>
						<String ID="P277_ST00099" HPOS="533" VPOS="581" WIDTH="49" HEIGHT="26" CONTENT="the" WC="0.85" CC="040"/>
						<SP ID="P277_SP00090" HPOS="582" VPOS="615" WIDTH="33"/>
						<String ID="P277_ST00100" HPOS="615" VPOS="580" WIDTH="136" HEIGHT="35" CONTENT="primeval" WC="0.81" CC="00550003"/>
						<SP ID="P277_SP00091" HPOS="751" VPOS="615" WIDTH="34"/>
						<String ID="P277_ST00101" HPOS="785" VPOS="580" WIDTH="84" HEIGHT="26" CONTENT="forest" WC="0.91" CC="103000"/>
						<SP ID="P277_SP00092" HPOS="869" VPOS="615" WIDTH="33"/>
						<String ID="P277_ST00102" HPOS="902" VPOS="580" WIDTH="32" HEIGHT="25" CONTENT="of" WC="1.00" CC="00"/>
						<SP ID="P277_SP00093" HPOS="934" VPOS="615" WIDTH="27"/>
						<String ID="P277_ST00103" HPOS="961" VPOS="580" WIDTH="47" HEIGHT="25" CONTENT="the" WC="0.73" CC="700"/>
					</TextLine>
					<TextLine ID="P277_TL00012" HPOS="72" VPOS="627" WIDTH="936" HEIGHT="32">
						<String ID="P277_ST00104" HPOS="72" VPOS="627" WIDTH="81" HEIGHT="26" CONTENT="Terai" WC="0.89" CC="00005"/>
						<String ID="P277_ST00105" HPOS="165" VPOS="637" WIDTH="6" HEIGHT="22" CONTENT=";" WC="1.00" CC="0"/>
						<SP ID="P277_SP00094" HPOS="171" VPOS="659" WIDTH="21"/>
						<String ID="P277_ST00106" HPOS="192" VPOS="637" WIDTH="36" HEIGHT="16" CONTENT="on" WC="1.00" CC="00"/>
						<SP ID="P277_SP00095" HPOS="228" VPOS="659" WIDTH="21"/>
						<String ID="P277_ST00107" HPOS="249" VPOS="627" WIDTH="48" HEIGHT="26" CONTENT="the" WC="0.77" CC="060"/>
						<SP ID="P277_SP00096" HPOS="297" VPOS="659" WIDTH="21"/>
						<String ID="P277_ST00108" HPOS="318" VPOS="627" WIDTH="81" HEIGHT="26" CONTENT="other" WC="0.98" CC="00000"/>
						<SP ID="P277_SP00097" HPOS="399" VPOS="659" WIDTH="20"/>
						<String ID="P277_ST00109" HPOS="419" VPOS="628" WIDTH="84" HEIGHT="31" CONTENT="bank," WC="0.86" CC="00420"/>
						<SP ID="P277_SP00098" HPOS="503" VPOS="659" WIDTH="15"/>
						<String ID="P277_ST00110" HPOS="518" VPOS="627" WIDTH="47" HEIGHT="26" CONTENT="the" WC="0.78" CC="060"/>
						<SP ID="P277_SP00099" HPOS="565" VPOS="659" WIDTH="24"/>
						<String ID="P277_ST00111" HPOS="589" VPOS="628" WIDTH="66" HEIGHT="25" CONTENT="land" WC="1.00" CC="0000"/>
						<SP ID="P277_SP00100" HPOS="655" VPOS="659" WIDTH="19"/>
						<String ID="P277_ST00112" HPOS="674" VPOS="628" WIDTH="22" HEIGHT="25" CONTENT="is" WC="0.78" CC="40"/>
						<SP ID="P277_SP00101" HPOS="696" VPOS="659" WIDTH="23"/>
						<String ID="P277_ST00113" HPOS="719" VPOS="627" WIDTH="109" HEIGHT="26" CONTENT="cleared" WC="1.00" CC="0000000"/>
						<SP ID="P277_SP00102" HPOS="828" VPOS="659" WIDTH="24"/>
						<String ID="P277_ST00114" HPOS="852" VPOS="627" WIDTH="55" HEIGHT="26" CONTENT="and" WC="1.00" CC="000"/>
						<SP ID="P277_SP00103" HPOS="907" VPOS="659" WIDTH="22"/>
						<String ID="P277_ST00115" HPOS="929" VPOS="627" WIDTH="79" HEIGHT="26" CONTENT="culti" SUBS_TYPE="HypPart1" SUBS_CONTENT="cultivated," WC="0.87" CC="005200"/>
						<HYP CONTENT="-"/>
					</TextLine>
					<TextLine ID="P277_TL00013" HPOS="71" VPOS="675" WIDTH="936" HEIGHT="31">
						<String ID="P277_ST00116" HPOS="71" VPOS="675" WIDTH="91" HEIGHT="31" CONTENT="vated," SUBS_TYPE="HypPart2" SUBS_CONTENT="cultivated," WC="1.00" CC="000000"/>
						<SP ID="P277_SP00104" HPOS="162" VPOS="706" WIDTH="24"/>
						<String ID="P277_ST00117" HPOS="186" VPOS="675" WIDTH="81" HEIGHT="25" CONTENT="while" WC="0.69" CC="06530"/>
						<SP ID="P277_SP00105" HPOS="267" VPOS="706" WIDTH="27"/>
						<String ID="P277_ST00118" HPOS="294" VPOS="676" WIDTH="28" HEIGHT="24" CONTENT="in" WC="0.45" CC="64"/>
						<SP ID="P277_SP00106" HPOS="322" VPOS="706" WIDTH="27"/>
						<String ID="P277_ST00119" HPOS="349" VPOS="675" WIDTH="47" HEIGHT="26" CONTENT="the" WC="0.84" CC="040"/>
						<SP ID="P277_SP00107" HPOS="396" VPOS="706" WIDTH="22"/>
						<String ID="P277_ST00120" HPOS="418" VPOS="679" WIDTH="103" HEIGHT="22" CONTENT="stream" WC="0.97" CC="000001"/>
						<SP ID="P277_SP00108" HPOS="521" VPOS="706" WIDTH="27"/>
						<String ID="P277_ST00121" HPOS="548" VPOS="676" WIDTH="78" HEIGHT="25" CONTENT="itself" WC="0.92" CC="400000"/>
						<SP ID="P277_SP00109" HPOS="626" VPOS="706" WIDTH="23"/>
						<String ID="P277_ST00122" HPOS="649" VPOS="684" WIDTH="48" HEIGHT="17" CONTENT="are" WC="0.94" CC="010"/>
						<SP ID="P277_SP00110" HPOS="697" VPOS="706" WIDTH="22"/>
						<String ID="P277_ST00123" HPOS="719" VPOS="684" WIDTH="150" HEIGHT="16" CONTENT="numerous" WC="0.99" CC="00000000"/>
						<SP ID="P277_SP00111" HPOS="869" VPOS="706" WIDTH="27"/>
						<String ID="P277_ST00124" HPOS="896" VPOS="675" WIDTH="111" HEIGHT="31" CONTENT="islands," WC="0.91" CC="50000000"/>
					</TextLine>
					<TextLine ID="P277_TL00014" HPOS="70" VPOS="722" WIDTH="938" HEIGHT="35">
						<String ID="P277_ST00125" HPOS="70" VPOS="723" WIDTH="117" HEIGHT="24" CONTENT="covered" WC="1.00" CC="0000000"/>
						<SP ID="P277_SP00112" HPOS="187" VPOS="747" WIDTH="16"/>
						<String ID="P277_ST00126" HPOS="203" VPOS="722" WIDTH="65" HEIGHT="25" CONTENT="with" WC="0.86" CC="0005"/>
						<SP ID="P277_SP00113" HPOS="268" VPOS="747" WIDTH="15"/>
						<String ID="P277_ST00127" HPOS="283" VPOS="722" WIDTH="67" HEIGHT="35" CONTENT="long" WC="0.87" CC="2030"/>
						<SP ID="P277_SP00114" HPOS="350" VPOS="757" WIDTH="15"/>
						<String ID="P277_ST00128" HPOS="365" VPOS="731" WIDTH="84" HEIGHT="25" CONTENT="grass," WC="1.00" CC="000000"/>
						<SP ID="P277_SP00115" HPOS="449" VPOS="757" WIDTH="19"/>
						<String ID="P277_ST00129" HPOS="468" VPOS="726" WIDTH="31" HEIGHT="22" CONTENT="to" WC="1.00" CC="00"/>
						<SP ID="P277_SP00116" HPOS="499" VPOS="757" WIDTH="18"/>
						<String ID="P277_ST00130" HPOS="517" VPOS="722" WIDTH="92" HEIGHT="26" CONTENT="which" WC="0.77" CC="06400"/>
						<SP ID="P277_SP00117" HPOS="609" VPOS="757" WIDTH="20"/>
						<String ID="P277_ST00131" HPOS="629" VPOS="723" WIDTH="156" HEIGHT="25" CONTENT="thousands" WC="0.96" CC="030000000"/>
						<SP ID="P277_SP00118" HPOS="785" VPOS="757" WIDTH="21"/>
						<String ID="P277_ST00132" HPOS="806" VPOS="722" WIDTH="31" HEIGHT="25" CONTENT="of" WC="1.00" CC="00"/>
						<SP ID="P277_SP00119" HPOS="837" VPOS="757" WIDTH="20"/>
						<String ID="P277_ST00133" HPOS="857" VPOS="723" WIDTH="86" HEIGHT="25" CONTENT="cattle" WC="1.00" CC="000000"/>
						<SP ID="P277_SP00120" HPOS="943" VPOS="757" WIDTH="19"/>
						<String ID="P277_ST00134" HPOS="962" VPOS="731" WIDTH="46" HEIGHT="18" CONTENT="are" WC="1.00" CC="000"/>
					</TextLine>
					<TextLine ID="P277_TL00015" HPOS="72" VPOS="769" WIDTH="936" HEIGHT="34">
						<String ID="P277_ST00135" HPOS="72" VPOS="778" WIDTH="87" HEIGHT="17" CONTENT="swum" WC="0.98" CC="0000"/>
						<SP ID="P277_SP00121" HPOS="159" VPOS="795" WIDTH="15"/>
						<String ID="P277_ST00136" HPOS="174" VPOS="779" WIDTH="92" HEIGHT="17" CONTENT="across" WC="1.00" CC="000000"/>
						<SP ID="P277_SP00122" HPOS="266" VPOS="796" WIDTH="15"/>
						<String ID="P277_ST00137" HPOS="281" VPOS="770" WIDTH="41" HEIGHT="25" CONTENT="for" WC="1.00" CC="000"/>
						<SP ID="P277_SP00123" HPOS="322" VPOS="796" WIDTH="15"/>
						<String ID="P277_ST00138" HPOS="337" VPOS="774" WIDTH="117" HEIGHT="29" CONTENT="pasture." WC="1.00" CC="00000000"/>
						<SP ID="P277_SP00124" HPOS="454" VPOS="803" WIDTH="42"/>
						<String ID="P277_ST00139" HPOS="496" VPOS="769" WIDTH="61" HEIGHT="27" CONTENT="The" WC="0.97" CC="000"/>
						<SP ID="P277_SP00125" HPOS="557" VPOS="803" WIDTH="14"/>
						<String ID="P277_ST00140" HPOS="571" VPOS="770" WIDTH="86" HEIGHT="33" CONTENT="tigers" WC="0.81" CC="060040"/>
						<SP ID="P277_SP00126" HPOS="657" VPOS="803" WIDTH="13"/>
						<String ID="P277_ST00141" HPOS="670" VPOS="770" WIDTH="78" HEIGHT="25" CONTENT="swim" WC="0.92" CC="0030"/>
						<SP ID="P277_SP00127" HPOS="748" VPOS="803" WIDTH="16"/>
						<String ID="P277_ST00142" HPOS="764" VPOS="778" WIDTH="91" HEIGHT="18" CONTENT="across" WC="0.92" CC="004000"/>
						<SP ID="P277_SP00128" HPOS="855" VPOS="803" WIDTH="14"/>
						<String ID="P277_ST00143" HPOS="869" VPOS="769" WIDTH="71" HEIGHT="26" CONTENT="from" WC="1.00" CC="0000"/>
						<SP ID="P277_SP00129" HPOS="940" VPOS="803" WIDTH="21"/>
						<String ID="P277_ST00144" HPOS="961" VPOS="769" WIDTH="47" HEIGHT="27" CONTENT="the" WC="0.77" CC="060"/>
					</TextLine>
					<TextLine ID="P277_TL00016" HPOS="71" VPOS="817" WIDTH="937" HEIGHT="34">
						<String ID="P277_ST00145" HPOS="71" VPOS="817" WIDTH="80" HEIGHT="25" CONTENT="other" WC="1.00" CC="00000"/>
						<SP ID="P277_SP00130" HPOS="151" VPOS="842" WIDTH="15"/>
						<String ID="P277_ST00146" HPOS="166" VPOS="818" WIDTH="60" HEIGHT="24" CONTENT="side" WC="1.00" CC="0000"/>
						<SP ID="P277_SP00131" HPOS="226" VPOS="842" WIDTH="14"/>
						<String ID="P277_ST00147" HPOS="240" VPOS="821" WIDTH="30" HEIGHT="22" CONTENT="to" WC="1.00" CC="00"/>
						<SP ID="P277_SP00132" HPOS="270" VPOS="843" WIDTH="14"/>
						<String ID="P277_ST00148" HPOS="284" VPOS="817" WIDTH="64" HEIGHT="26" CONTENT="feed" WC="1.00" CC="0000"/>
						<SP ID="P277_SP00133" HPOS="348" VPOS="843" WIDTH="15"/>
						<String ID="P277_ST00149" HPOS="363" VPOS="826" WIDTH="75" HEIGHT="25" CONTENT="upon" WC="1.00" CC="0000"/>
						<SP ID="P277_SP00134" HPOS="438" VPOS="851" WIDTH="21"/>
						<String ID="P277_ST00150" HPOS="459" VPOS="817" WIDTH="48" HEIGHT="26" CONTENT="the" WC="0.83" CC="050"/>
						<SP ID="P277_SP00135" HPOS="507" VPOS="851" WIDTH="20"/>
						<String ID="P277_ST00151" HPOS="527" VPOS="818" WIDTH="93" HEIGHT="30" CONTENT="cattle," WC="1.00" CC="0000000"/>
						<SP ID="P277_SP00136" HPOS="620" VPOS="851" WIDTH="16"/>
						<String ID="P277_ST00152" HPOS="636" VPOS="818" WIDTH="56" HEIGHT="25" CONTENT="and" WC="1.00" CC="000"/>
						<SP ID="P277_SP00137" HPOS="692" VPOS="851" WIDTH="20"/>
						<String ID="P277_ST00153" HPOS="712" VPOS="817" WIDTH="48" HEIGHT="26" CONTENT="the" WC="0.79" CC="060"/>
						<SP ID="P277_SP00138" HPOS="760" VPOS="851" WIDTH="22"/>
						<String ID="P277_ST00154" HPOS="782" VPOS="817" WIDTH="103" HEIGHT="25" CONTENT="annual" WC="0.91" CC="050000"/>
						<SP ID="P277_SP00139" HPOS="885" VPOS="851" WIDTH="22"/>
						<String ID="P277_ST00155" HPOS="907" VPOS="817" WIDTH="54" HEIGHT="25" CONTENT="loss" WC="1.00" CC="0000"/>
						<SP ID="P277_SP00140" HPOS="961" VPOS="851" WIDTH="18"/>
						<String ID="P277_ST00156" HPOS="979" VPOS="821" WIDTH="29" HEIGHT="22" CONTENT="to" WC="1.00" CC="00"/>
					</TextLine>
					<TextLine ID="P277_TL00017" HPOS="71" VPOS="863" WIDTH="936" HEIGHT="36">
						<String ID="P277_ST00157" HPOS="71" VPOS="863" WIDTH="47" HEIGHT="27" CONTENT="the" WC="1.00" CC="000"/>
						<SP ID="P277_SP00141" HPOS="118" VPOS="890" WIDTH="21"/>
						<String ID="P277_ST00158" HPOS="139" VPOS="864" WIDTH="149" HEIGHT="27" CONTENT="herdsmen" WC="0.93" CC="40000100"/>
						<SP ID="P277_SP00142" HPOS="288" VPOS="891" WIDTH="21"/>
						<String ID="P277_ST00159" HPOS="309" VPOS="864" WIDTH="23" HEIGHT="26" CONTENT="is" WC="0.66" CC="60"/>
						<SP ID="P277_SP00143" HPOS="332" VPOS="891" WIDTH="20"/>
						<String ID="P277_ST00160" HPOS="352" VPOS="873" WIDTH="69" HEIGHT="25" CONTENT="very" WC="1.00" CC="0000"/>
						<SP ID="P277_SP00144" HPOS="421" VPOS="898" WIDTH="13"/>
						<String ID="P277_ST00161" HPOS="434" VPOS="868" WIDTH="87" HEIGHT="31" CONTENT="great." WC="0.93" CC="020002"/>
						<SP ID="P277_SP00145" HPOS="521" VPOS="899" WIDTH="39"/>
						<String ID="P277_ST00162" HPOS="560" VPOS="864" WIDTH="43" HEIGHT="26" CONTENT="To" WC="0.97" CC="00"/>
						<SP ID="P277_SP00146" HPOS="603" VPOS="899" WIDTH="21"/>
						<String ID="P277_ST00163" HPOS="624" VPOS="864" WIDTH="50" HEIGHT="26" CONTENT="the" WC="0.84" CC="040"/>
						<SP ID="P277_SP00147" HPOS="674" VPOS="899" WIDTH="19"/>
						<String ID="P277_ST00164" HPOS="693" VPOS="868" WIDTH="166" HEIGHT="30" CONTENT="sportsman," WC="0.85" CC="0803000001"/>
						<SP ID="P277_SP00148" HPOS="859" VPOS="899" WIDTH="15"/>
						<String ID="P277_ST00165" HPOS="874" VPOS="863" WIDTH="133" HEIGHT="32" CONTENT="however," WC="1.00" CC="00000000"/>
					</TextLine>
					<TextLine ID="P277_TL00018" HPOS="70" VPOS="911" WIDTH="937" HEIGHT="35">
						<String ID="P277_ST00166" HPOS="70" VPOS="911" WIDTH="48" HEIGHT="26" CONTENT="the" WC="0.88" CC="003"/>
						<SP ID="P277_SP00149" HPOS="118" VPOS="937" WIDTH="15"/>
						<String ID="P277_ST00167" HPOS="133" VPOS="912" WIDTH="80" HEIGHT="34" CONTENT="place" WC="1.00" CC="00000"/>
						<SP ID="P277_SP00150" HPOS="213" VPOS="946" WIDTH="15"/>
						<String ID="P277_ST00168" HPOS="228" VPOS="913" WIDTH="22" HEIGHT="24" CONTENT="is" WC="0.79" CC="40"/>
						<SP ID="P277_SP00151" HPOS="250" VPOS="946" WIDTH="15"/>
						<String ID="P277_ST00169" HPOS="265" VPOS="921" WIDTH="16" HEIGHT="16" CONTENT="a" WC="0.95" CC="0"/>
						<SP ID="P277_SP00152" HPOS="281" VPOS="946" WIDTH="13"/>
						<String ID="P277_ST00170" HPOS="294" VPOS="912" WIDTH="137" HEIGHT="34" CONTENT="paradise." WC="1.00" CC="000000000"/>
						<SP ID="P277_SP00153" HPOS="431" VPOS="946" WIDTH="40"/>
						<String ID="P277_ST00171" HPOS="471" VPOS="912" WIDTH="92" HEIGHT="25" CONTENT="There" WC="0.85" CC="03030"/>
						<SP ID="P277_SP00154" HPOS="563" VPOS="946" WIDTH="14"/>
						<String ID="P277_ST00172" HPOS="577" VPOS="920" WIDTH="46" HEIGHT="17" CONTENT="are" WC="0.99" CC="000"/>
						<SP ID="P277_SP00155" HPOS="623" VPOS="946" WIDTH="14"/>
						<String ID="P277_ST00173" HPOS="637" VPOS="911" WIDTH="100" HEIGHT="34" CONTENT="plenty" WC="0.99" CC="000000"/>
						<SP ID="P277_SP00156" HPOS="737" VPOS="946" WIDTH="13"/>
						<String ID="P277_ST00174" HPOS="750" VPOS="911" WIDTH="31" HEIGHT="25" CONTENT="of" WC="1.00" CC="00"/>
						<SP ID="P277_SP00157" HPOS="781" VPOS="946" WIDTH="18"/>
						<String ID="P277_ST00175" HPOS="799" VPOS="911" WIDTH="71" HEIGHT="31" CONTENT="deer," WC="1.00" CC="00000"/>
						<SP ID="P277_SP00158" HPOS="870" VPOS="946" WIDTH="16"/>
						<String ID="P277_ST00176" HPOS="886" VPOS="911" WIDTH="121" HEIGHT="32" CONTENT="florican," WC="0.93" CC="000050000"/>
					</TextLine>
					<TextLine ID="P277_TL00019" HPOS="71" VPOS="957" WIDTH="937" HEIGHT="36">
						<String ID="P277_ST00177" HPOS="71" VPOS="959" WIDTH="54" HEIGHT="26" CONTENT="and" WC="0.88" CC="030"/>
						<SP ID="P277_SP00159" HPOS="125" VPOS="985" WIDTH="21"/>
						<String ID="P277_ST00178" HPOS="146" VPOS="959" WIDTH="152" HEIGHT="34" CONTENT="partridge," WC="0.94" CC="0000240000"/>
						<SP ID="P277_SP00160" HPOS="298" VPOS="993" WIDTH="15"/>
						<String ID="P277_ST00179" HPOS="313" VPOS="958" WIDTH="69" HEIGHT="27" CONTENT="with" WC="0.85" CC="0006"/>
						<SP ID="P277_SP00161" HPOS="382" VPOS="993" WIDTH="21"/>
						<String ID="P277_ST00180" HPOS="403" VPOS="967" WIDTH="36" HEIGHT="18" CONTENT="an" WC="0.72" CC="23"/>
						<SP ID="P277_SP00162" HPOS="439" VPOS="993" WIDTH="24"/>
						<String ID="P277_ST00181" HPOS="463" VPOS="958" WIDTH="158" HEIGHT="27" CONTENT="occasional" WC="0.94" CC="0020020000"/>
						<SP ID="P277_SP00163" HPOS="621" VPOS="993" WIDTH="21"/>
						<String ID="P277_ST00182" HPOS="642" VPOS="958" WIDTH="166" HEIGHT="26" CONTENT="rhinoceros." WC="0.84" CC="16500010001"/>
						<SP ID="P277_SP00164" HPOS="808" VPOS="993" WIDTH="39"/>
						<String ID="P277_ST00183" HPOS="847" VPOS="957" WIDTH="60" HEIGHT="28" CONTENT="Our" WC="1.00" CC="000"/>
						<SP ID="P277_SP00165" HPOS="907" VPOS="993" WIDTH="19"/>
						<String ID="P277_ST00184" HPOS="926" VPOS="963" WIDTH="82" HEIGHT="28" CONTENT="party" WC="1.00" CC="00000"/>
					</TextLine>
					<TextLine ID="P277_TL00020" HPOS="69" VPOS="1006" WIDTH="939" HEIGHT="34">
						<String ID="P277_ST00185" HPOS="69" VPOS="1015" WIDTH="55" HEIGHT="17" CONTENT="was" WC="1.00" CC="000"/>
						<SP ID="P277_SP00166" HPOS="124" VPOS="1032" WIDTH="16"/>
						<String ID="P277_ST00186" HPOS="140" VPOS="1015" WIDTH="15" HEIGHT="17" CONTENT="a" WC="1.00" CC="0"/>
						<SP ID="P277_SP00167" HPOS="155" VPOS="1032" WIDTH="15"/>
						<String ID="P277_ST00187" HPOS="170" VPOS="1007" WIDTH="75" HEIGHT="33" CONTENT="large" WC="0.99" CC="00000"/>
						<SP ID="P277_SP00168" HPOS="245" VPOS="1040" WIDTH="16"/>
						<String ID="P277_ST00188" HPOS="261" VPOS="1015" WIDTH="61" HEIGHT="22" CONTENT="one," WC="1.00" CC="0000"/>
						<SP ID="P277_SP00169" HPOS="322" VPOS="1040" WIDTH="16"/>
						<String ID="P277_ST00189" HPOS="338" VPOS="1007" WIDTH="55" HEIGHT="24" CONTENT="and" WC="1.00" CC="000"/>
						<SP ID="P277_SP00170" HPOS="393" VPOS="1040" WIDTH="22"/>
						<String ID="P277_ST00190" HPOS="415" VPOS="1006" WIDTH="130" HEIGHT="26" CONTENT="included" WC="0.86" CC="50031000"/>
						<SP ID="P277_SP00171" HPOS="545" VPOS="1040" WIDTH="20"/>
						<String ID="P277_ST00191" HPOS="565" VPOS="1006" WIDTH="106" HEIGHT="26" CONTENT="several" WC="0.90" CC="0060000"/>
						<SP ID="P277_SP00172" HPOS="671" VPOS="1040" WIDTH="21"/>
						<String ID="P277_ST00192" HPOS="692" VPOS="1006" WIDTH="94" HEIGHT="32" CONTENT="ladies," WC="0.93" CC="0004000"/>
						<SP ID="P277_SP00173" HPOS="786" VPOS="1040" WIDTH="15"/>
						<String ID="P277_ST00193" HPOS="801" VPOS="1006" WIDTH="68" HEIGHT="31" CONTENT="who," WC="0.87" CC="0500"/>
						<SP ID="P277_SP00174" HPOS="869" VPOS="1040" WIDTH="16"/>
						<String ID="P277_ST00194" HPOS="885" VPOS="1006" WIDTH="70" HEIGHT="25" CONTENT="after" WC="0.96" CC="01000"/>
						<SP ID="P277_SP00175" HPOS="955" VPOS="1040" WIDTH="13"/>
						<String ID="P277_ST00195" HPOS="968" VPOS="1014" WIDTH="40" HEIGHT="17" CONTENT="we" WC="1.00" CC="00"/>
					</TextLine>
					<TextLine ID="P277_TL00021" HPOS="68" VPOS="1052" WIDTH="940" HEIGHT="35">
						<String ID="P277_ST00196" HPOS="68" VPOS="1053" WIDTH="55" HEIGHT="26" CONTENT="had" WC="1.00" CC="000"/>
						<SP ID="P277_SP00176" HPOS="123" VPOS="1079" WIDTH="16"/>
						<String ID="P277_ST00197" HPOS="139" VPOS="1054" WIDTH="97" HEIGHT="25" CONTENT="forded" WC="1.00" CC="000000"/>
						<SP ID="P277_SP00177" HPOS="236" VPOS="1079" WIDTH="21"/>
						<String ID="P277_ST00198" HPOS="257" VPOS="1053" WIDTH="48" HEIGHT="26" CONTENT="the" WC="1.00" CC="000"/>
						<SP ID="P277_SP00178" HPOS="305" VPOS="1079" WIDTH="20"/>
						<String ID="P277_ST00199" HPOS="325" VPOS="1053" WIDTH="71" HEIGHT="26" CONTENT="river" WC="0.88" CC="05000"/>
						<SP ID="P277_SP00179" HPOS="396" VPOS="1079" WIDTH="21"/>
						<String ID="P277_ST00200" HPOS="417" VPOS="1053" WIDTH="56" HEIGHT="26" CONTENT="and" WC="1.00" CC="000"/>
						<SP ID="P277_SP00180" HPOS="473" VPOS="1079" WIDTH="21"/>
						<String ID="P277_ST00201" HPOS="494" VPOS="1053" WIDTH="109" HEIGHT="26" CONTENT="formed" WC="0.98" CC="100000"/>
						<SP ID="P277_SP00181" HPOS="603" VPOS="1079" WIDTH="20"/>
						<String ID="P277_ST00202" HPOS="623" VPOS="1053" WIDTH="63" HEIGHT="31" CONTENT="line," WC="0.84" CC="06000"/>
						<SP ID="P277_SP00182" HPOS="686" VPOS="1084" WIDTH="15"/>
						<String ID="P277_ST00203" HPOS="701" VPOS="1062" WIDTH="71" HEIGHT="17" CONTENT="were" WC="1.00" CC="0000"/>
						<SP ID="P277_SP00183" HPOS="772" VPOS="1084" WIDTH="20"/>
						<String ID="P277_ST00204" HPOS="792" VPOS="1053" WIDTH="99" HEIGHT="34" CONTENT="placed" WC="0.96" CC="000020"/>
						<SP ID="P277_SP00184" HPOS="891" VPOS="1087" WIDTH="22"/>
						<String ID="P277_ST00205" HPOS="913" VPOS="1054" WIDTH="27" HEIGHT="25" CONTENT="in" WC="0.54" CC="44"/>
						<SP ID="P277_SP00185" HPOS="940" VPOS="1087" WIDTH="20"/>
						<String ID="P277_ST00206" HPOS="960" VPOS="1052" WIDTH="48" HEIGHT="27" CONTENT="the" WC="0.93" CC="010"/>
					</TextLine>
					<TextLine ID="P277_TL00022" HPOS="69" VPOS="1101" WIDTH="644" HEIGHT="32">
						<String ID="P277_ST00207" HPOS="69" VPOS="1106" WIDTH="103" HEIGHT="26" CONTENT="centre," WC="0.83" CC="0170002"/>
						<SP ID="P277_SP00186" HPOS="172" VPOS="1132" WIDTH="15"/>
						<String ID="P277_ST00208" HPOS="187" VPOS="1110" WIDTH="36" HEIGHT="17" CONTENT="on" WC="1.00" CC="00"/>
						<SP ID="P277_SP00187" HPOS="223" VPOS="1132" WIDTH="15"/>
						<String ID="P277_ST00209" HPOS="238" VPOS="1105" WIDTH="55" HEIGHT="22" CONTENT="two" WC="0.95" CC="001"/>
						<SP ID="P277_SP00188" HPOS="293" VPOS="1132" WIDTH="14"/>
						<String ID="P277_ST00210" HPOS="307" VPOS="1101" WIDTH="32" HEIGHT="26" CONTENT="of" WC="0.84" CC="03"/>
						<SP ID="P277_SP00189" HPOS="339" VPOS="1132" WIDTH="10"/>
						<String ID="P277_ST00211" HPOS="349" VPOS="1101" WIDTH="48" HEIGHT="26" CONTENT="the" WC="0.81" CC="320"/>
						<SP ID="P277_SP00190" HPOS="397" VPOS="1132" WIDTH="13"/>
						<String ID="P277_ST00212" HPOS="410" VPOS="1101" WIDTH="136" HEIGHT="26" CONTENT="steadiest" WC="0.93" CC="000006000"/>
						<SP ID="P277_SP00191" HPOS="546" VPOS="1132" WIDTH="13"/>
						<String ID="P277_ST00213" HPOS="559" VPOS="1101" WIDTH="154" HEIGHT="32" CONTENT="elephants." WC="0.80" CC="0200754000"/>
					</TextLine>
				</TextBlock>
				<TextBlock ID="P277_TB00005" HPOS="66" VPOS="1147" WIDTH="941" HEIGHT="459" STYLEREFS="TXT_2 PAR_LEFT">
					<TextLine ID="P277_TL00023" HPOS="106" VPOS="1147" WIDTH="901" HEIGHT="36">
						<String ID="P277_ST00214" HPOS="106" VPOS="1150" WIDTH="61" HEIGHT="25" CONTENT="The" WC="1.00" CC="000"/>
						<SP ID="P277_SP00192" HPOS="167" VPOS="1175" WIDTH="21"/>
						<String ID="P277_ST00215" HPOS="188" VPOS="1149" WIDTH="60" HEIGHT="25" CONTENT="first" WC="0.98" CC="00000"/>
						<SP ID="P277_SP00193" HPOS="248" VPOS="1175" WIDTH="22"/>
						<String ID="P277_ST00216" HPOS="270" VPOS="1149" WIDTH="56" HEIGHT="34" CONTENT="day" WC="1.00" CC="000"/>
						<SP ID="P277_SP00194" HPOS="326" VPOS="1183" WIDTH="23"/>
						<String ID="P277_ST00217" HPOS="349" VPOS="1157" WIDTH="41" HEIGHT="17" CONTENT="we" WC="1.00" CC="00"/>
						<SP ID="P277_SP00195" HPOS="390" VPOS="1183" WIDTH="22"/>
						<String ID="P277_ST00218" HPOS="412" VPOS="1152" WIDTH="50" HEIGHT="31" CONTENT="got" WC="0.67" CC="900"/>
						<SP ID="P277_SP00196" HPOS="462" VPOS="1183" WIDTH="22"/>
						<String ID="P277_ST00219" HPOS="484" VPOS="1157" WIDTH="79" HEIGHT="17" CONTENT="some" WC="1.00" CC="0000"/>
						<SP ID="P277_SP00197" HPOS="563" VPOS="1183" WIDTH="23"/>
						<String ID="P277_ST00220" HPOS="586" VPOS="1149" WIDTH="73" HEIGHT="30" CONTENT="deer," WC="1.00" CC="00000"/>
						<SP ID="P277_SP00198" HPOS="659" VPOS="1183" WIDTH="18"/>
						<String ID="P277_ST00221" HPOS="677" VPOS="1148" WIDTH="55" HEIGHT="25" CONTENT="and" WC="1.00" CC="000"/>
						<SP ID="P277_SP00199" HPOS="732" VPOS="1183" WIDTH="25"/>
						<String ID="P277_ST00222" HPOS="757" VPOS="1148" WIDTH="11" HEIGHT="25" CONTENT="I" WC="1.00" CC="0"/>
						<SP ID="P277_SP00200" HPOS="768" VPOS="1183" WIDTH="25"/>
						<String ID="P277_ST00223" HPOS="793" VPOS="1148" WIDTH="63" HEIGHT="25" CONTENT="shot" WC="1.00" CC="0000"/>
						<SP ID="P277_SP00201" HPOS="856" VPOS="1183" WIDTH="22"/>
						<String ID="P277_ST00224" HPOS="878" VPOS="1156" WIDTH="48" HEIGHT="25" CONTENT="my" WC="1.00" CC="00"/>
						<SP ID="P277_SP00202" HPOS="926" VPOS="1183" WIDTH="23"/>
						<String ID="P277_ST00225" HPOS="949" VPOS="1147" WIDTH="58" HEIGHT="26" CONTENT="first" WC="1.00" CC="00000"/>
					</TextLine>
					<TextLine ID="P277_TL00024" HPOS="68" VPOS="1195" WIDTH="939" HEIGHT="34">
						<String ID="P277_ST00226" HPOS="68" VPOS="1197" WIDTH="114" HEIGHT="25" CONTENT="florican" WC="0.96" CC="00000003"/>
						<String ID="P277_ST00227" HPOS="184" VPOS="1212" WIDTH="36" HEIGHT="3" CONTENT="—" WC="0.20" CC="8"/>
						<String ID="P277_ST00228" HPOS="222" VPOS="1206" WIDTH="16" HEIGHT="16" CONTENT="a" WC="1.00" CC="0"/>
						<SP ID="P277_SP00203" HPOS="238" VPOS="1222" WIDTH="14"/>
						<String ID="P277_ST00229" HPOS="252" VPOS="1195" WIDTH="136" HEIGHT="27" CONTENT="beautiful" WC="0.74" CC="000505154"/>
						<SP ID="P277_SP00204" HPOS="388" VPOS="1222" WIDTH="22"/>
						<String ID="P277_ST00230" HPOS="410" VPOS="1195" WIDTH="70" HEIGHT="32" CONTENT="bird," WC="0.68" CC="04064"/>
						<SP ID="P277_SP00205" HPOS="480" VPOS="1227" WIDTH="14"/>
						<String ID="P277_ST00231" HPOS="494" VPOS="1196" WIDTH="56" HEIGHT="26" CONTENT="and" WC="1.00" CC="000"/>
						<SP ID="P277_SP00206" HPOS="550" VPOS="1227" WIDTH="15"/>
						<String ID="P277_ST00232" HPOS="565" VPOS="1204" WIDTH="67" HEIGHT="25" CONTENT="very" WC="1.00" CC="0000"/>
						<SP ID="P277_SP00207" HPOS="632" VPOS="1229" WIDTH="14"/>
						<String ID="P277_ST00233" HPOS="646" VPOS="1195" WIDTH="75" HEIGHT="34" CONTENT="good" WC="1.00" CC="0000"/>
						<SP ID="P277_SP00208" HPOS="721" VPOS="1229" WIDTH="15"/>
						<String ID="P277_ST00234" HPOS="736" VPOS="1196" WIDTH="101" HEIGHT="33" CONTENT="eating." WC="0.99" CC="0000000"/>
						<SP ID="P277_SP00209" HPOS="837" VPOS="1229" WIDTH="41"/>
						<String ID="P277_ST00235" HPOS="878" VPOS="1195" WIDTH="52" HEIGHT="26" CONTENT="We" WC="1.00" CC="00"/>
						<SP ID="P277_SP00210" HPOS="930" VPOS="1229" WIDTH="21"/>
						<String ID="P277_ST00236" HPOS="951" VPOS="1205" WIDTH="56" HEIGHT="17" CONTENT="saw" WC="1.00" CC="000"/>
					</TextLine>
					<TextLine ID="P277_TL00025" HPOS="68" VPOS="1243" WIDTH="939" HEIGHT="31">
						<String ID="P277_ST00237" HPOS="68" VPOS="1249" WIDTH="89" HEIGHT="21" CONTENT="traces" WC="1.00" CC="000000"/>
						<SP ID="P277_SP00211" HPOS="157" VPOS="1270" WIDTH="15"/>
						<String ID="P277_ST00238" HPOS="172" VPOS="1244" WIDTH="32" HEIGHT="26" CONTENT="of" WC="1.00" CC="00"/>
						<SP ID="P277_SP00212" HPOS="204" VPOS="1270" WIDTH="16"/>
						<String ID="P277_ST00239" HPOS="220" VPOS="1244" WIDTH="169" HEIGHT="30" CONTENT="rhinoceros," WC="0.87" CC="02510000004"/>
						<SP ID="P277_SP00213" HPOS="389" VPOS="1274" WIDTH="16"/>
						<String ID="P277_ST00240" HPOS="405" VPOS="1244" WIDTH="51" HEIGHT="25" CONTENT="but" WC="1.00" CC="000"/>
						<SP ID="P277_SP00214" HPOS="456" VPOS="1274" WIDTH="14"/>
						<String ID="P277_ST00241" HPOS="470" VPOS="1244" WIDTH="48" HEIGHT="24" CONTENT="did" WC="0.82" CC="050"/>
						<SP ID="P277_SP00215" HPOS="518" VPOS="1274" WIDTH="21"/>
						<String ID="P277_ST00242" HPOS="539" VPOS="1247" WIDTH="49" HEIGHT="21" CONTENT="not" WC="1.00" CC="000"/>
						<SP ID="P277_SP00216" HPOS="588" VPOS="1274" WIDTH="21"/>
						<String ID="P277_ST00243" HPOS="609" VPOS="1251" WIDTH="79" HEIGHT="17" CONTENT="come" WC="1.00" CC="0000"/>
						<SP ID="P277_SP00217" HPOS="688" VPOS="1274" WIDTH="20"/>
						<String ID="P277_ST00244" HPOS="708" VPOS="1251" WIDTH="92" HEIGHT="17" CONTENT="across" WC="0.98" CC="010000"/>
						<SP ID="P277_SP00218" HPOS="800" VPOS="1274" WIDTH="20"/>
						<String ID="P277_ST00245" HPOS="820" VPOS="1243" WIDTH="48" HEIGHT="25" CONTENT="the" WC="0.96" CC="010"/>
						<SP ID="P277_SP00219" HPOS="868" VPOS="1274" WIDTH="20"/>
						<String ID="P277_ST00246" HPOS="888" VPOS="1244" WIDTH="119" HEIGHT="24" CONTENT="animals" WC="0.83" CC="0042040"/>
					</TextLine>
					<TextLine ID="P277_TL00026" HPOS="68" VPOS="1289" WIDTH="939" HEIGHT="33">
						<String ID="P277_ST00247" HPOS="68" VPOS="1292" WIDTH="174" HEIGHT="25" CONTENT="themselves." WC="0.94" CC="00000060000"/>
						<SP ID="P277_SP00220" HPOS="242" VPOS="1317" WIDTH="41"/>
						<String ID="P277_ST00248" HPOS="283" VPOS="1291" WIDTH="46" HEIGHT="26" CONTENT="On" WC="1.00" CC="00"/>
						<SP ID="P277_SP00221" HPOS="329" VPOS="1317" WIDTH="26"/>
						<String ID="P277_ST00249" HPOS="355" VPOS="1299" WIDTH="50" HEIGHT="17" CONTENT="our" WC="1.00" CC="000"/>
						<SP ID="P277_SP00222" HPOS="405" VPOS="1317" WIDTH="21"/>
						<String ID="P277_ST00250" HPOS="426" VPOS="1294" WIDTH="101" HEIGHT="28" CONTENT="return," WC="1.00" CC="0000000"/>
						<SP ID="P277_SP00223" HPOS="527" VPOS="1322" WIDTH="16"/>
						<String ID="P277_ST00251" HPOS="543" VPOS="1299" WIDTH="41" HEIGHT="17" CONTENT="we" WC="1.00" CC="00"/>
						<SP ID="P277_SP00224" HPOS="584" VPOS="1322" WIDTH="21"/>
						<String ID="P277_ST00252" HPOS="605" VPOS="1289" WIDTH="87" HEIGHT="27" CONTENT="found" WC="0.99" CC="00000"/>
						<SP ID="P277_SP00225" HPOS="692" VPOS="1322" WIDTH="23"/>
						<String ID="P277_ST00253" HPOS="715" VPOS="1299" WIDTH="17" HEIGHT="17" CONTENT="a" WC="1.00" CC="0"/>
						<SP ID="P277_SP00226" HPOS="732" VPOS="1322" WIDTH="24"/>
						<String ID="P277_ST00254" HPOS="756" VPOS="1290" WIDTH="90" HEIGHT="26" CONTENT="crowd" WC="1.00" CC="00000"/>
						<SP ID="P277_SP00227" HPOS="846" VPOS="1322" WIDTH="24"/>
						<String ID="P277_ST00255" HPOS="870" VPOS="1290" WIDTH="32" HEIGHT="26" CONTENT="of" WC="0.83" CC="03"/>
						<SP ID="P277_SP00228" HPOS="902" VPOS="1322" WIDTH="20"/>
						<String ID="P277_ST00256" HPOS="922" VPOS="1290" WIDTH="85" HEIGHT="26" CONTENT="Brah" SUBS_TYPE="HypPart1" SUBS_CONTENT="Brahmins" WC="0.75" CC="50050"/>
						<HYP CONTENT="-"/>
					</TextLine>
					<TextLine ID="P277_TL00027" HPOS="68" VPOS="1337" WIDTH="938" HEIGHT="35">
						<String ID="P277_ST00257" HPOS="68" VPOS="1339" WIDTH="72" HEIGHT="26" CONTENT="mins" SUBS_TYPE="HypPart2" SUBS_CONTENT="Brahmins" WC="0.95" CC="0200"/>
						<SP ID="P277_SP00229" HPOS="140" VPOS="1365" WIDTH="16"/>
						<String ID="P277_ST00258" HPOS="156" VPOS="1338" WIDTH="118" HEIGHT="34" CONTENT="feasting" WC="0.90" CC="00000610"/>
						<SP ID="P277_SP00230" HPOS="274" VPOS="1372" WIDTH="24"/>
						<String ID="P277_ST00259" HPOS="298" VPOS="1342" WIDTH="28" HEIGHT="22" CONTENT="at" WC="1.00" CC="00"/>
						<SP ID="P277_SP00231" HPOS="326" VPOS="1372" WIDTH="14"/>
						<String ID="P277_ST00260" HPOS="340" VPOS="1338" WIDTH="48" HEIGHT="26" CONTENT="the" WC="0.90" CC="030"/>
						<SP ID="P277_SP00232" HPOS="388" VPOS="1372" WIDTH="14"/>
						<String ID="P277_ST00261" HPOS="402" VPOS="1337" WIDTH="142" HEIGHT="34" CONTENT="approach" WC="1.00" CC="00000000"/>
						<SP ID="P277_SP00233" HPOS="544" VPOS="1372" WIDTH="15"/>
						<String ID="P277_ST00262" HPOS="559" VPOS="1341" WIDTH="29" HEIGHT="21" CONTENT="to" WC="1.00" CC="00"/>
						<SP ID="P277_SP00234" HPOS="588" VPOS="1372" WIDTH="15"/>
						<String ID="P277_ST00263" HPOS="603" VPOS="1338" WIDTH="48" HEIGHT="25" CONTENT="the" WC="0.83" CC="050"/>
						<SP ID="P277_SP00235" HPOS="651" VPOS="1372" WIDTH="14"/>
						<String ID="P277_ST00264" HPOS="665" VPOS="1338" WIDTH="68" HEIGHT="33" CONTENT="only" WC="0.94" CC="0020"/>
						<SP ID="P277_SP00236" HPOS="733" VPOS="1372" WIDTH="14"/>
						<String ID="P277_ST00265" HPOS="747" VPOS="1338" WIDTH="170" HEIGHT="33" CONTENT="practicable" WC="0.85" CC="00000603060"/>
						<SP ID="P277_SP00237" HPOS="917" VPOS="1372" WIDTH="20"/>
						<String ID="P277_ST00266" HPOS="937" VPOS="1338" WIDTH="69" HEIGHT="30" CONTENT="ford," WC="0.96" CC="00002"/>
					</TextLine>
					<TextLine ID="P277_TL00028" HPOS="68" VPOS="1384" WIDTH="939" HEIGHT="35">
						<String ID="P277_ST00267" HPOS="68" VPOS="1387" WIDTH="54" HEIGHT="24" CONTENT="and" WC="1.00" CC="000"/>
						<SP ID="P277_SP00238" HPOS="122" VPOS="1411" WIDTH="23"/>
						<String ID="P277_ST00268" HPOS="145" VPOS="1395" WIDTH="30" HEIGHT="16" CONTENT="as" WC="1.00" CC="00"/>
						<SP ID="P277_SP00239" HPOS="175" VPOS="1411" WIDTH="14"/>
						<String ID="P277_ST00269" HPOS="189" VPOS="1386" WIDTH="49" HEIGHT="25" CONTENT="the" WC="0.96" CC="010"/>
						<SP ID="P277_SP00240" HPOS="238" VPOS="1411" WIDTH="17"/>
						<String ID="P277_ST00270" HPOS="255" VPOS="1386" WIDTH="71" HEIGHT="25" CONTENT="feast" WC="0.90" CC="40000"/>
						<SP ID="P277_SP00241" HPOS="326" VPOS="1411" WIDTH="13"/>
						<String ID="P277_ST00271" HPOS="339" VPOS="1393" WIDTH="57" HEIGHT="18" CONTENT="was" WC="1.00" CC="000"/>
						<SP ID="P277_SP00242" HPOS="396" VPOS="1411" WIDTH="20"/>
						<String ID="P277_ST00272" HPOS="416" VPOS="1384" WIDTH="102" HEIGHT="35" CONTENT="spread" WC="1.00" CC="000000"/>
						<SP ID="P277_SP00243" HPOS="518" VPOS="1419" WIDTH="20"/>
						<String ID="P277_ST00273" HPOS="538" VPOS="1393" WIDTH="37" HEIGHT="17" CONTENT="on" WC="1.00" CC="00"/>
						<SP ID="P277_SP00244" HPOS="575" VPOS="1419" WIDTH="20"/>
						<String ID="P277_ST00274" HPOS="595" VPOS="1384" WIDTH="48" HEIGHT="26" CONTENT="the" WC="0.86" CC="040"/>
						<SP ID="P277_SP00245" HPOS="643" VPOS="1419" WIDTH="20"/>
						<String ID="P277_ST00275" HPOS="663" VPOS="1385" WIDTH="117" HEIGHT="33" CONTENT="ground," WC="0.92" CC="0000203"/>
						<SP ID="P277_SP00246" HPOS="780" VPOS="1419" WIDTH="15"/>
						<String ID="P277_ST00276" HPOS="795" VPOS="1393" WIDTH="40" HEIGHT="17" CONTENT="we" WC="1.00" CC="00"/>
						<SP ID="P277_SP00247" HPOS="835" VPOS="1419" WIDTH="20"/>
						<String ID="P277_ST00277" HPOS="855" VPOS="1385" WIDTH="83" HEIGHT="25" CONTENT="could" WC="0.87" CC="00240"/>
						<SP ID="P277_SP00248" HPOS="938" VPOS="1419" WIDTH="20"/>
						<String ID="P277_ST00278" HPOS="958" VPOS="1388" WIDTH="49" HEIGHT="22" CONTENT="not" WC="1.00" CC="000"/>
					</TextLine>
					<TextLine ID="P277_TL00029" HPOS="68" VPOS="1432" WIDTH="939" HEIGHT="36">
						<String ID="P277_ST00279" HPOS="68" VPOS="1443" WIDTH="65" HEIGHT="25" CONTENT="pass" WC="1.00" CC="0000"/>
						<SP ID="P277_SP00249" HPOS="133" VPOS="1468" WIDTH="14"/>
						<String ID="P277_ST00280" HPOS="147" VPOS="1433" WIDTH="123" HEIGHT="35" CONTENT="through" WC="1.00" CC="0000000"/>
						<SP ID="P277_SP00250" HPOS="270" VPOS="1468" WIDTH="15"/>
						<String ID="P277_ST00281" HPOS="285" VPOS="1432" WIDTH="118" HEIGHT="27" CONTENT="without" WC="1.00" CC="0000000"/>
						<SP ID="P277_SP00251" HPOS="403" VPOS="1468" WIDTH="15"/>
						<String ID="P277_ST00282" HPOS="418" VPOS="1432" WIDTH="158" HEIGHT="33" CONTENT="disturbing" WC="0.97" CC="0000000020"/>
						<SP ID="P277_SP00252" HPOS="576" VPOS="1468" WIDTH="19"/>
						<String ID="P277_ST00283" HPOS="595" VPOS="1432" WIDTH="85" HEIGHT="26" CONTENT="them." WC="1.00" CC="00000"/>
						<SP ID="P277_SP00253" HPOS="680" VPOS="1468" WIDTH="39"/>
						<String ID="P277_ST00284" HPOS="719" VPOS="1432" WIDTH="53" HEIGHT="26" CONTENT="We" WC="1.00" CC="00"/>
						<SP ID="P277_SP00254" HPOS="772" VPOS="1468" WIDTH="24"/>
						<String ID="P277_ST00285" HPOS="796" VPOS="1432" WIDTH="48" HEIGHT="26" CONTENT="did" WC="0.77" CC="060"/>
						<SP ID="P277_SP00255" HPOS="844" VPOS="1468" WIDTH="24"/>
						<String ID="P277_ST00286" HPOS="868" VPOS="1441" WIDTH="50" HEIGHT="16" CONTENT="our" WC="1.00" CC="000"/>
						<SP ID="P277_SP00256" HPOS="918" VPOS="1468" WIDTH="20"/>
						<String ID="P277_ST00287" HPOS="938" VPOS="1432" WIDTH="69" HEIGHT="30" CONTENT="best," WC="0.94" CC="00002"/>
					</TextLine>
					<TextLine ID="P277_TL00030" HPOS="68" VPOS="1479" WIDTH="939" HEIGHT="34">
						<String ID="P277_ST00288" HPOS="68" VPOS="1482" WIDTH="50" HEIGHT="25" CONTENT="but" WC="1.00" CC="000"/>
						<SP ID="P277_SP00257" HPOS="118" VPOS="1507" WIDTH="15"/>
						<String ID="P277_ST00289" HPOS="133" VPOS="1490" WIDTH="78" HEIGHT="17" CONTENT="some" WC="1.00" CC="0000"/>
						<SP ID="P277_SP00258" HPOS="211" VPOS="1507" WIDTH="15"/>
						<String ID="P277_ST00290" HPOS="226" VPOS="1481" WIDTH="31" HEIGHT="26" CONTENT="of" WC="1.00" CC="00"/>
						<SP ID="P277_SP00259" HPOS="257" VPOS="1507" WIDTH="15"/>
						<String ID="P277_ST00291" HPOS="272" VPOS="1481" WIDTH="48" HEIGHT="25" CONTENT="the" WC="1.00" CC="000"/>
						<SP ID="P277_SP00260" HPOS="320" VPOS="1507" WIDTH="14"/>
						<String ID="P277_ST00292" HPOS="334" VPOS="1480" WIDTH="54" HEIGHT="25" CONTENT="rice" WC="0.88" CC="0400"/>
						<SP ID="P277_SP00261" HPOS="388" VPOS="1507" WIDTH="14"/>
						<String ID="P277_ST00293" HPOS="402" VPOS="1483" WIDTH="50" HEIGHT="30" CONTENT="got" WC="1.00" CC="000"/>
						<SP ID="P277_SP00262" HPOS="452" VPOS="1513" WIDTH="14"/>
						<String ID="P277_ST00294" HPOS="466" VPOS="1479" WIDTH="148" HEIGHT="30" CONTENT="scattered," WC="0.89" CC="0000600022"/>
						<SP ID="P277_SP00263" HPOS="614" VPOS="1513" WIDTH="15"/>
						<String ID="P277_ST00295" HPOS="629" VPOS="1480" WIDTH="55" HEIGHT="24" CONTENT="and" WC="1.00" CC="000"/>
						<SP ID="P277_SP00264" HPOS="684" VPOS="1513" WIDTH="15"/>
						<String ID="P277_ST00296" HPOS="699" VPOS="1488" WIDTH="35" HEIGHT="16" CONTENT="an" WC="1.00" CC="00"/>
						<SP ID="P277_SP00265" HPOS="734" VPOS="1513" WIDTH="17"/>
						<String ID="P277_ST00297" HPOS="751" VPOS="1479" WIDTH="132" HEIGHT="34" CONTENT="elephant" WC="0.91" CC="00002040"/>
						<SP ID="P277_SP00266" HPOS="883" VPOS="1513" WIDTH="20"/>
						<String ID="P277_ST00298" HPOS="903" VPOS="1488" WIDTH="30" HEIGHT="16" CONTENT="or" WC="1.00" CC="00"/>
						<SP ID="P277_SP00267" HPOS="933" VPOS="1513" WIDTH="19"/>
						<String ID="P277_ST00299" HPOS="952" VPOS="1483" WIDTH="55" HEIGHT="22" CONTENT="two" WC="1.00" CC="000"/>
					</TextLine>
					<TextLine ID="P277_TL00031" HPOS="68" VPOS="1526" WIDTH="938" HEIGHT="34">
						<String ID="P277_ST00300" HPOS="68" VPOS="1528" WIDTH="68" HEIGHT="27" CONTENT="took" WC="1.00" CC="0000"/>
						<SP ID="P277_SP00268" HPOS="136" VPOS="1555" WIDTH="15"/>
						<String ID="P277_ST00301" HPOS="151" VPOS="1537" WIDTH="16" HEIGHT="17" CONTENT="a" WC="1.00" CC="0"/>
						<SP ID="P277_SP00269" HPOS="167" VPOS="1555" WIDTH="15"/>
						<String ID="P277_ST00302" HPOS="182" VPOS="1527" WIDTH="140" HEIGHT="27" CONTENT="mouthful" WC="0.97" CC="00100100"/>
						<String ID="P277_ST00303" HPOS="335" VPOS="1537" WIDTH="5" HEIGHT="22" CONTENT=";" WC="1.00" CC="0"/>
						<SP ID="P277_SP00270" HPOS="340" VPOS="1559" WIDTH="15"/>
						<String ID="P277_ST00304" HPOS="355" VPOS="1526" WIDTH="55" HEIGHT="27" CONTENT="and" WC="0.95" CC="010"/>
						<SP ID="P277_SP00271" HPOS="410" VPOS="1559" WIDTH="17"/>
						<String ID="P277_ST00305" HPOS="427" VPOS="1526" WIDTH="11" HEIGHT="26" CONTENT="I" WC="1.00" CC="0"/>
						<SP ID="P277_SP00272" HPOS="438" VPOS="1559" WIDTH="16"/>
						<String ID="P277_ST00306" HPOS="454" VPOS="1526" WIDTH="86" HEIGHT="26" CONTENT="heard" WC="0.97" CC="10000"/>
						<SP ID="P277_SP00273" HPOS="540" VPOS="1559" WIDTH="15"/>
						<String ID="P277_ST00307" HPOS="555" VPOS="1526" WIDTH="48" HEIGHT="25" CONTENT="the" WC="0.92" CC="020"/>
						<SP ID="P277_SP00274" HPOS="603" VPOS="1559" WIDTH="15"/>
						<String ID="P277_ST00308" HPOS="618" VPOS="1526" WIDTH="146" HEIGHT="26" CONTENT="Brahmins" WC="0.88" CC="10000520"/>
						<SP ID="P277_SP00275" HPOS="764" VPOS="1559" WIDTH="16"/>
						<String ID="P277_ST00309" HPOS="780" VPOS="1527" WIDTH="112" HEIGHT="33" CONTENT="cursing" WC="0.88" CC="0000520"/>
						<SP ID="P277_SP00276" HPOS="892" VPOS="1560" WIDTH="15"/>
						<String ID="P277_ST00310" HPOS="907" VPOS="1536" WIDTH="30" HEIGHT="16" CONTENT="us" WC="1.00" CC="00"/>
						<SP ID="P277_SP00277" HPOS="937" VPOS="1560" WIDTH="14"/>
						<String ID="P277_ST00311" HPOS="951" VPOS="1527" WIDTH="55" HEIGHT="25" CONTENT="and" WC="0.87" CC="030"/>
					</TextLine>
					<TextLine ID="P277_TL00032" HPOS="68" VPOS="1573" WIDTH="939" HEIGHT="33">
						<String ID="P277_ST00312" HPOS="68" VPOS="1586" WIDTH="51" HEIGHT="16" CONTENT="our" WC="0.80" CC="500"/>
						<SP ID="P277_SP00278" HPOS="119" VPOS="1602" WIDTH="21"/>
						<String ID="P277_ST00313" HPOS="140" VPOS="1576" WIDTH="102" HEIGHT="26" CONTENT="female" WC="0.87" CC="000070"/>
						<SP ID="P277_SP00279" HPOS="242" VPOS="1602" WIDTH="23"/>
						<String ID="P277_ST00314" HPOS="265" VPOS="1575" WIDTH="129" HEIGHT="25" CONTENT="relatives" WC="0.94" CC="000005000"/>
						<SP ID="P277_SP00280" HPOS="394" VPOS="1602" WIDTH="22"/>
						<String ID="P277_ST00315" HPOS="416" VPOS="1582" WIDTH="29" HEIGHT="17" CONTENT="as" WC="1.00" CC="00"/>
						<SP ID="P277_SP00281" HPOS="445" VPOS="1602" WIDTH="22"/>
						<String ID="P277_ST00316" HPOS="467" VPOS="1582" WIDTH="41" HEIGHT="16" CONTENT="we" WC="1.00" CC="00"/>
						<SP ID="P277_SP00282" HPOS="508" VPOS="1602" WIDTH="23"/>
						<String ID="P277_ST00317" HPOS="531" VPOS="1574" WIDTH="100" HEIGHT="24" CONTENT="moved" WC="1.00" CC="00000"/>
						<SP ID="P277_SP00283" HPOS="631" VPOS="1602" WIDTH="22"/>
						<String ID="P277_ST00318" HPOS="653" VPOS="1573" WIDTH="45" HEIGHT="31" CONTENT="off," WC="0.83" CC="3003"/>
						<SP ID="P277_SP00284" HPOS="698" VPOS="1604" WIDTH="22"/>
						<String ID="P277_ST00319" HPOS="720" VPOS="1574" WIDTH="55" HEIGHT="25" CONTENT="and" WC="1.00" CC="000"/>
						<SP ID="P277_SP00285" HPOS="775" VPOS="1604" WIDTH="22"/>
						<String ID="P277_ST00320" HPOS="797" VPOS="1575" WIDTH="121" HEIGHT="31" CONTENT="praying" WC="0.82" CC="0000470"/>
						<SP ID="P277_SP00286" HPOS="918" VPOS="1606" WIDTH="19"/>
						<String ID="P277_ST00321" HPOS="937" VPOS="1574" WIDTH="70" HEIGHT="25" CONTENT="their" WC="1.00" CC="00000"/>
					</TextLine>
				</TextBlock>
			</PrintSpace>
		</Page>
	</Layout>
</alto>
