<?xml version="1.0" encoding="UTF-8"?>
<alto xmlns:xsi="http://www.w3.org/2001/XMLSchema-instance" xsi:noNamespaceSchemaLocation="http://www.bl.uk/schemas/alto/alto-1-4.xsd" xmlns:xlink="http://www.w3.org/1999/xlink">
	<Description>
		<MeasurementUnit>mm10</MeasurementUnit>
		<sourceImageInformation>
			<fileName>//head1/IN/2008-11/A0011351408.1/007235.jp2</fileName>
		</sourceImageInformation>
		<OCRProcessing ID="OCRPROCESSING_1">
			<preProcessingStep>
				<processingSoftware>
					<softwareCreator>CCS Content Conversion Specialists GmbH, Germany</softwareCreator>
					<softwareName>CCS docWORKS</softwareName>
					<softwareVersion>6.1-0.67</softwareVersion>
				</processingSoftware>
			</preProcessingStep>
			<ocrProcessingStep>
				<processingSoftware>
					<softwareCreator>ABBYY (BIT Software), Russia</softwareCreator>
					<softwareName>Finereader</softwareName>
				</processingSoftware>
			</ocrProcessingStep>
		</OCRProcessing>
	</Description>
	<Styles>
		<TextStyle ID="TXT_0" FONTSIZE="9" FONTFAMILY="Courier New"/>
		<TextStyle ID="TXT_1" FONTSIZE="11" FONTFAMILY="Courier New"/>
		<ParagraphStyle ID="PAR_LEFT" ALIGN="Left"/>
		<ParagraphStyle ID="PAR_RIGHT" ALIGN="Right"/>
	</Styles>
	<Layout>
		<Page ID="P149" PHYSICAL_IMG_NR="149" HEIGHT="1706" WIDTH="1150" PRINTED_IMG_NR="141" POSITION="Right" ACCURACY="90.76">
			<TopMargin ID="P149_TM00001" HPOS="0" VPOS="0" WIDTH="1149" HEIGHT="169">
				<TextBlock ID="P149_TB00001" HPOS="389" VPOS="128" WIDTH="306" HEIGHT="41" STYLEREFS="TXT_0 PAR_LEFT">
					<TextLine ID="P149_TL00001" HPOS="390" VPOS="130" WIDTH="305" HEIGHT="39">
						<String ID="P149_ST00001" HPOS="390" VPOS="130" WIDTH="123" HEIGHT="39" CONTENT="Change" WC="0.81" CC="005600"/>
						<SP ID="P149_SP00001" HPOS="513" VPOS="169" WIDTH="25"/>
						<String ID="P149_ST00002" HPOS="538" VPOS="130" WIDTH="157" HEIGHT="37" CONTENT="Quarters." WC="0.88" CC="003060000"/>
					</TextLine>
				</TextBlock>
				<TextBlock ID="P149_TB00002" HPOS="949" VPOS="141" WIDTH="51" HEIGHT="26" STYLEREFS="TXT_1 PAR_RIGHT">
					<TextLine ID="P149_TL00002" HPOS="949" VPOS="141" WIDTH="51" HEIGHT="26">
						<String ID="P149_ST00003" HPOS="949" VPOS="141" WIDTH="51" HEIGHT="26" CONTENT="141" WC="1.00" CC="000"/>
					</TextLine>
				</TextBlock>
			</TopMargin>
			<LeftMargin ID="P149_LM00001" HPOS="0" VPOS="169" WIDTH="80" HEIGHT="1445"/>
			<RightMargin ID="P149_RM00001" HPOS="1014" VPOS="169" WIDTH="135" HEIGHT="1445"/>
			<BottomMargin ID="P149_BM00001" HPOS="0" VPOS="1614" WIDTH="1149" HEIGHT="92"/>
			<PrintSpace ID="P149_PS00001" HPOS="80" VPOS="169" WIDTH="934" HEIGHT="1445">
				<TextBlock ID="P149_TB00003" HPOS="80" VPOS="213" WIDTH="926" HEIGHT="215" STYLEREFS="TXT_0 PAR_LEFT">
					<TextLine ID="P149_TL00003" HPOS="117" VPOS="213" WIDTH="889" HEIGHT="37">
						<String ID="P149_ST00004" HPOS="117" VPOS="213" WIDTH="20" HEIGHT="32" CONTENT="I," WC="1.00" CC="00"/>
						<SP ID="P149_SP00002" HPOS="137" VPOS="245" WIDTH="17"/>
						<String ID="P149_ST00005" HPOS="154" VPOS="214" WIDTH="27" HEIGHT="26" CONTENT="in" WC="0.63" CC="70"/>
						<SP ID="P149_SP00003" HPOS="181" VPOS="245" WIDTH="20"/>
						<String ID="P149_ST00006" HPOS="201" VPOS="214" WIDTH="47" HEIGHT="26" CONTENT="the" WC="0.90" CC="020"/>
						<SP ID="P149_SP00004" HPOS="248" VPOS="245" WIDTH="15"/>
						<String ID="P149_ST00007" HPOS="263" VPOS="215" WIDTH="156" HEIGHT="31" CONTENT="meantime," WC="0.91" CC="000403000"/>
						<SP ID="P149_SP00005" HPOS="419" VPOS="246" WIDTH="16"/>
						<String ID="P149_ST00008" HPOS="435" VPOS="216" WIDTH="156" HEIGHT="33" CONTENT="attempted" WC="0.99" CC="000000000"/>
						<SP ID="P149_SP00006" HPOS="591" VPOS="249" WIDTH="16"/>
						<String ID="P149_ST00009" HPOS="607" VPOS="219" WIDTH="28" HEIGHT="22" CONTENT="to" WC="1.00" CC="00"/>
						<SP ID="P149_SP00007" HPOS="635" VPOS="249" WIDTH="15"/>
						<String ID="P149_ST00010" HPOS="650" VPOS="216" WIDTH="92" HEIGHT="25" CONTENT="solace" WC="0.91" CC="104000"/>
						<SP ID="P149_SP00008" HPOS="742" VPOS="249" WIDTH="15"/>
						<String ID="P149_ST00011" HPOS="757" VPOS="216" WIDTH="103" HEIGHT="33" CONTENT="myself" WC="0.82" CC="401050"/>
						<SP ID="P149_SP00009" HPOS="860" VPOS="249" WIDTH="17"/>
						<String ID="P149_ST00012" HPOS="877" VPOS="216" WIDTH="38" HEIGHT="34" CONTENT="by" WC="1.00" CC="00"/>
						<SP ID="P149_SP00010" HPOS="915" VPOS="250" WIDTH="14"/>
						<String ID="P149_ST00013" HPOS="929" VPOS="217" WIDTH="77" HEIGHT="25" CONTENT="read" SUBS_TYPE="HypPart1" SUBS_CONTENT="reading" WC="1.00" CC="00000"/>
						<HYP CONTENT="-"/>
					</TextLine>
					<TextLine ID="P149_TL00004" HPOS="81" VPOS="261" WIDTH="925" HEIGHT="35">
						<String ID="P149_ST00014" HPOS="81" VPOS="261" WIDTH="47" HEIGHT="34" CONTENT="ing" SUBS_TYPE="HypPart2" SUBS_CONTENT="reading" WC="0.47" CC="059"/>
						<SP ID="P149_SP00011" HPOS="128" VPOS="295" WIDTH="17"/>
						<String ID="P149_ST00015" HPOS="145" VPOS="262" WIDTH="42" HEIGHT="25" CONTENT="for" WC="0.88" CC="300"/>
						<SP ID="P149_SP00012" HPOS="187" VPOS="295" WIDTH="22"/>
						<String ID="P149_ST00016" HPOS="209" VPOS="272" WIDTH="49" HEIGHT="24" CONTENT="my" WC="1.00" CC="00"/>
						<SP ID="P149_SP00013" HPOS="258" VPOS="296" WIDTH="23"/>
						<String ID="P149_ST00017" HPOS="281" VPOS="263" WIDTH="51" HEIGHT="26" CONTENT="law" WC="0.98" CC="000"/>
						<SP ID="P149_SP00014" HPOS="332" VPOS="296" WIDTH="23"/>
						<String ID="P149_ST00018" HPOS="355" VPOS="263" WIDTH="200" HEIGHT="31" CONTENT="examination," WC="0.88" CC="000040004030"/>
						<SP ID="P149_SP00015" HPOS="555" VPOS="296" WIDTH="21"/>
						<String ID="P149_ST00019" HPOS="576" VPOS="262" WIDTH="90" HEIGHT="27" CONTENT="which" WC="0.69" CC="05504"/>
						<SP ID="P149_SP00016" HPOS="666" VPOS="296" WIDTH="21"/>
						<String ID="P149_ST00020" HPOS="687" VPOS="272" WIDTH="55" HEIGHT="17" CONTENT="was" WC="1.00" CC="000"/>
						<SP ID="P149_SP00017" HPOS="742" VPOS="296" WIDTH="24"/>
						<String ID="P149_ST00021" HPOS="766" VPOS="267" WIDTH="29" HEIGHT="22" CONTENT="to" WC="1.00" CC="00"/>
						<SP ID="P149_SP00018" HPOS="795" VPOS="296" WIDTH="21"/>
						<String ID="P149_ST00022" HPOS="816" VPOS="272" WIDTH="80" HEIGHT="18" CONTENT="come" WC="1.00" CC="0000"/>
						<SP ID="P149_SP00019" HPOS="896" VPOS="296" WIDTH="24"/>
						<String ID="P149_ST00023" HPOS="920" VPOS="264" WIDTH="41" HEIGHT="25" CONTENT="off" WC="1.00" CC="000"/>
						<SP ID="P149_SP00020" HPOS="961" VPOS="296" WIDTH="19"/>
						<String ID="P149_ST00024" HPOS="980" VPOS="264" WIDTH="26" HEIGHT="25" CONTENT="in" WC="0.67" CC="60"/>
					</TextLine>
					<TextLine ID="P149_TL00005" HPOS="82" VPOS="308" WIDTH="924" HEIGHT="32">
						<String ID="P149_ST00025" HPOS="82" VPOS="308" WIDTH="104" HEIGHT="32" CONTENT="March," WC="0.80" CC="050050"/>
						<SP ID="P149_SP00021" HPOS="186" VPOS="340" WIDTH="16"/>
						<String ID="P149_ST00026" HPOS="202" VPOS="313" WIDTH="28" HEIGHT="22" CONTENT="at" WC="0.93" CC="10"/>
						<SP ID="P149_SP00022" HPOS="230" VPOS="340" WIDTH="16"/>
						<String ID="P149_ST00027" HPOS="246" VPOS="310" WIDTH="87" HEIGHT="25" CONTENT="Patna" WC="0.86" CC="60000"/>
						<SP ID="P149_SP00023" HPOS="333" VPOS="340" WIDTH="12"/>
						<String ID="P149_ST00028" HPOS="345" VPOS="318" WIDTH="4" HEIGHT="22" CONTENT=";" WC="1.00" CC="0"/>
						<SP ID="P149_SP00024" HPOS="349" VPOS="340" WIDTH="15"/>
						<String ID="P149_ST00029" HPOS="364" VPOS="310" WIDTH="51" HEIGHT="24" CONTENT="but" WC="1.00" CC="000"/>
						<SP ID="P149_SP00025" HPOS="415" VPOS="340" WIDTH="14"/>
						<String ID="P149_ST00030" HPOS="429" VPOS="313" WIDTH="29" HEIGHT="22" CONTENT="to" WC="1.00" CC="00"/>
						<SP ID="P149_SP00026" HPOS="458" VPOS="340" WIDTH="21"/>
						<String ID="P149_ST00031" HPOS="479" VPOS="309" WIDTH="89" HEIGHT="26" CONTENT="which" WC="0.95" CC="02000"/>
						<SP ID="P149_SP00027" HPOS="568" VPOS="340" WIDTH="22"/>
						<String ID="P149_ST00032" HPOS="590" VPOS="310" WIDTH="12" HEIGHT="25" CONTENT="I" WC="1.00" CC="0"/>
						<SP ID="P149_SP00028" HPOS="602" VPOS="340" WIDTH="15"/>
						<String ID="P149_ST00033" HPOS="617" VPOS="318" WIDTH="56" HEIGHT="17" CONTENT="was" WC="1.00" CC="000"/>
						<SP ID="P149_SP00029" HPOS="673" VPOS="340" WIDTH="19"/>
						<String ID="P149_ST00034" HPOS="692" VPOS="313" WIDTH="49" HEIGHT="22" CONTENT="not" WC="0.88" CC="300"/>
						<SP ID="P149_SP00030" HPOS="741" VPOS="340" WIDTH="15"/>
						<String ID="P149_ST00035" HPOS="756" VPOS="310" WIDTH="62" HEIGHT="25" CONTENT="able" WC="0.88" CC="0210"/>
						<SP ID="P149_SP00031" HPOS="818" VPOS="340" WIDTH="22"/>
						<String ID="P149_ST00036" HPOS="840" VPOS="313" WIDTH="30" HEIGHT="22" CONTENT="to" WC="1.00" CC="00"/>
						<SP ID="P149_SP00032" HPOS="870" VPOS="340" WIDTH="23"/>
						<String ID="P149_ST00037" HPOS="893" VPOS="319" WIDTH="43" HEIGHT="21" CONTENT="go," WC="0.67" CC="702"/>
						<SP ID="P149_SP00033" HPOS="936" VPOS="340" WIDTH="15"/>
						<String ID="P149_ST00038" HPOS="951" VPOS="312" WIDTH="55" HEIGHT="24" CONTENT="and" WC="0.94" CC="010"/>
					</TextLine>
					<TextLine ID="P149_TL00006" HPOS="81" VPOS="356" WIDTH="925" HEIGHT="35">
						<String ID="P149_ST00039" HPOS="81" VPOS="356" WIDTH="211" HEIGHT="34" CONTENT="consequently," WC="0.88" CC="0032000040004"/>
						<SP ID="P149_SP00034" HPOS="292" VPOS="390" WIDTH="14"/>
						<String ID="P149_ST00040" HPOS="306" VPOS="356" WIDTH="81" HEIGHT="27" CONTENT="could" WC="0.87" CC="00060"/>
						<SP ID="P149_SP00035" HPOS="387" VPOS="390" WIDTH="15"/>
						<String ID="P149_ST00041" HPOS="402" VPOS="361" WIDTH="49" HEIGHT="21" CONTENT="not" WC="0.92" CC="020"/>
						<SP ID="P149_SP00036" HPOS="451" VPOS="390" WIDTH="14"/>
						<String ID="P149_ST00042" HPOS="465" VPOS="361" WIDTH="113" HEIGHT="29" CONTENT="present" WC="0.93" CC="0003010"/>
						<SP ID="P149_SP00037" HPOS="578" VPOS="390" WIDTH="14"/>
						<String ID="P149_ST00043" HPOS="592" VPOS="356" WIDTH="103" HEIGHT="34" CONTENT="myself" WC="0.96" CC="000100"/>
						<SP ID="P149_SP00038" HPOS="695" VPOS="390" WIDTH="17"/>
						<String ID="P149_ST00044" HPOS="712" VPOS="357" WIDTH="70" HEIGHT="25" CONTENT="until" WC="0.68" CC="00455"/>
						<SP ID="P149_SP00039" HPOS="782" VPOS="390" WIDTH="21"/>
						<String ID="P149_ST00045" HPOS="803" VPOS="356" WIDTH="48" HEIGHT="27" CONTENT="the" WC="0.89" CC="030"/>
						<SP ID="P149_SP00040" HPOS="851" VPOS="390" WIDTH="15"/>
						<String ID="P149_ST00046" HPOS="866" VPOS="356" WIDTH="140" HEIGHT="35" CONTENT="following" WC="0.86" CC="003000260"/>
					</TextLine>
					<TextLine ID="P149_TL00007" HPOS="82" VPOS="402" WIDTH="131" HEIGHT="26">
						<String ID="P149_ST00047" HPOS="82" VPOS="402" WIDTH="131" HEIGHT="26" CONTENT="October." WC="0.98" CC="00000000"/>
					</TextLine>
				</TextBlock>
				<TextBlock ID="P149_TB00004" HPOS="80" VPOS="450" WIDTH="928" HEIGHT="316" STYLEREFS="TXT_0 PAR_LEFT">
					<TextLine ID="P149_TL00008" HPOS="119" VPOS="450" WIDTH="888" HEIGHT="35">
						<String ID="P149_ST00048" HPOS="119" VPOS="450" WIDTH="124" HEIGHT="26" CONTENT="Darville" WC="0.90" CC="10005000"/>
						<SP ID="P149_SP00041" HPOS="243" VPOS="476" WIDTH="12"/>
						<String ID="P149_ST00049" HPOS="255" VPOS="450" WIDTH="56" HEIGHT="26" CONTENT="had" WC="0.77" CC="600"/>
						<SP ID="P149_SP00042" HPOS="311" VPOS="476" WIDTH="12"/>
						<String ID="P149_ST00050" HPOS="323" VPOS="460" WIDTH="80" HEIGHT="25" CONTENT="gone," WC="0.81" CC="80000"/>
						<SP ID="P149_SP00043" HPOS="403" VPOS="485" WIDTH="10"/>
						<String ID="P149_ST00051" HPOS="413" VPOS="451" WIDTH="56" HEIGHT="26" CONTENT="and" WC="0.90" CC="030"/>
						<SP ID="P149_SP00044" HPOS="469" VPOS="485" WIDTH="12"/>
						<String ID="P149_ST00052" HPOS="481" VPOS="450" WIDTH="43" HEIGHT="27" CONTENT="his" WC="0.77" CC="600"/>
						<SP ID="P149_SP00045" HPOS="524" VPOS="485" WIDTH="11"/>
						<String ID="P149_ST00053" HPOS="535" VPOS="460" WIDTH="140" HEIGHT="17" CONTENT="successor" WC="0.96" CC="000000002"/>
						<SP ID="P149_SP00046" HPOS="675" VPOS="485" WIDTH="11"/>
						<String ID="P149_ST00054" HPOS="686" VPOS="450" WIDTH="66" HEIGHT="34" CONTENT="only" WC="0.85" CC="0050"/>
						<SP ID="P149_SP00047" HPOS="752" VPOS="485" WIDTH="11"/>
						<String ID="P149_ST00055" HPOS="763" VPOS="451" WIDTH="99" HEIGHT="33" CONTENT="stayed" WC="0.97" CC="100000"/>
						<SP ID="P149_SP00048" HPOS="862" VPOS="485" WIDTH="12"/>
						<String ID="P149_ST00056" HPOS="874" VPOS="460" WIDTH="16" HEIGHT="17" CONTENT="a" WC="1.00" CC="0"/>
						<SP ID="P149_SP00049" HPOS="890" VPOS="485" WIDTH="12"/>
						<String ID="P149_ST00057" HPOS="902" VPOS="451" WIDTH="105" HEIGHT="32" CONTENT="month," WC="0.86" CC="005003"/>
					</TextLine>
					<TextLine ID="P149_TL00009" HPOS="82" VPOS="497" WIDTH="926" HEIGHT="35">
						<String ID="P149_ST00058" HPOS="82" VPOS="497" WIDTH="83" HEIGHT="34" CONTENT="being" WC="1.00" CC="00000"/>
						<SP ID="P149_SP00050" HPOS="165" VPOS="531" WIDTH="15"/>
						<String ID="P149_ST00059" HPOS="180" VPOS="498" WIDTH="146" HEIGHT="33" CONTENT="promoted" WC="1.00" CC="00000000"/>
						<SP ID="P149_SP00051" HPOS="326" VPOS="531" WIDTH="15"/>
						<String ID="P149_ST00060" HPOS="341" VPOS="501" WIDTH="29" HEIGHT="22" CONTENT="to" WC="1.00" CC="00"/>
						<SP ID="P149_SP00052" HPOS="370" VPOS="531" WIDTH="14"/>
						<String ID="P149_ST00061" HPOS="384" VPOS="498" WIDTH="35" HEIGHT="25" CONTENT="be" WC="1.00" CC="00"/>
						<SP ID="P149_SP00053" HPOS="419" VPOS="531" WIDTH="15"/>
						<String ID="P149_ST00062" HPOS="434" VPOS="498" WIDTH="166" HEIGHT="34" CONTENT="Magistrate" WC="0.95" CC="0005000000"/>
						<SP ID="P149_SP00054" HPOS="600" VPOS="532" WIDTH="14"/>
						<String ID="P149_ST00063" HPOS="614" VPOS="497" WIDTH="31" HEIGHT="26" CONTENT="of" WC="1.00" CC="00"/>
						<SP ID="P149_SP00055" HPOS="645" VPOS="532" WIDTH="21"/>
						<String ID="P149_ST00064" HPOS="666" VPOS="498" WIDTH="117" HEIGHT="25" CONTENT="another" WC="1.00" CC="0000000"/>
						<SP ID="P149_SP00056" HPOS="783" VPOS="532" WIDTH="21"/>
						<String ID="P149_ST00065" HPOS="804" VPOS="498" WIDTH="204" HEIGHT="34" CONTENT="neighbouring" WC="0.92" CC="003000000600"/>
					</TextLine>
					<TextLine ID="P149_TL00010" HPOS="82" VPOS="544" WIDTH="926" HEIGHT="35">
						<String ID="P149_ST00066" HPOS="82" VPOS="544" WIDTH="115" HEIGHT="32" CONTENT="district," WC="0.90" CC="050300000"/>
						<SP ID="P149_SP00057" HPOS="197" VPOS="576" WIDTH="35"/>
						<String ID="P149_ST00067" HPOS="232" VPOS="544" WIDTH="182" HEIGHT="34" CONTENT="Chumparun" WC="0.92" CC="104000001"/>
						<String ID="P149_ST00068" HPOS="427" VPOS="554" WIDTH="6" HEIGHT="23" CONTENT=";" WC="1.00" CC="0"/>
						<SP ID="P149_SP00058" HPOS="433" VPOS="578" WIDTH="34"/>
						<String ID="P149_ST00069" HPOS="467" VPOS="545" WIDTH="57" HEIGHT="27" CONTENT="and" WC="1.00" CC="000"/>
						<SP ID="P149_SP00059" HPOS="524" VPOS="578" WIDTH="36"/>
						<String ID="P149_ST00070" HPOS="560" VPOS="545" WIDTH="43" HEIGHT="26" CONTENT="his" WC="0.60" CC="740"/>
						<SP ID="P149_SP00060" HPOS="603" VPOS="578" WIDTH="32"/>
						<String ID="P149_ST00071" HPOS="635" VPOS="554" WIDTH="148" HEIGHT="23" CONTENT="successor," WC="1.00" CC="0000000000"/>
						<SP ID="P149_SP00061" HPOS="783" VPOS="578" WIDTH="38"/>
						<String ID="P149_ST00072" HPOS="821" VPOS="545" WIDTH="123" HEIGHT="26" CONTENT="Melville" WC="0.92" CC="00000060"/>
						<SP ID="P149_SP00062" HPOS="944" VPOS="578" WIDTH="27"/>
						<String ID="P149_ST00073" HPOS="971" VPOS="546" WIDTH="37" HEIGHT="33" CONTENT="by" WC="1.00" CC="00"/>
					</TextLine>
					<TextLine ID="P149_TL00011" HPOS="82" VPOS="591" WIDTH="925" HEIGHT="35">
						<String ID="P149_ST00074" HPOS="82" VPOS="600" WIDTH="90" HEIGHT="22" CONTENT="name," WC="1.00" CC="00000"/>
						<SP ID="P149_SP00063" HPOS="172" VPOS="622" WIDTH="28"/>
						<String ID="P149_ST00075" HPOS="200" VPOS="591" WIDTH="55" HEIGHT="26" CONTENT="had" WC="1.00" CC="000"/>
						<SP ID="P149_SP00064" HPOS="255" VPOS="622" WIDTH="27"/>
						<String ID="P149_ST00076" HPOS="282" VPOS="593" WIDTH="109" HEIGHT="25" CONTENT="arrived" WC="0.96" CC="0003000"/>
						<String ID="P149_ST00077" HPOS="393" VPOS="609" WIDTH="36" HEIGHT="2" CONTENT="—" WC="0.20" CC="8"/>
						<String ID="P149_ST00078" HPOS="430" VPOS="601" WIDTH="16" HEIGHT="17" CONTENT="a" WC="1.00" CC="0"/>
						<SP ID="P149_SP00065" HPOS="446" VPOS="622" WIDTH="27"/>
						<String ID="P149_ST00079" HPOS="473" VPOS="596" WIDTH="214" HEIGHT="30" CONTENT="contemporary" WC="1.00" CC="000000000000"/>
						<SP ID="P149_SP00066" HPOS="687" VPOS="626" WIDTH="27"/>
						<String ID="P149_ST00080" HPOS="714" VPOS="592" WIDTH="30" HEIGHT="25" CONTENT="of" WC="1.00" CC="00"/>
						<SP ID="P149_SP00067" HPOS="744" VPOS="626" WIDTH="21"/>
						<String ID="P149_ST00081" HPOS="765" VPOS="592" WIDTH="74" HEIGHT="25" CONTENT="mine" WC="0.69" CC="0650"/>
						<SP ID="P149_SP00068" HPOS="839" VPOS="626" WIDTH="27"/>
						<String ID="P149_ST00082" HPOS="866" VPOS="596" WIDTH="28" HEIGHT="21" CONTENT="at" WC="1.00" CC="00"/>
						<SP ID="P149_SP00069" HPOS="894" VPOS="626" WIDTH="30"/>
						<String ID="P149_ST00083" HPOS="924" VPOS="593" WIDTH="83" HEIGHT="30" CONTENT="Eton," WC="1.00" CC="00000"/>
					</TextLine>
					<TextLine ID="P149_TL00012" HPOS="82" VPOS="638" WIDTH="926" HEIGHT="34">
						<String ID="P149_ST00084" HPOS="82" VPOS="638" WIDTH="107" HEIGHT="34" CONTENT="though" WC="0.83" CC="040302"/>
						<SP ID="P149_SP00070" HPOS="189" VPOS="672" WIDTH="22"/>
						<String ID="P149_ST00085" HPOS="211" VPOS="647" WIDTH="77" HEIGHT="17" CONTENT="some" WC="1.00" CC="0000"/>
						<SP ID="P149_SP00071" HPOS="288" VPOS="672" WIDTH="21"/>
						<String ID="P149_ST00086" HPOS="309" VPOS="643" WIDTH="55" HEIGHT="22" CONTENT="two" WC="0.98" CC="000"/>
						<SP ID="P149_SP00072" HPOS="364" VPOS="672" WIDTH="21"/>
						<String ID="P149_ST00087" HPOS="385" VPOS="648" WIDTH="80" HEIGHT="24" CONTENT="years" WC="1.00" CC="00000"/>
						<SP ID="P149_SP00073" HPOS="465" VPOS="672" WIDTH="22"/>
						<String ID="P149_ST00088" HPOS="487" VPOS="648" WIDTH="48" HEIGHT="24" CONTENT="my" WC="1.00" CC="00"/>
						<SP ID="P149_SP00074" HPOS="535" VPOS="672" WIDTH="23"/>
						<String ID="P149_ST00089" HPOS="558" VPOS="639" WIDTH="98" HEIGHT="32" CONTENT="senior," WC="0.87" CC="0050003"/>
						<SP ID="P149_SP00075" HPOS="656" VPOS="672" WIDTH="23"/>
						<String ID="P149_ST00090" HPOS="679" VPOS="648" WIDTH="61" HEIGHT="16" CONTENT="now" WC="0.67" CC="009"/>
						<SP ID="P149_SP00076" HPOS="740" VPOS="672" WIDTH="24"/>
						<String ID="P149_ST00091" HPOS="764" VPOS="648" WIDTH="16" HEIGHT="16" CONTENT="a" WC="1.00" CC="0"/>
						<SP ID="P149_SP00077" HPOS="780" VPOS="672" WIDTH="22"/>
						<String ID="P149_ST00092" HPOS="802" VPOS="639" WIDTH="118" HEIGHT="26" CONTENT="married" WC="0.93" CC="0000400"/>
						<SP ID="P149_SP00078" HPOS="920" VPOS="672" WIDTH="23"/>
						<String ID="P149_ST00093" HPOS="943" VPOS="647" WIDTH="65" HEIGHT="18" CONTENT="man" WC="1.00" CC="000"/>
					</TextLine>
					<TextLine ID="P149_TL00013" HPOS="81" VPOS="685" WIDTH="927" HEIGHT="35">
						<String ID="P149_ST00094" HPOS="81" VPOS="685" WIDTH="67" HEIGHT="26" CONTENT="with" WC="0.75" CC="0603"/>
						<SP ID="P149_SP00079" HPOS="148" VPOS="711" WIDTH="26"/>
						<String ID="P149_ST00095" HPOS="174" VPOS="694" WIDTH="16" HEIGHT="17" CONTENT="a" WC="1.00" CC="0"/>
						<SP ID="P149_SP00080" HPOS="190" VPOS="711" WIDTH="24"/>
						<String ID="P149_ST00096" HPOS="214" VPOS="686" WIDTH="75" HEIGHT="34" CONTENT="large" WC="0.98" CC="10000"/>
						<SP ID="P149_SP00081" HPOS="289" VPOS="720" WIDTH="26"/>
						<String ID="P149_ST00097" HPOS="315" VPOS="686" WIDTH="103" HEIGHT="34" CONTENT="family." WC="1.00" CC="0000000"/>
						<SP ID="P149_SP00082" HPOS="418" VPOS="720" WIDTH="41"/>
						<String ID="P149_ST00098" HPOS="459" VPOS="686" WIDTH="59" HEIGHT="26" CONTENT="Our" WC="0.93" CC="001"/>
						<SP ID="P149_SP00083" HPOS="518" VPOS="720" WIDTH="27"/>
						<String ID="P149_ST00099" HPOS="545" VPOS="687" WIDTH="123" HEIGHT="33" CONTENT="meeting" WC="0.92" CC="0000050"/>
						<SP ID="P149_SP00084" HPOS="668" VPOS="720" WIDTH="23"/>
						<String ID="P149_ST00100" HPOS="691" VPOS="686" WIDTH="27" HEIGHT="25" CONTENT="in" WC="0.86" CC="20"/>
						<SP ID="P149_SP00085" HPOS="718" VPOS="720" WIDTH="26"/>
						<String ID="P149_ST00101" HPOS="744" VPOS="686" WIDTH="56" HEIGHT="25" CONTENT="this" WC="0.70" CC="0650"/>
						<SP ID="P149_SP00086" HPOS="800" VPOS="720" WIDTH="25"/>
						<String ID="P149_ST00102" HPOS="825" VPOS="694" WIDTH="62" HEIGHT="25" CONTENT="way" WC="1.00" CC="000"/>
						<SP ID="P149_SP00087" HPOS="887" VPOS="720" WIDTH="26"/>
						<String ID="P149_ST00103" HPOS="913" VPOS="694" WIDTH="56" HEIGHT="17" CONTENT="was" WC="1.00" CC="000"/>
						<SP ID="P149_SP00088" HPOS="969" VPOS="720" WIDTH="24"/>
						<String ID="P149_ST00104" HPOS="993" VPOS="695" WIDTH="15" HEIGHT="17" CONTENT="a" WC="1.00" CC="0"/>
					</TextLine>
					<TextLine ID="P149_TL00014" HPOS="81" VPOS="732" WIDTH="863" HEIGHT="34">
						<String ID="P149_ST00105" HPOS="81" VPOS="733" WIDTH="109" HEIGHT="26" CONTENT="curious" WC="0.86" CC="0405000"/>
						<SP ID="P149_SP00089" HPOS="190" VPOS="759" WIDTH="15"/>
						<String ID="P149_ST00106" HPOS="205" VPOS="732" WIDTH="182" HEIGHT="33" CONTENT="coincidence," WC="0.89" CC="006500000000"/>
						<SP ID="P149_SP00090" HPOS="387" VPOS="765" WIDTH="16"/>
						<String ID="P149_ST00107" HPOS="403" VPOS="733" WIDTH="55" HEIGHT="26" CONTENT="and" WC="0.85" CC="040"/>
						<SP ID="P149_SP00091" HPOS="458" VPOS="765" WIDTH="15"/>
						<String ID="P149_ST00108" HPOS="473" VPOS="743" WIDTH="16" HEIGHT="16" CONTENT="a" WC="1.00" CC="0"/>
						<SP ID="P149_SP00092" HPOS="489" VPOS="765" WIDTH="13"/>
						<String ID="P149_ST00109" HPOS="502" VPOS="737" WIDTH="79" HEIGHT="29" CONTENT="great" WC="1.00" CC="00000"/>
						<SP ID="P149_SP00093" HPOS="581" VPOS="766" WIDTH="14"/>
						<String ID="P149_ST00110" HPOS="595" VPOS="733" WIDTH="126" HEIGHT="33" CONTENT="pleasure" WC="0.88" CC="01005020"/>
						<SP ID="P149_SP00094" HPOS="721" VPOS="766" WIDTH="13"/>
						<String ID="P149_ST00111" HPOS="734" VPOS="737" WIDTH="30" HEIGHT="22" CONTENT="to" WC="1.00" CC="00"/>
						<SP ID="P149_SP00095" HPOS="764" VPOS="766" WIDTH="14"/>
						<String ID="P149_ST00112" HPOS="778" VPOS="732" WIDTH="69" HEIGHT="27" CONTENT="both" WC="0.87" CC="0005"/>
						<SP ID="P149_SP00096" HPOS="847" VPOS="766" WIDTH="17"/>
						<String ID="P149_ST00113" HPOS="864" VPOS="733" WIDTH="31" HEIGHT="26" CONTENT="of" WC="0.87" CC="02"/>
						<SP ID="P149_SP00097" HPOS="895" VPOS="766" WIDTH="11"/>
						<String ID="P149_ST00114" HPOS="906" VPOS="742" WIDTH="38" HEIGHT="17" CONTENT="us." WC="1.00" CC="000"/>
					</TextLine>
				</TextBlock>
				<TextBlock ID="P149_TB00005" HPOS="81" VPOS="779" WIDTH="931" HEIGHT="551" STYLEREFS="TXT_0 PAR_LEFT">
					<TextLine ID="P149_TL00015" HPOS="120" VPOS="780" WIDTH="888" HEIGHT="35">
						<String ID="P149_ST00115" HPOS="120" VPOS="780" WIDTH="61" HEIGHT="25" CONTENT="The" WC="0.80" CC="320"/>
						<SP ID="P149_SP00098" HPOS="181" VPOS="805" WIDTH="28"/>
						<String ID="P149_ST00116" HPOS="209" VPOS="789" WIDTH="61" HEIGHT="16" CONTENT="new" WC="1.00" CC="000"/>
						<SP ID="P149_SP00099" HPOS="270" VPOS="805" WIDTH="26"/>
						<String ID="P149_ST00117" HPOS="296" VPOS="780" WIDTH="93" HEIGHT="34" CONTENT="judge," WC="0.93" CC="000004"/>
						<SP ID="P149_SP00100" HPOS="389" VPOS="814" WIDTH="22"/>
						<String ID="P149_ST00118" HPOS="411" VPOS="780" WIDTH="129" HEIGHT="31" CONTENT="Percival," WC="0.81" CC="600060040"/>
						<SP ID="P149_SP00101" HPOS="540" VPOS="814" WIDTH="28"/>
						<String ID="P149_ST00119" HPOS="568" VPOS="789" WIDTH="55" HEIGHT="17" CONTENT="was" WC="1.00" CC="000"/>
						<SP ID="P149_SP00102" HPOS="623" VPOS="814" WIDTH="31"/>
						<String ID="P149_ST00120" HPOS="654" VPOS="789" WIDTH="16" HEIGHT="17" CONTENT="a" WC="1.00" CC="0"/>
						<SP ID="P149_SP00103" HPOS="670" VPOS="814" WIDTH="25"/>
						<String ID="P149_ST00121" HPOS="695" VPOS="789" WIDTH="77" HEIGHT="26" CONTENT="grass" WC="0.89" CC="05000"/>
						<SP ID="P149_SP00104" HPOS="772" VPOS="815" WIDTH="22"/>
						<String ID="P149_ST00122" HPOS="794" VPOS="781" WIDTH="134" HEIGHT="31" CONTENT="widower," WC="0.90" CC="05000020"/>
						<SP ID="P149_SP00105" HPOS="928" VPOS="815" WIDTH="25"/>
						<String ID="P149_ST00123" HPOS="953" VPOS="781" WIDTH="55" HEIGHT="25" CONTENT="and" WC="0.62" CC="047"/>
					</TextLine>
					<TextLine ID="P149_TL00016" HPOS="82" VPOS="827" WIDTH="927" HEIGHT="26">
						<String ID="P149_ST00124" HPOS="82" VPOS="827" WIDTH="86" HEIGHT="26" CONTENT="asked" WC="1.00" CC="00000"/>
						<SP ID="P149_SP00106" HPOS="168" VPOS="853" WIDTH="27"/>
						<String ID="P149_ST00125" HPOS="195" VPOS="836" WIDTH="45" HEIGHT="17" CONTENT="me" WC="0.91" CC="10"/>
						<SP ID="P149_SP00107" HPOS="240" VPOS="853" WIDTH="26"/>
						<String ID="P149_ST00126" HPOS="266" VPOS="831" WIDTH="29" HEIGHT="22" CONTENT="to" WC="1.00" CC="00"/>
						<SP ID="P149_SP00108" HPOS="295" VPOS="853" WIDTH="24"/>
						<String ID="P149_ST00127" HPOS="319" VPOS="827" WIDTH="83" HEIGHT="26" CONTENT="chum" WC="0.76" CC="0620"/>
						<SP ID="P149_SP00109" HPOS="402" VPOS="853" WIDTH="22"/>
						<String ID="P149_ST00128" HPOS="424" VPOS="827" WIDTH="66" HEIGHT="26" CONTENT="with" WC="0.92" CC="0300"/>
						<SP ID="P149_SP00110" HPOS="490" VPOS="853" WIDTH="21"/>
						<String ID="P149_ST00129" HPOS="511" VPOS="827" WIDTH="57" HEIGHT="26" CONTENT="him" WC="1.00" CC="000"/>
						<SP ID="P149_SP00111" HPOS="568" VPOS="853" WIDTH="25"/>
						<String ID="P149_ST00130" HPOS="593" VPOS="828" WIDTH="26" HEIGHT="25" CONTENT="in" WC="0.86" CC="02"/>
						<SP ID="P149_SP00112" HPOS="619" VPOS="853" WIDTH="25"/>
						<String ID="P149_ST00131" HPOS="644" VPOS="827" WIDTH="42" HEIGHT="26" CONTENT="his" WC="0.80" CC="500"/>
						<SP ID="P149_SP00113" HPOS="686" VPOS="853" WIDTH="19"/>
						<String ID="P149_ST00132" HPOS="705" VPOS="827" WIDTH="86" HEIGHT="26" CONTENT="house" WC="0.88" CC="30200"/>
						<SP ID="P149_SP00114" HPOS="791" VPOS="853" WIDTH="21"/>
						<String ID="P149_ST00133" HPOS="812" VPOS="837" WIDTH="36" HEIGHT="16" CONTENT="on" WC="1.00" CC="00"/>
						<SP ID="P149_SP00115" HPOS="848" VPOS="853" WIDTH="24"/>
						<String ID="P149_ST00134" HPOS="872" VPOS="827" WIDTH="47" HEIGHT="26" CONTENT="the" WC="0.91" CC="020"/>
						<SP ID="P149_SP00116" HPOS="919" VPOS="853" WIDTH="21"/>
						<String ID="P149_ST00135" HPOS="940" VPOS="827" WIDTH="69" HEIGHT="26" CONTENT="lake." WC="0.89" CC="40000"/>
					</TextLine>
					<TextLine ID="P149_TL00017" HPOS="82" VPOS="874" WIDTH="924" HEIGHT="34">
						<String ID="P149_ST00136" HPOS="82" VPOS="875" WIDTH="126" HEIGHT="26" CONTENT="Bertram" WC="0.91" CC="5000000"/>
						<SP ID="P149_SP00117" HPOS="208" VPOS="901" WIDTH="14"/>
						<String ID="P149_ST00137" HPOS="222" VPOS="883" WIDTH="56" HEIGHT="17" CONTENT="was" WC="1.00" CC="000"/>
						<SP ID="P149_SP00118" HPOS="278" VPOS="901" WIDTH="14"/>
						<String ID="P149_ST00138" HPOS="292" VPOS="879" WIDTH="49" HEIGHT="21" CONTENT="not" WC="0.99" CC="000"/>
						<SP ID="P149_SP00119" HPOS="341" VPOS="901" WIDTH="22"/>
						<String ID="P149_ST00139" HPOS="363" VPOS="878" WIDTH="29" HEIGHT="22" CONTENT="to" WC="1.00" CC="00"/>
						<SP ID="P149_SP00120" HPOS="392" VPOS="901" WIDTH="22"/>
						<String ID="P149_ST00140" HPOS="414" VPOS="879" WIDTH="93" HEIGHT="21" CONTENT="return" WC="0.81" CC="230500"/>
						<SP ID="P149_SP00121" HPOS="507" VPOS="901" WIDTH="23"/>
						<String ID="P149_ST00141" HPOS="530" VPOS="879" WIDTH="30" HEIGHT="22" CONTENT="to" WC="1.00" CC="00"/>
						<SP ID="P149_SP00122" HPOS="560" VPOS="901" WIDTH="21"/>
						<String ID="P149_ST00142" HPOS="581" VPOS="875" WIDTH="211" HEIGHT="33" CONTENT="Mozufferpore," WC="0.96" CC="0002000000002"/>
						<SP ID="P149_SP00123" HPOS="792" VPOS="908" WIDTH="15"/>
						<String ID="P149_ST00143" HPOS="807" VPOS="874" WIDTH="104" HEIGHT="34" CONTENT="having" WC="0.96" CC="200000"/>
						<SP ID="P149_SP00124" HPOS="911" VPOS="908" WIDTH="23"/>
						<String ID="P149_ST00144" HPOS="934" VPOS="875" WIDTH="72" HEIGHT="25" CONTENT="been" WC="1.00" CC="0000"/>
					</TextLine>
					<TextLine ID="P149_TL00018" HPOS="82" VPOS="921" WIDTH="929" HEIGHT="35">
						<String ID="P149_ST00145" HPOS="82" VPOS="922" WIDTH="154" HEIGHT="34" CONTENT="appointed" WC="1.00" CC="000000000"/>
						<SP ID="P149_SP00125" HPOS="236" VPOS="956" WIDTH="20"/>
						<String ID="P149_ST00146" HPOS="256" VPOS="931" WIDTH="16" HEIGHT="16" CONTENT="a" WC="0.66" CC="3"/>
						<SP ID="P149_SP00126" HPOS="272" VPOS="956" WIDTH="21"/>
						<String ID="P149_ST00147" HPOS="293" VPOS="925" WIDTH="59" HEIGHT="22" CONTENT="sort" WC="0.95" CC="0010"/>
						<SP ID="P149_SP00127" HPOS="352" VPOS="956" WIDTH="21"/>
						<String ID="P149_ST00148" HPOS="373" VPOS="922" WIDTH="32" HEIGHT="25" CONTENT="of" WC="1.00" CC="00"/>
						<SP ID="P149_SP00128" HPOS="405" VPOS="956" WIDTH="19"/>
						<String ID="P149_ST00149" HPOS="424" VPOS="923" WIDTH="98" HEIGHT="33" CONTENT="roving" WC="0.88" CC="000600"/>
						<SP ID="P149_SP00129" HPOS="522" VPOS="956" WIDTH="21"/>
						<String ID="P149_ST00150" HPOS="543" VPOS="922" WIDTH="91" HEIGHT="33" CONTENT="Judge" WC="1.00" CC="00000"/>
						<SP ID="P149_SP00130" HPOS="634" VPOS="956" WIDTH="15"/>
						<String ID="P149_ST00151" HPOS="649" VPOS="926" WIDTH="29" HEIGHT="21" CONTENT="to" WC="0.94" CC="01"/>
						<SP ID="P149_SP00131" HPOS="678" VPOS="956" WIDTH="22"/>
						<String ID="P149_ST00152" HPOS="700" VPOS="922" WIDTH="36" HEIGHT="25" CONTENT="do" WC="1.00" CC="00"/>
						<SP ID="P149_SP00132" HPOS="736" VPOS="956" WIDTH="14"/>
						<String ID="P149_ST00153" HPOS="750" VPOS="921" WIDTH="76" HEIGHT="26" CONTENT="work" WC="0.68" CC="9020"/>
						<SP ID="P149_SP00133" HPOS="826" VPOS="956" WIDTH="14"/>
						<String ID="P149_ST00154" HPOS="840" VPOS="922" WIDTH="27" HEIGHT="25" CONTENT="in" WC="0.88" CC="20"/>
						<SP ID="P149_SP00134" HPOS="867" VPOS="956" WIDTH="23"/>
						<String ID="P149_ST00155" HPOS="890" VPOS="922" WIDTH="121" HEIGHT="25" CONTENT="districts" WC="0.79" CC="000214090"/>
					</TextLine>
					<TextLine ID="P149_TL00019" HPOS="82" VPOS="969" WIDTH="930" HEIGHT="31">
						<String ID="P149_ST00156" HPOS="82" VPOS="969" WIDTH="62" HEIGHT="25" CONTENT="that" WC="0.98" CC="0000"/>
						<SP ID="P149_SP00135" HPOS="144" VPOS="994" WIDTH="14"/>
						<String ID="P149_ST00157" HPOS="158" VPOS="969" WIDTH="55" HEIGHT="25" CONTENT="had" WC="1.00" CC="000"/>
						<SP ID="P149_SP00136" HPOS="213" VPOS="994" WIDTH="15"/>
						<String ID="P149_ST00158" HPOS="228" VPOS="969" WIDTH="83" HEIGHT="25" CONTENT="fallen" WC="0.88" CC="000105"/>
						<SP ID="P149_SP00137" HPOS="311" VPOS="994" WIDTH="25"/>
						<String ID="P149_ST00159" HPOS="336" VPOS="969" WIDTH="60" HEIGHT="25" CONTENT="into" WC="0.83" CC="5000"/>
						<SP ID="P149_SP00138" HPOS="396" VPOS="994" WIDTH="20"/>
						<String ID="P149_ST00160" HPOS="416" VPOS="977" WIDTH="99" HEIGHT="23" CONTENT="arrear," WC="0.92" CC="0000022"/>
						<SP ID="P149_SP00139" HPOS="515" VPOS="1000" WIDTH="15"/>
						<String ID="P149_ST00161" HPOS="530" VPOS="969" WIDTH="55" HEIGHT="25" CONTENT="and" WC="0.84" CC="040"/>
						<SP ID="P149_SP00140" HPOS="585" VPOS="1000" WIDTH="22"/>
						<String ID="P149_ST00162" HPOS="607" VPOS="969" WIDTH="56" HEIGHT="25" CONTENT="had" WC="1.00" CC="000"/>
						<SP ID="P149_SP00141" HPOS="663" VPOS="1000" WIDTH="23"/>
						<String ID="P149_ST00163" HPOS="686" VPOS="972" WIDTH="62" HEIGHT="22" CONTENT="sent" WC="0.85" CC="0050"/>
						<SP ID="P149_SP00142" HPOS="748" VPOS="1000" WIDTH="24"/>
						<String ID="P149_ST00164" HPOS="772" VPOS="969" WIDTH="177" HEIGHT="25" CONTENT="instructions" WC="0.90" CC="500100005000"/>
						<SP ID="P149_SP00143" HPOS="949" VPOS="1000" WIDTH="22"/>
						<String ID="P149_ST00165" HPOS="971" VPOS="969" WIDTH="41" HEIGHT="25" CONTENT="for" WC="0.89" CC="030"/>
					</TextLine>
					<TextLine ID="P149_TL00020" HPOS="82" VPOS="1015" WIDTH="929" HEIGHT="34">
						<String ID="P149_ST00166" HPOS="82" VPOS="1017" WIDTH="49" HEIGHT="25" CONTENT="the" WC="1.00" CC="000"/>
						<SP ID="P149_SP00144" HPOS="131" VPOS="1042" WIDTH="14"/>
						<String ID="P149_ST00167" HPOS="145" VPOS="1016" WIDTH="58" HEIGHT="26" CONTENT="sale" WC="0.96" CC="0010"/>
						<SP ID="P149_SP00145" HPOS="203" VPOS="1042" WIDTH="14"/>
						<String ID="P149_ST00168" HPOS="217" VPOS="1016" WIDTH="31" HEIGHT="25" CONTENT="of" WC="1.00" CC="00"/>
						<SP ID="P149_SP00146" HPOS="248" VPOS="1042" WIDTH="19"/>
						<String ID="P149_ST00169" HPOS="267" VPOS="1016" WIDTH="41" HEIGHT="25" CONTENT="his" WC="1.00" CC="000"/>
						<SP ID="P149_SP00147" HPOS="308" VPOS="1042" WIDTH="15"/>
						<String ID="P149_ST00170" HPOS="323" VPOS="1016" WIDTH="89" HEIGHT="33" CONTENT="goods" WC="1.00" CC="00000"/>
						<SP ID="P149_SP00148" HPOS="412" VPOS="1049" WIDTH="14"/>
						<String ID="P149_ST00171" HPOS="426" VPOS="1016" WIDTH="55" HEIGHT="25" CONTENT="and" WC="1.00" CC="000"/>
						<SP ID="P149_SP00149" HPOS="481" VPOS="1049" WIDTH="21"/>
						<String ID="P149_ST00172" HPOS="502" VPOS="1015" WIDTH="119" HEIGHT="26" CONTENT="chattels" WC="0.90" CC="02000050"/>
						<SP ID="P149_SP00150" HPOS="621" VPOS="1049" WIDTH="13"/>
						<String ID="P149_ST00173" HPOS="634" VPOS="1024" WIDTH="6" HEIGHT="23" CONTENT=";" WC="0.94" CC="0"/>
						<SP ID="P149_SP00151" HPOS="640" VPOS="1049" WIDTH="21"/>
						<String ID="P149_ST00174" HPOS="661" VPOS="1024" WIDTH="30" HEIGHT="17" CONTENT="so" WC="1.00" CC="00"/>
						<SP ID="P149_SP00152" HPOS="691" VPOS="1049" WIDTH="23"/>
						<String ID="P149_ST00175" HPOS="714" VPOS="1015" WIDTH="61" HEIGHT="26" CONTENT="that" WC="0.88" CC="0400"/>
						<SP ID="P149_SP00153" HPOS="775" VPOS="1049" WIDTH="14"/>
						<String ID="P149_ST00176" HPOS="789" VPOS="1015" WIDTH="55" HEIGHT="26" CONTENT="this" WC="0.85" CC="0500"/>
						<SP ID="P149_SP00154" HPOS="844" VPOS="1049" WIDTH="21"/>
						<String ID="P149_ST00177" HPOS="865" VPOS="1015" WIDTH="68" HEIGHT="26" CONTENT="offer" WC="0.94" CC="20000"/>
						<SP ID="P149_SP00155" HPOS="933" VPOS="1049" WIDTH="21"/>
						<String ID="P149_ST00178" HPOS="954" VPOS="1024" WIDTH="57" HEIGHT="17" CONTENT="was" WC="0.81" CC="050"/>
					</TextLine>
					<TextLine ID="P149_TL00021" HPOS="84" VPOS="1063" WIDTH="928" HEIGHT="33">
						<String ID="P149_ST00179" HPOS="84" VPOS="1068" WIDTH="74" HEIGHT="21" CONTENT="most" WC="1.00" CC="0000"/>
						<SP ID="P149_SP00156" HPOS="158" VPOS="1089" WIDTH="26"/>
						<String ID="P149_ST00180" HPOS="184" VPOS="1063" WIDTH="169" HEIGHT="33" CONTENT="acceptable," WC="0.96" CC="00000000004"/>
						<SP ID="P149_SP00157" HPOS="353" VPOS="1096" WIDTH="25"/>
						<String ID="P149_ST00181" HPOS="378" VPOS="1063" WIDTH="47" HEIGHT="25" CONTENT="the" WC="1.00" CC="000"/>
						<SP ID="P149_SP00158" HPOS="425" VPOS="1096" WIDTH="24"/>
						<String ID="P149_ST00182" HPOS="449" VPOS="1071" WIDTH="77" HEIGHT="18" CONTENT="more" WC="1.00" CC="0000"/>
						<SP ID="P149_SP00159" HPOS="526" VPOS="1096" WIDTH="21"/>
						<String ID="P149_ST00183" HPOS="547" VPOS="1071" WIDTH="31" HEIGHT="17" CONTENT="so" WC="1.00" CC="00"/>
						<SP ID="P149_SP00160" HPOS="578" VPOS="1096" WIDTH="23"/>
						<String ID="P149_ST00184" HPOS="601" VPOS="1071" WIDTH="30" HEIGHT="17" CONTENT="as" WC="0.61" CC="70"/>
						<SP ID="P149_SP00161" HPOS="631" VPOS="1096" WIDTH="29"/>
						<String ID="P149_ST00185" HPOS="660" VPOS="1063" WIDTH="121" HEIGHT="25" CONTENT="Percival" WC="0.83" CC="61014000"/>
						<SP ID="P149_SP00162" HPOS="781" VPOS="1096" WIDTH="27"/>
						<String ID="P149_ST00186" HPOS="808" VPOS="1071" WIDTH="55" HEIGHT="17" CONTENT="was" WC="1.00" CC="000"/>
						<SP ID="P149_SP00163" HPOS="863" VPOS="1096" WIDTH="28"/>
						<String ID="P149_ST00187" HPOS="891" VPOS="1063" WIDTH="59" HEIGHT="25" CONTENT="also" WC="0.88" CC="0400"/>
						<SP ID="P149_SP00164" HPOS="950" VPOS="1096" WIDTH="26"/>
						<String ID="P149_ST00188" HPOS="976" VPOS="1071" WIDTH="36" HEIGHT="17" CONTENT="an" WC="1.00" CC="00"/>
					</TextLine>
					<TextLine ID="P149_TL00022" HPOS="87" VPOS="1109" WIDTH="925" HEIGHT="35">
						<String ID="P149_ST00189" HPOS="87" VPOS="1110" WIDTH="131" HEIGHT="30" CONTENT="Etonian," WC="0.94" CC="00013000"/>
						<SP ID="P149_SP00165" HPOS="218" VPOS="1140" WIDTH="20"/>
						<String ID="P149_ST00190" HPOS="238" VPOS="1110" WIDTH="55" HEIGHT="25" CONTENT="and" WC="0.98" CC="000"/>
						<SP ID="P149_SP00166" HPOS="293" VPOS="1140" WIDTH="22"/>
						<String ID="P149_ST00191" HPOS="315" VPOS="1118" WIDTH="36" HEIGHT="17" CONTENT="an" WC="1.00" CC="00"/>
						<SP ID="P149_SP00167" HPOS="351" VPOS="1140" WIDTH="22"/>
						<String ID="P149_ST00192" HPOS="373" VPOS="1109" WIDTH="186" HEIGHT="35" CONTENT="exceedingly" WC="0.86" CC="00000550040"/>
						<SP ID="P149_SP00168" HPOS="559" VPOS="1144" WIDTH="16"/>
						<String ID="P149_ST00193" HPOS="575" VPOS="1110" WIDTH="136" HEIGHT="34" CONTENT="pleasant," WC="0.94" CC="020000002"/>
						<SP ID="P149_SP00169" HPOS="711" VPOS="1144" WIDTH="25"/>
						<String ID="P149_ST00194" HPOS="736" VPOS="1110" WIDTH="104" HEIGHT="25" CONTENT="refined" WC="0.91" CC="0033000"/>
						<SP ID="P149_SP00170" HPOS="840" VPOS="1144" WIDTH="23"/>
						<String ID="P149_ST00195" HPOS="863" VPOS="1118" WIDTH="71" HEIGHT="23" CONTENT="man," WC="0.93" CC="0011"/>
						<SP ID="P149_SP00171" HPOS="934" VPOS="1144" WIDTH="24"/>
						<String ID="P149_ST00196" HPOS="958" VPOS="1110" WIDTH="54" HEIGHT="25" CONTENT="and" WC="1.00" CC="000"/>
					</TextLine>
					<TextLine ID="P149_TL00023" HPOS="85" VPOS="1157" WIDTH="927" HEIGHT="34">
						<String ID="P149_ST00197" HPOS="85" VPOS="1157" WIDTH="124" HEIGHT="26" CONTENT="musical." WC="1.00" CC="00000000"/>
						<SP ID="P149_SP00172" HPOS="209" VPOS="1183" WIDTH="41"/>
						<String ID="P149_ST00198" HPOS="250" VPOS="1157" WIDTH="51" HEIGHT="33" CONTENT="My" WC="1.00" CC="00"/>
						<SP ID="P149_SP00173" HPOS="301" VPOS="1190" WIDTH="18"/>
						<String ID="P149_ST00199" HPOS="319" VPOS="1166" WIDTH="61" HEIGHT="17" CONTENT="own" WC="0.98" CC="000"/>
						<SP ID="P149_SP00174" HPOS="380" VPOS="1190" WIDTH="15"/>
						<String ID="P149_ST00200" HPOS="395" VPOS="1157" WIDTH="167" HEIGHT="34" CONTENT="belongings" WC="0.88" CC="0040100600"/>
						<SP ID="P149_SP00175" HPOS="562" VPOS="1191" WIDTH="14"/>
						<String ID="P149_ST00201" HPOS="576" VPOS="1166" WIDTH="70" HEIGHT="17" CONTENT="were" WC="1.00" CC="0000"/>
						<SP ID="P149_SP00176" HPOS="646" VPOS="1191" WIDTH="14"/>
						<String ID="P149_ST00202" HPOS="660" VPOS="1166" WIDTH="68" HEIGHT="24" CONTENT="very" WC="1.00" CC="0000"/>
						<SP ID="P149_SP00177" HPOS="728" VPOS="1191" WIDTH="12"/>
						<String ID="P149_ST00203" HPOS="740" VPOS="1166" WIDTH="70" HEIGHT="17" CONTENT="soon" WC="0.94" CC="0002"/>
						<SP ID="P149_SP00178" HPOS="810" VPOS="1191" WIDTH="15"/>
						<String ID="P149_ST00204" HPOS="825" VPOS="1157" WIDTH="100" HEIGHT="26" CONTENT="moved" WC="1.00" CC="00000"/>
						<SP ID="P149_SP00179" HPOS="925" VPOS="1191" WIDTH="12"/>
						<String ID="P149_ST00205" HPOS="937" VPOS="1167" WIDTH="5" HEIGHT="23" CONTENT=";" WC="1.00" CC="0"/>
						<SP ID="P149_SP00180" HPOS="942" VPOS="1191" WIDTH="15"/>
						<String ID="P149_ST00206" HPOS="957" VPOS="1157" WIDTH="55" HEIGHT="27" CONTENT="and" WC="1.00" CC="000"/>
					</TextLine>
					<TextLine ID="P149_TL00024" HPOS="85" VPOS="1204" WIDTH="927" HEIGHT="34">
						<String ID="P149_ST00207" HPOS="85" VPOS="1204" WIDTH="71" HEIGHT="26" CONTENT="after" WC="1.00" CC="00000"/>
						<SP ID="P149_SP00181" HPOS="156" VPOS="1230" WIDTH="27"/>
						<String ID="P149_ST00208" HPOS="183" VPOS="1204" WIDTH="47" HEIGHT="25" CONTENT="the" WC="1.00" CC="000"/>
						<SP ID="P149_SP00182" HPOS="230" VPOS="1230" WIDTH="23"/>
						<String ID="P149_ST00209" HPOS="253" VPOS="1204" WIDTH="123" HEIGHT="34" CONTENT="disposal" WC="0.86" CC="05500000"/>
						<SP ID="P149_SP00183" HPOS="376" VPOS="1238" WIDTH="25"/>
						<String ID="P149_ST00210" HPOS="401" VPOS="1204" WIDTH="30" HEIGHT="25" CONTENT="of" WC="1.00" CC="00"/>
						<SP ID="P149_SP00184" HPOS="431" VPOS="1238" WIDTH="29"/>
						<String ID="P149_ST00211" HPOS="460" VPOS="1204" WIDTH="148" HEIGHT="25" CONTENT="Bertram's" WC="0.89" CC="100000440"/>
						<SP ID="P149_SP00185" HPOS="608" VPOS="1238" WIDTH="27"/>
						<String ID="P149_ST00212" HPOS="635" VPOS="1204" WIDTH="102" HEIGHT="31" CONTENT="effects," WC="0.86" CC="00800002"/>
						<SP ID="P149_SP00186" HPOS="737" VPOS="1238" WIDTH="24"/>
						<String ID="P149_ST00213" HPOS="761" VPOS="1204" WIDTH="88" HEIGHT="26" CONTENT="which" WC="0.73" CC="02514"/>
						<SP ID="P149_SP00187" HPOS="849" VPOS="1238" WIDTH="27"/>
						<String ID="P149_ST00214" HPOS="876" VPOS="1212" WIDTH="69" HEIGHT="26" CONTENT="gave" WC="1.00" CC="0000"/>
						<SP ID="P149_SP00188" HPOS="945" VPOS="1238" WIDTH="25"/>
						<String ID="P149_ST00215" HPOS="970" VPOS="1213" WIDTH="42" HEIGHT="16" CONTENT="me" WC="0.52" CC="90"/>
					</TextLine>
					<TextLine ID="P149_TL00025" HPOS="85" VPOS="1251" WIDTH="927" HEIGHT="34">
						<String ID="P149_ST00216" HPOS="85" VPOS="1251" WIDTH="168" HEIGHT="34" CONTENT="occupation" WC="0.94" CC="0000000500"/>
						<SP ID="P149_SP00189" HPOS="253" VPOS="1285" WIDTH="24"/>
						<String ID="P149_ST00217" HPOS="277" VPOS="1251" WIDTH="41" HEIGHT="26" CONTENT="for" WC="0.79" CC="501"/>
						<SP ID="P149_SP00190" HPOS="318" VPOS="1285" WIDTH="22"/>
						<String ID="P149_ST00218" HPOS="340" VPOS="1260" WIDTH="15" HEIGHT="17" CONTENT="a" WC="1.00" CC="0"/>
						<SP ID="P149_SP00191" HPOS="355" VPOS="1285" WIDTH="24"/>
						<String ID="P149_ST00219" HPOS="379" VPOS="1251" WIDTH="98" HEIGHT="26" CONTENT="month" WC="0.78" CC="50202"/>
						<SP ID="P149_SP00192" HPOS="477" VPOS="1285" WIDTH="20"/>
						<String ID="P149_ST00220" HPOS="497" VPOS="1260" WIDTH="31" HEIGHT="17" CONTENT="or" WC="1.00" CC="00"/>
						<SP ID="P149_SP00193" HPOS="528" VPOS="1285" WIDTH="21"/>
						<String ID="P149_ST00221" HPOS="549" VPOS="1260" WIDTH="37" HEIGHT="23" CONTENT="so," WC="1.00" CC="000"/>
						<SP ID="P149_SP00194" HPOS="586" VPOS="1285" WIDTH="27"/>
						<String ID="P149_ST00222" HPOS="613" VPOS="1251" WIDTH="12" HEIGHT="26" CONTENT="I" WC="1.00" CC="0"/>
						<SP ID="P149_SP00195" HPOS="625" VPOS="1285" WIDTH="24"/>
						<String ID="P149_ST00223" HPOS="649" VPOS="1251" WIDTH="140" HEIGHT="34" CONTENT="regularly" WC="0.85" CC="309000000"/>
						<SP ID="P149_SP00196" HPOS="789" VPOS="1285" WIDTH="21"/>
						<String ID="P149_ST00224" HPOS="810" VPOS="1251" WIDTH="101" HEIGHT="26" CONTENT="settled" WC="0.89" CC="0030400"/>
						<SP ID="P149_SP00197" HPOS="911" VPOS="1285" WIDTH="21"/>
						<String ID="P149_ST00225" HPOS="932" VPOS="1251" WIDTH="80" HEIGHT="26" CONTENT="down" WC="0.77" CC="0090"/>
					</TextLine>
					<TextLine ID="P149_TL00026" HPOS="86" VPOS="1298" WIDTH="653" HEIGHT="32">
						<String ID="P149_ST00226" HPOS="86" VPOS="1300" WIDTH="41" HEIGHT="24" CONTENT="for" WC="0.85" CC="040"/>
						<SP ID="P149_SP00198" HPOS="127" VPOS="1324" WIDTH="15"/>
						<String ID="P149_ST00227" HPOS="142" VPOS="1299" WIDTH="47" HEIGHT="25" CONTENT="the" WC="0.85" CC="040"/>
						<SP ID="P149_SP00199" HPOS="189" VPOS="1324" WIDTH="14"/>
						<String ID="P149_ST00228" HPOS="203" VPOS="1299" WIDTH="100" HEIGHT="31" CONTENT="dreary" WC="1.00" CC="000000"/>
						<SP ID="P149_SP00200" HPOS="303" VPOS="1330" WIDTH="15"/>
						<String ID="P149_ST00229" HPOS="318" VPOS="1298" WIDTH="112" HEIGHT="26" CONTENT="dulness" WC="0.99" CC="0000000"/>
						<SP ID="P149_SP00201" HPOS="430" VPOS="1330" WIDTH="15"/>
						<String ID="P149_ST00230" HPOS="445" VPOS="1298" WIDTH="31" HEIGHT="25" CONTENT="of" WC="0.78" CC="40"/>
						<SP ID="P149_SP00202" HPOS="476" VPOS="1330" WIDTH="10"/>
						<String ID="P149_ST00231" HPOS="486" VPOS="1298" WIDTH="48" HEIGHT="26" CONTENT="the" WC="1.00" CC="000"/>
						<SP ID="P149_SP00203" HPOS="534" VPOS="1330" WIDTH="13"/>
						<String ID="P149_ST00232" HPOS="547" VPOS="1298" WIDTH="50" HEIGHT="26" CONTENT="hot" WC="0.77" CC="600"/>
						<SP ID="P149_SP00204" HPOS="597" VPOS="1330" WIDTH="15"/>
						<String ID="P149_ST00233" HPOS="612" VPOS="1299" WIDTH="127" HEIGHT="25" CONTENT="weather." WC="1.00" CC="00000000"/>
					</TextLine>
				</TextBlock>
				<TextBlock ID="P149_TB00006" HPOS="80" VPOS="1345" WIDTH="934" HEIGHT="269" STYLEREFS="TXT_0 PAR_LEFT">
					<TextLine ID="P149_TL00027" HPOS="124" VPOS="1345" WIDTH="890" HEIGHT="35">
						<String ID="P149_ST00234" HPOS="124" VPOS="1346" WIDTH="52" HEIGHT="33" CONTENT="My" WC="1.00" CC="00"/>
						<SP ID="P149_SP00205" HPOS="176" VPOS="1379" WIDTH="18"/>
						<String ID="P149_ST00235" HPOS="194" VPOS="1345" WIDTH="77" HEIGHT="26" CONTENT="work" WC="0.78" CC="8000"/>
						<SP ID="P149_SP00206" HPOS="271" VPOS="1379" WIDTH="13"/>
						<String ID="P149_ST00236" HPOS="284" VPOS="1354" WIDTH="55" HEIGHT="17" CONTENT="was" WC="0.79" CC="600"/>
						<SP ID="P149_SP00207" HPOS="339" VPOS="1379" WIDTH="14"/>
						<String ID="P149_ST00237" HPOS="353" VPOS="1349" WIDTH="49" HEIGHT="22" CONTENT="not" WC="0.80" CC="500"/>
						<SP ID="P149_SP00208" HPOS="402" VPOS="1379" WIDTH="22"/>
						<String ID="P149_ST00238" HPOS="424" VPOS="1345" WIDTH="137" HEIGHT="27" CONTENT="sufficient" WC="0.75" CC="0354406000"/>
						<SP ID="P149_SP00209" HPOS="561" VPOS="1379" WIDTH="14"/>
						<String ID="P149_ST00239" HPOS="575" VPOS="1350" WIDTH="31" HEIGHT="22" CONTENT="to" WC="1.00" CC="00"/>
						<SP ID="P149_SP00210" HPOS="606" VPOS="1379" WIDTH="22"/>
						<String ID="P149_ST00240" HPOS="628" VPOS="1355" WIDTH="107" HEIGHT="25" CONTENT="occupy" WC="1.00" CC="000000"/>
						<SP ID="P149_SP00211" HPOS="735" VPOS="1380" WIDTH="21"/>
						<String ID="P149_ST00241" HPOS="756" VPOS="1355" WIDTH="45" HEIGHT="17" CONTENT="me" WC="1.00" CC="00"/>
						<SP ID="P149_SP00212" HPOS="801" VPOS="1380" WIDTH="23"/>
						<String ID="P149_ST00242" HPOS="824" VPOS="1345" WIDTH="42" HEIGHT="27" CONTENT="for" WC="0.84" CC="300"/>
						<SP ID="P149_SP00213" HPOS="866" VPOS="1380" WIDTH="21"/>
						<String ID="P149_ST00243" HPOS="887" VPOS="1345" WIDTH="47" HEIGHT="27" CONTENT="the" WC="0.76" CC="070"/>
						<SP ID="P149_SP00214" HPOS="934" VPOS="1380" WIDTH="14"/>
						<String ID="P149_ST00244" HPOS="948" VPOS="1346" WIDTH="66" HEIGHT="34" CONTENT="long" WC="0.63" CC="4009"/>
					</TextLine>
					<TextLine ID="P149_TL00028" HPOS="82" VPOS="1393" WIDTH="929" HEIGHT="34">
						<String ID="P149_ST00245" HPOS="82" VPOS="1394" WIDTH="77" HEIGHT="33" CONTENT="days." WC="1.00" CC="00000"/>
						<SP ID="P149_SP00215" HPOS="159" VPOS="1427" WIDTH="43"/>
						<String ID="P149_ST00246" HPOS="202" VPOS="1393" WIDTH="112" HEIGHT="31" CONTENT="Indeed," WC="0.99" CC="0000000"/>
						<SP ID="P149_SP00216" HPOS="314" VPOS="1427" WIDTH="16"/>
						<String ID="P149_ST00247" HPOS="330" VPOS="1401" WIDTH="35" HEIGHT="17" CONTENT="on" WC="0.67" CC="06"/>
						<SP ID="P149_SP00217" HPOS="365" VPOS="1427" WIDTH="15"/>
						<String ID="P149_ST00248" HPOS="380" VPOS="1401" WIDTH="34" HEIGHT="17" CONTENT="an" WC="1.00" CC="00"/>
						<SP ID="P149_SP00218" HPOS="414" VPOS="1427" WIDTH="16"/>
						<String ID="P149_ST00249" HPOS="430" VPOS="1402" WIDTH="124" HEIGHT="25" CONTENT="average," WC="0.94" CC="00400000"/>
						<SP ID="P149_SP00219" HPOS="554" VPOS="1427" WIDTH="21"/>
						<String ID="P149_ST00250" HPOS="575" VPOS="1394" WIDTH="12" HEIGHT="25" CONTENT="I" WC="1.00" CC="0"/>
						<SP ID="P149_SP00220" HPOS="587" VPOS="1427" WIDTH="21"/>
						<String ID="P149_ST00251" HPOS="608" VPOS="1394" WIDTH="48" HEIGHT="25" CONTENT="did" WC="1.00" CC="000"/>
						<SP ID="P149_SP00221" HPOS="656" VPOS="1427" WIDTH="15"/>
						<String ID="P149_ST00252" HPOS="671" VPOS="1398" WIDTH="48" HEIGHT="21" CONTENT="not" WC="0.98" CC="000"/>
						<SP ID="P149_SP00222" HPOS="719" VPOS="1427" WIDTH="14"/>
						<String ID="P149_ST00253" HPOS="733" VPOS="1398" WIDTH="47" HEIGHT="29" CONTENT="get" WC="1.00" CC="000"/>
						<SP ID="P149_SP00223" HPOS="780" VPOS="1427" WIDTH="22"/>
						<String ID="P149_ST00254" HPOS="802" VPOS="1402" WIDTH="75" HEIGHT="16" CONTENT="more" WC="0.94" CC="0200"/>
						<SP ID="P149_SP00224" HPOS="877" VPOS="1427" WIDTH="15"/>
						<String ID="P149_ST00255" HPOS="892" VPOS="1393" WIDTH="68" HEIGHT="26" CONTENT="than" WC="0.94" CC="0002"/>
						<SP ID="P149_SP00225" HPOS="960" VPOS="1427" WIDTH="16"/>
						<String ID="P149_ST00256" HPOS="976" VPOS="1402" WIDTH="35" HEIGHT="17" CONTENT="an" WC="1.00" CC="00"/>
					</TextLine>
					<TextLine ID="P149_TL00029" HPOS="82" VPOS="1439" WIDTH="932" HEIGHT="35">
						<String ID="P149_ST00257" HPOS="82" VPOS="1441" WIDTH="66" HEIGHT="25" CONTENT="hout" WC="0.87" CC="0050"/>
						<SP ID="P149_SP00226" HPOS="148" VPOS="1466" WIDTH="27"/>
						<String ID="P149_ST00258" HPOS="175" VPOS="1440" WIDTH="55" HEIGHT="26" CONTENT="and" WC="0.88" CC="210"/>
						<SP ID="P149_SP00227" HPOS="230" VPOS="1466" WIDTH="23"/>
						<String ID="P149_ST00259" HPOS="253" VPOS="1449" WIDTH="17" HEIGHT="17" CONTENT="a" WC="1.00" CC="0"/>
						<SP ID="P149_SP00228" HPOS="270" VPOS="1466" WIDTH="22"/>
						<String ID="P149_ST00260" HPOS="292" VPOS="1439" WIDTH="61" HEIGHT="27" CONTENT="half" WC="1.00" CC="0000"/>
						<SP ID="P149_SP00229" HPOS="353" VPOS="1466" WIDTH="17"/>
						<String ID="P149_ST00261" HPOS="370" VPOS="1439" WIDTH="78" HEIGHT="34" CONTENT="daily" WC="0.84" CC="00610"/>
						<SP ID="P149_SP00230" HPOS="448" VPOS="1473" WIDTH="15"/>
						<String ID="P149_ST00262" HPOS="463" VPOS="1449" WIDTH="6" HEIGHT="23" CONTENT=";" WC="0.54" CC="4"/>
						<SP ID="P149_SP00231" HPOS="469" VPOS="1473" WIDTH="15"/>
						<String ID="P149_ST00263" HPOS="484" VPOS="1440" WIDTH="56" HEIGHT="26" CONTENT="and" WC="0.80" CC="050"/>
						<SP ID="P149_SP00232" HPOS="540" VPOS="1473" WIDTH="23"/>
						<String ID="P149_ST00264" HPOS="563" VPOS="1450" WIDTH="37" HEIGHT="22" CONTENT="as," WC="0.92" CC="002"/>
						<SP ID="P149_SP00233" HPOS="600" VPOS="1473" WIDTH="23"/>
						<String ID="P149_ST00265" HPOS="623" VPOS="1440" WIDTH="71" HEIGHT="26" CONTENT="until" WC="0.69" CC="34060"/>
						<SP ID="P149_SP00234" HPOS="694" VPOS="1473" WIDTH="23"/>
						<String ID="P149_ST00266" HPOS="717" VPOS="1440" WIDTH="11" HEIGHT="26" CONTENT="I" WC="1.00" CC="0"/>
						<SP ID="P149_SP00235" HPOS="728" VPOS="1473" WIDTH="26"/>
						<String ID="P149_ST00267" HPOS="754" VPOS="1440" WIDTH="100" HEIGHT="26" CONTENT="should" WC="0.70" CC="070460"/>
						<SP ID="P149_SP00236" HPOS="854" VPOS="1473" WIDTH="23"/>
						<String ID="P149_ST00268" HPOS="877" VPOS="1449" WIDTH="65" HEIGHT="25" CONTENT="pass" WC="1.00" CC="0000"/>
						<SP ID="P149_SP00237" HPOS="942" VPOS="1474" WIDTH="23"/>
						<String ID="P149_ST00269" HPOS="965" VPOS="1449" WIDTH="49" HEIGHT="24" CONTENT="my" WC="0.59" CC="80"/>
					</TextLine>
					<TextLine ID="P149_TL00030" HPOS="84" VPOS="1487" WIDTH="930" HEIGHT="34">
						<String ID="P149_ST00270" HPOS="84" VPOS="1487" WIDTH="200" HEIGHT="32" CONTENT="examination," WC="0.94" CC="060000000000"/>
						<SP ID="P149_SP00238" HPOS="284" VPOS="1519" WIDTH="15"/>
						<String ID="P149_ST00271" HPOS="299" VPOS="1487" WIDTH="48" HEIGHT="26" CONTENT="the" WC="0.91" CC="020"/>
						<SP ID="P149_SP00239" HPOS="347" VPOS="1519" WIDTH="20"/>
						<String ID="P149_ST00272" HPOS="367" VPOS="1487" WIDTH="173" HEIGHT="34" CONTENT="importance" WC="0.95" CC="4000000000"/>
						<SP ID="P149_SP00240" HPOS="540" VPOS="1521" WIDTH="19"/>
						<String ID="P149_ST00273" HPOS="559" VPOS="1488" WIDTH="55" HEIGHT="25" CONTENT="and" WC="1.00" CC="000"/>
						<SP ID="P149_SP00241" HPOS="614" VPOS="1521" WIDTH="22"/>
						<String ID="P149_ST00274" HPOS="636" VPOS="1488" WIDTH="48" HEIGHT="26" CONTENT="the" WC="0.87" CC="300"/>
						<SP ID="P149_SP00242" HPOS="684" VPOS="1521" WIDTH="21"/>
						<String ID="P149_ST00275" HPOS="705" VPOS="1496" WIDTH="67" HEIGHT="25" CONTENT="very" WC="1.00" CC="0000"/>
						<SP ID="P149_SP00243" HPOS="772" VPOS="1521" WIDTH="22"/>
						<String ID="P149_ST00276" HPOS="794" VPOS="1492" WIDTH="98" HEIGHT="21" CONTENT="nature" WC="0.94" CC="000300"/>
						<SP ID="P149_SP00244" HPOS="892" VPOS="1521" WIDTH="24"/>
						<String ID="P149_ST00277" HPOS="916" VPOS="1487" WIDTH="31" HEIGHT="25" CONTENT="of" WC="1.00" CC="00"/>
						<SP ID="P149_SP00245" HPOS="947" VPOS="1521" WIDTH="18"/>
						<String ID="P149_ST00278" HPOS="965" VPOS="1487" WIDTH="49" HEIGHT="25" CONTENT="the" WC="1.00" CC="000"/>
					</TextLine>
					<TextLine ID="P149_TL00031" HPOS="85" VPOS="1534" WIDTH="929" HEIGHT="34">
						<String ID="P149_ST00279" HPOS="85" VPOS="1543" WIDTH="76" HEIGHT="19" CONTENT="cases" WC="0.84" CC="06000"/>
						<SP ID="P149_SP00246" HPOS="161" VPOS="1562" WIDTH="16"/>
						<String ID="P149_ST00280" HPOS="177" VPOS="1535" WIDTH="12" HEIGHT="25" CONTENT="I" WC="1.00" CC="0"/>
						<SP ID="P149_SP00247" HPOS="189" VPOS="1562" WIDTH="16"/>
						<String ID="P149_ST00281" HPOS="205" VPOS="1534" WIDTH="82" HEIGHT="26" CONTENT="could" WC="0.75" CC="06140"/>
						<SP ID="P149_SP00248" HPOS="287" VPOS="1562" WIDTH="15"/>
						<String ID="P149_ST00282" HPOS="302" VPOS="1538" WIDTH="45" HEIGHT="30" CONTENT="try" WC="0.97" CC="000"/>
						<SP ID="P149_SP00249" HPOS="347" VPOS="1568" WIDTH="19"/>
						<String ID="P149_ST00283" HPOS="366" VPOS="1543" WIDTH="57" HEIGHT="17" CONTENT="was" WC="1.00" CC="000"/>
						<SP ID="P149_SP00250" HPOS="423" VPOS="1568" WIDTH="13"/>
						<String ID="P149_ST00284" HPOS="436" VPOS="1543" WIDTH="67" HEIGHT="25" CONTENT="very" WC="1.00" CC="0000"/>
						<SP ID="P149_SP00251" HPOS="503" VPOS="1568" WIDTH="14"/>
						<String ID="P149_ST00285" HPOS="517" VPOS="1534" WIDTH="114" HEIGHT="33" CONTENT="limited," WC="0.89" CC="02060000"/>
						<SP ID="P149_SP00252" HPOS="631" VPOS="1568" WIDTH="20"/>
						<String ID="P149_ST00286" HPOS="651" VPOS="1535" WIDTH="49" HEIGHT="26" CONTENT="the" WC="0.77" CC="060"/>
						<SP ID="P149_SP00253" HPOS="700" VPOS="1568" WIDTH="17"/>
						<String ID="P149_ST00287" HPOS="717" VPOS="1535" WIDTH="111" HEIGHT="25" CONTENT="endless" WC="0.99" CC="0000000"/>
						<SP ID="P149_SP00254" HPOS="828" VPOS="1568" WIDTH="16"/>
						<String ID="P149_ST00288" HPOS="844" VPOS="1537" WIDTH="13" HEIGHT="10" CONTENT='"' WC="0.72" CC="2"/>
						<SP ID="P149_SP00255" HPOS="857" VPOS="1568" WIDTH="10"/>
						<String ID="P149_ST00289" HPOS="867" VPOS="1534" WIDTH="147" HEIGHT="31" CONTENT='assaults,"' WC="0.88" CC="0000004007"/>
					</TextLine>
					<TextLine ID="P149_TL00032" HPOS="85" VPOS="1581" WIDTH="929" HEIGHT="33">
						<String ID="P149_ST00290" HPOS="85" VPOS="1582" WIDTH="93" HEIGHT="27" CONTENT="varied" WC="0.81" CC="050500"/>
						<SP ID="P149_SP00256" HPOS="178" VPOS="1609" WIDTH="24"/>
						<String ID="P149_ST00291" HPOS="202" VPOS="1582" WIDTH="67" HEIGHT="32" CONTENT="only" WC="0.48" CC="0379"/>
						<SP ID="P149_SP00257" HPOS="269" VPOS="1614" WIDTH="17"/>
						<String ID="P149_ST00292" HPOS="286" VPOS="1582" WIDTH="39" HEIGHT="32" CONTENT="by" WC="1.00" CC="00"/>
						<SP ID="P149_SP00258" HPOS="325" VPOS="1614" WIDTH="21"/>
						<String ID="P149_ST00293" HPOS="346" VPOS="1581" WIDTH="47" HEIGHT="26" CONTENT="the" WC="1.00" CC="000"/>
						<SP ID="P149_SP00259" HPOS="393" VPOS="1614" WIDTH="22"/>
						<String ID="P149_ST00294" HPOS="415" VPOS="1581" WIDTH="57" HEIGHT="26" CONTENT="still" WC="0.90" CC="00400"/>
						<SP ID="P149_SP00260" HPOS="472" VPOS="1614" WIDTH="22"/>
						<String ID="P149_ST00295" HPOS="494" VPOS="1590" WIDTH="75" HEIGHT="18" CONTENT="more" WC="1.00" CC="0000"/>
						<SP ID="P149_SP00261" HPOS="569" VPOS="1614" WIDTH="21"/>
						<String ID="P149_ST00296" HPOS="590" VPOS="1591" WIDTH="149" HEIGHT="17" CONTENT="numerous" WC="0.92" CC="20000130"/>
						<SP ID="P149_SP00262" HPOS="739" VPOS="1614" WIDTH="23"/>
						<String ID="P149_ST00297" HPOS="762" VPOS="1585" WIDTH="13" HEIGHT="10" CONTENT='"' WC="0.94" CC="0"/>
						<SP ID="P149_SP00263" HPOS="775" VPOS="1614" WIDTH="9"/>
						<String ID="P149_ST00298" HPOS="784" VPOS="1582" WIDTH="96" HEIGHT="26" CONTENT="dakhil" WC="0.86" CC="000502"/>
						<SP ID="P149_SP00264" HPOS="880" VPOS="1614" WIDTH="22"/>
						<String ID="P149_ST00299" HPOS="902" VPOS="1582" WIDTH="87" HEIGHT="32" CONTENT="kharij" WC="0.95" CC="000002"/>
						<SP ID="P149_SP00265" HPOS="989" VPOS="1614" WIDTH="15"/>
						<String ID="P149_ST00300" HPOS="1004" VPOS="1582" WIDTH="10" HEIGHT="7" CONTENT='"' WC="0.29" CC="7"/>
					</TextLine>
				</TextBlock>
			</PrintSpace>
		</Page>
	</Layout>
</alto>
