<?xml version="1.0" encoding="UTF-8"?>
<alto xmlns:xsi="http://www.w3.org/2001/XMLSchema-instance" xsi:noNamespaceSchemaLocation="http://www.bl.uk/schemas/alto/alto-1-4.xsd" xmlns:xlink="http://www.w3.org/1999/xlink">
	<Description>
		<MeasurementUnit>mm10</MeasurementUnit>
		<sourceImageInformation>
			<fileName>//head1/IN/2008-11/A0011351408.1/007127.jp2</fileName>
		</sourceImageInformation>
		<OCRProcessing ID="OCRPROCESSING_1">
			<preProcessingStep>
				<processingSoftware>
					<softwareCreator>CCS Content Conversion Specialists GmbH, Germany</softwareCreator>
					<softwareName>CCS docWORKS</softwareName>
					<softwareVersion>6.1-0.67</softwareVersion>
				</processingSoftware>
			</preProcessingStep>
			<ocrProcessingStep>
				<processingSoftware>
					<softwareCreator>ABBYY (BIT Software), Russia</softwareCreator>
					<softwareName>Finereader</softwareName>
				</processingSoftware>
			</ocrProcessingStep>
		</OCRProcessing>
	</Description>
	<Styles>
		<TextStyle ID="TXT_0" FONTSIZE="9" FONTFAMILY="Courier New"/>
		<TextStyle ID="TXT_1" FONTSIZE="11" FONTFAMILY="Courier New"/>
		<ParagraphStyle ID="PAR_LEFT" ALIGN="Left"/>
		<ParagraphStyle ID="PAR_RIGHT" ALIGN="Right"/>
		<ParagraphStyle ID="PAR_CENTER" ALIGN="Center"/>
	</Styles>
	<Layout>
		<Page ID="P41" PHYSICAL_IMG_NR="41" HEIGHT="1706" WIDTH="1150" PRINTED_IMG_NR="33" POSITION="Right" ACCURACY="91.48">
			<TopMargin ID="P41_TM00001" HPOS="0" VPOS="0" WIDTH="1149" HEIGHT="107">
				<TextBlock ID="P41_TB00001" HPOS="369" VPOS="66" WIDTH="343" HEIGHT="30" STYLEREFS="TXT_0 PAR_LEFT">
					<TextLine ID="P41_TL00001" HPOS="369" VPOS="66" WIDTH="343" HEIGHT="30">
						<String ID="P41_ST00001" HPOS="369" VPOS="66" WIDTH="159" HEIGHT="29" CONTENT="Servant's" WC="0.82" CC="000404070"/>
						<SP ID="P41_SP00001" HPOS="528" VPOS="95" WIDTH="23"/>
						<String ID="P41_ST00002" HPOS="551" VPOS="66" WIDTH="161" HEIGHT="30" CONTENT="Accounts." WC="0.68" CC="054075400"/>
					</TextLine>
				</TextBlock>
				<TextBlock ID="P41_TB00002" HPOS="966" VPOS="77" WIDTH="37" HEIGHT="28" STYLEREFS="TXT_1 PAR_RIGHT">
					<TextLine ID="P41_TL00002" HPOS="966" VPOS="77" WIDTH="37" HEIGHT="28">
						<String ID="P41_ST00003" HPOS="966" VPOS="77" WIDTH="37" HEIGHT="28" CONTENT="33" WC="1.00" CC="00"/>
					</TextLine>
				</TextBlock>
			</TopMargin>
			<LeftMargin ID="P41_LM00001" HPOS="0" VPOS="107" WIDTH="71" HEIGHT="1487"/>
			<RightMargin ID="P41_RM00001" HPOS="1008" VPOS="107" WIDTH="141" HEIGHT="1487"/>
			<BottomMargin ID="P41_BM00001" HPOS="0" VPOS="1594" WIDTH="1149" HEIGHT="112"/>
			<PrintSpace ID="P41_PS00001" HPOS="71" VPOS="107" WIDTH="937" HEIGHT="1487">
				<TextBlock ID="P41_TB00003" HPOS="71" VPOS="149" WIDTH="937" HEIGHT="978" STYLEREFS="TXT_0 PAR_LEFT">
					<TextLine ID="P41_TL00003" HPOS="72" VPOS="149" WIDTH="930" HEIGHT="35">
						<String ID="P41_ST00004" HPOS="72" VPOS="152" WIDTH="126" HEIGHT="22" CONTENT="servants" WC="1.00" CC="00000000"/>
						<SP ID="P41_SP00002" HPOS="198" VPOS="174" WIDTH="14"/>
						<String ID="P41_ST00005" HPOS="212" VPOS="149" WIDTH="82" HEIGHT="26" CONTENT="know" WC="1.00" CC="0000"/>
						<SP ID="P41_SP00003" HPOS="294" VPOS="175" WIDTH="15"/>
						<String ID="P41_ST00006" HPOS="309" VPOS="150" WIDTH="113" HEIGHT="33" CONTENT="exactly" WC="0.96" CC="0000020"/>
						<SP ID="P41_SP00004" HPOS="422" VPOS="183" WIDTH="14"/>
						<String ID="P41_ST00007" HPOS="436" VPOS="150" WIDTH="74" HEIGHT="26" CONTENT="what" WC="0.69" CC="9101"/>
						<SP ID="P41_SP00005" HPOS="510" VPOS="183" WIDTH="23"/>
						<String ID="P41_ST00008" HPOS="533" VPOS="159" WIDTH="58" HEIGHT="25" CONTENT="pay" WC="1.00" CC="000"/>
						<SP ID="P41_SP00006" HPOS="591" VPOS="184" WIDTH="11"/>
						<String ID="P41_ST00009" HPOS="602" VPOS="150" WIDTH="72" HEIGHT="26" CONTENT="their" WC="0.81" CC="06030"/>
						<SP ID="P41_SP00007" HPOS="674" VPOS="184" WIDTH="13"/>
						<String ID="P41_ST00010" HPOS="687" VPOS="154" WIDTH="118" HEIGHT="23" CONTENT="masters" WC="0.95" CC="0003000"/>
						<SP ID="P41_SP00008" HPOS="805" VPOS="184" WIDTH="14"/>
						<String ID="P41_ST00011" HPOS="819" VPOS="152" WIDTH="113" HEIGHT="31" CONTENT="receive," WC="0.91" CC="00007000"/>
						<SP ID="P41_SP00009" HPOS="932" VPOS="184" WIDTH="15"/>
						<String ID="P41_ST00012" HPOS="947" VPOS="151" WIDTH="55" HEIGHT="26" CONTENT="and" WC="0.96" CC="010"/>
					</TextLine>
					<TextLine ID="P41_TL00004" HPOS="72" VPOS="196" WIDTH="931" HEIGHT="36">
						<String ID="P41_ST00013" HPOS="72" VPOS="196" WIDTH="83" HEIGHT="25" CONTENT="make" WC="1.00" CC="0000"/>
						<SP ID="P41_SP00010" HPOS="155" VPOS="221" WIDTH="15"/>
						<String ID="P41_ST00014" HPOS="170" VPOS="205" WIDTH="37" HEIGHT="25" CONTENT="up" WC="0.71" CC="50"/>
						<SP ID="P41_SP00011" HPOS="207" VPOS="230" WIDTH="14"/>
						<String ID="P41_ST00015" HPOS="221" VPOS="196" WIDTH="72" HEIGHT="25" CONTENT="their" WC="0.87" CC="00050"/>
						<SP ID="P41_SP00012" HPOS="293" VPOS="230" WIDTH="14"/>
						<String ID="P41_ST00016" HPOS="307" VPOS="200" WIDTH="132" HEIGHT="22" CONTENT="accounts" WC="0.94" CC="00000400"/>
						<SP ID="P41_SP00013" HPOS="439" VPOS="230" WIDTH="14"/>
						<String ID="P41_ST00017" HPOS="453" VPOS="198" WIDTH="187" HEIGHT="33" CONTENT="accordingly." WC="0.94" CC="000000000402"/>
						<SP ID="P41_SP00014" HPOS="640" VPOS="231" WIDTH="41"/>
						<String ID="P41_ST00018" HPOS="681" VPOS="199" WIDTH="26" HEIGHT="24" CONTENT="It" WC="1.00" CC="00"/>
						<SP ID="P41_SP00015" HPOS="707" VPOS="231" WIDTH="14"/>
						<String ID="P41_ST00019" HPOS="721" VPOS="199" WIDTH="142" HEIGHT="33" CONTENT="generally" WC="0.89" CC="000000540"/>
						<SP ID="P41_SP00016" HPOS="863" VPOS="232" WIDTH="14"/>
						<String ID="P41_ST00020" HPOS="877" VPOS="199" WIDTH="126" HEIGHT="33" CONTENT="happens" WC="0.86" CC="5000030"/>
					</TextLine>
					<TextLine ID="P41_TL00005" HPOS="72" VPOS="243" WIDTH="932" HEIGHT="35">
						<String ID="P41_ST00021" HPOS="72" VPOS="243" WIDTH="62" HEIGHT="25" CONTENT="that" WC="1.00" CC="0000"/>
						<SP ID="P41_SP00017" HPOS="134" VPOS="268" WIDTH="14"/>
						<String ID="P41_ST00022" HPOS="148" VPOS="251" WIDTH="35" HEIGHT="18" CONTENT="on" WC="1.00" CC="00"/>
						<SP ID="P41_SP00018" HPOS="183" VPOS="269" WIDTH="16"/>
						<String ID="P41_ST00023" HPOS="199" VPOS="244" WIDTH="160" HEIGHT="33" CONTENT="promotion" WC="0.77" CC="040900303"/>
						<SP ID="P41_SP00019" HPOS="359" VPOS="277" WIDTH="21"/>
						<String ID="P41_ST00024" HPOS="380" VPOS="253" WIDTH="34" HEIGHT="17" CONTENT="an" WC="0.71" CC="05"/>
						<SP ID="P41_SP00020" HPOS="414" VPOS="277" WIDTH="19"/>
						<String ID="P41_ST00025" HPOS="433" VPOS="244" WIDTH="101" HEIGHT="26" CONTENT="official" WC="0.93" CC="00000500"/>
						<SP ID="P41_SP00021" HPOS="534" VPOS="277" WIDTH="14"/>
						<String ID="P41_ST00026" HPOS="548" VPOS="244" WIDTH="122" HEIGHT="34" CONTENT="changes" WC="0.84" CC="2205000"/>
						<SP ID="P41_SP00022" HPOS="670" VPOS="278" WIDTH="23"/>
						<String ID="P41_ST00027" HPOS="693" VPOS="244" WIDTH="43" HEIGHT="27" CONTENT="his" WC="0.54" CC="760"/>
						<SP ID="P41_SP00023" HPOS="736" VPOS="278" WIDTH="15"/>
						<String ID="P41_ST00028" HPOS="751" VPOS="245" WIDTH="114" HEIGHT="32" CONTENT="district," WC="0.99" CC="000000000"/>
						<SP ID="P41_SP00024" HPOS="865" VPOS="278" WIDTH="15"/>
						<String ID="P41_ST00029" HPOS="880" VPOS="246" WIDTH="55" HEIGHT="25" CONTENT="and" WC="1.00" CC="000"/>
						<SP ID="P41_SP00025" HPOS="935" VPOS="278" WIDTH="21"/>
						<String ID="P41_ST00030" HPOS="956" VPOS="246" WIDTH="48" HEIGHT="25" CONTENT="the" WC="0.81" CC="050"/>
					</TextLine>
					<TextLine ID="P41_TL00006" HPOS="72" VPOS="290" WIDTH="932" HEIGHT="36">
						<String ID="P41_ST00031" HPOS="72" VPOS="294" WIDTH="125" HEIGHT="21" CONTENT="servants" WC="0.96" CC="00200000"/>
						<SP ID="P41_SP00026" HPOS="197" VPOS="315" WIDTH="14"/>
						<String ID="P41_ST00032" HPOS="211" VPOS="299" WIDTH="47" HEIGHT="17" CONTENT="are" WC="0.99" CC="000"/>
						<SP ID="P41_SP00027" HPOS="258" VPOS="316" WIDTH="14"/>
						<String ID="P41_ST00033" HPOS="272" VPOS="290" WIDTH="138" HEIGHT="26" CONTENT="therefore" WC="0.92" CC="040200000"/>
						<SP ID="P41_SP00028" HPOS="410" VPOS="316" WIDTH="15"/>
						<String ID="P41_ST00034" HPOS="425" VPOS="291" WIDTH="64" HEIGHT="26" CONTENT="able" WC="0.93" CC="0020"/>
						<SP ID="P41_SP00029" HPOS="489" VPOS="317" WIDTH="23"/>
						<String ID="P41_ST00035" HPOS="512" VPOS="295" WIDTH="29" HEIGHT="22" CONTENT="to" WC="1.00" CC="00"/>
						<SP ID="P41_SP00030" HPOS="541" VPOS="317" WIDTH="15"/>
						<String ID="P41_ST00036" HPOS="556" VPOS="296" WIDTH="88" HEIGHT="21" CONTENT="assert" WC="1.00" CC="000000"/>
						<SP ID="P41_SP00031" HPOS="644" VPOS="317" WIDTH="23"/>
						<String ID="P41_ST00037" HPOS="667" VPOS="292" WIDTH="62" HEIGHT="26" CONTENT="that" WC="1.00" CC="0000"/>
						<SP ID="P41_SP00032" HPOS="729" VPOS="318" WIDTH="14"/>
						<String ID="P41_ST00038" HPOS="743" VPOS="293" WIDTH="89" HEIGHT="33" CONTENT="prices" WC="0.91" CC="005000"/>
						<SP ID="P41_SP00033" HPOS="832" VPOS="326" WIDTH="14"/>
						<String ID="P41_ST00039" HPOS="846" VPOS="301" WIDTH="45" HEIGHT="17" CONTENT="are" WC="1.00" CC="000"/>
						<SP ID="P41_SP00034" HPOS="891" VPOS="326" WIDTH="14"/>
						<String ID="P41_ST00040" HPOS="905" VPOS="293" WIDTH="99" HEIGHT="33" CONTENT="higher" WC="0.83" CC="630000"/>
					</TextLine>
					<TextLine ID="P41_TL00007" HPOS="72" VPOS="337" WIDTH="932" HEIGHT="35">
						<String ID="P41_ST00041" HPOS="72" VPOS="337" WIDTH="27" HEIGHT="26" CONTENT="in" WC="0.77" CC="40"/>
						<SP ID="P41_SP00035" HPOS="99" VPOS="363" WIDTH="15"/>
						<String ID="P41_ST00042" HPOS="114" VPOS="337" WIDTH="48" HEIGHT="26" CONTENT="the" WC="0.80" CC="050"/>
						<SP ID="P41_SP00036" HPOS="162" VPOS="363" WIDTH="13"/>
						<String ID="P41_ST00043" HPOS="175" VPOS="337" WIDTH="238" HEIGHT="34" CONTENT="neighbourhood," WC="0.85" CC="00503003060001"/>
						<SP ID="P41_SP00037" HPOS="413" VPOS="371" WIDTH="15"/>
						<String ID="P41_ST00044" HPOS="428" VPOS="338" WIDTH="51" HEIGHT="26" CONTENT="but" WC="0.81" CC="050"/>
						<SP ID="P41_SP00038" HPOS="479" VPOS="371" WIDTH="14"/>
						<String ID="P41_ST00045" HPOS="493" VPOS="338" WIDTH="21" HEIGHT="26" CONTENT="it" WC="0.70" CC="50"/>
						<SP ID="P41_SP00039" HPOS="514" VPOS="371" WIDTH="14"/>
						<String ID="P41_ST00046" HPOS="528" VPOS="338" WIDTH="22" HEIGHT="26" CONTENT="is" WC="1.00" CC="00"/>
						<SP ID="P41_SP00040" HPOS="550" VPOS="371" WIDTH="14"/>
						<String ID="P41_ST00047" HPOS="564" VPOS="343" WIDTH="50" HEIGHT="22" CONTENT="not" WC="1.00" CC="000"/>
						<SP ID="P41_SP00041" HPOS="614" VPOS="371" WIDTH="16"/>
						<String ID="P41_ST00048" HPOS="630" VPOS="348" WIDTH="31" HEIGHT="17" CONTENT="so" WC="0.97" CC="00"/>
						<SP ID="P41_SP00042" HPOS="661" VPOS="371" WIDTH="18"/>
						<String ID="P41_ST00049" HPOS="679" VPOS="339" WIDTH="103" HEIGHT="33" CONTENT="always" WC="0.99" CC="000000"/>
						<SP ID="P41_SP00043" HPOS="782" VPOS="372" WIDTH="12"/>
						<String ID="P41_ST00050" HPOS="794" VPOS="348" WIDTH="5" HEIGHT="23" CONTENT=";" WC="1.00" CC="0"/>
						<SP ID="P41_SP00044" HPOS="799" VPOS="372" WIDTH="21"/>
						<String ID="P41_ST00051" HPOS="820" VPOS="339" WIDTH="55" HEIGHT="26" CONTENT="and" WC="0.90" CC="020"/>
						<SP ID="P41_SP00045" HPOS="875" VPOS="372" WIDTH="16"/>
						<String ID="P41_ST00052" HPOS="891" VPOS="340" WIDTH="12" HEIGHT="25" CONTENT="I" WC="1.00" CC="0"/>
						<SP ID="P41_SP00046" HPOS="903" VPOS="372" WIDTH="15"/>
						<String ID="P41_ST00053" HPOS="918" VPOS="339" WIDTH="86" HEIGHT="26" CONTENT="recol" SUBS_TYPE="HypPart1" SUBS_CONTENT="recollect" WC="1.00" CC="000000"/>
						<HYP CONTENT="-"/>
					</TextLine>
					<TextLine ID="P41_TL00008" HPOS="72" VPOS="384" WIDTH="933" HEIGHT="35">
						<String ID="P41_ST00054" HPOS="72" VPOS="384" WIDTH="55" HEIGHT="27" CONTENT="lect" SUBS_TYPE="HypPart2" SUBS_CONTENT="recollect" WC="0.69" CC="3305"/>
						<SP ID="P41_SP00047" HPOS="127" VPOS="411" WIDTH="13"/>
						<String ID="P41_ST00055" HPOS="140" VPOS="393" WIDTH="17" HEIGHT="17" CONTENT="a" WC="1.00" CC="0"/>
						<SP ID="P41_SP00048" HPOS="157" VPOS="411" WIDTH="14"/>
						<String ID="P41_ST00056" HPOS="171" VPOS="384" WIDTH="88" HEIGHT="26" CONTENT="friend" WC="0.92" CC="202000"/>
						<SP ID="P41_SP00049" HPOS="259" VPOS="411" WIDTH="14"/>
						<String ID="P41_ST00057" HPOS="273" VPOS="385" WIDTH="62" HEIGHT="26" CONTENT="who" WC="0.88" CC="003"/>
						<SP ID="P41_SP00050" HPOS="335" VPOS="411" WIDTH="13"/>
						<String ID="P41_ST00058" HPOS="348" VPOS="385" WIDTH="56" HEIGHT="25" CONTENT="had" WC="1.00" CC="000"/>
						<SP ID="P41_SP00051" HPOS="404" VPOS="411" WIDTH="15"/>
						<String ID="P41_ST00059" HPOS="419" VPOS="386" WIDTH="124" HEIGHT="33" CONTENT="recently" WC="0.94" CC="00005000"/>
						<SP ID="P41_SP00052" HPOS="543" VPOS="419" WIDTH="13"/>
						<String ID="P41_ST00060" HPOS="556" VPOS="386" WIDTH="71" HEIGHT="26" CONTENT="been" WC="1.00" CC="0000"/>
						<SP ID="P41_SP00053" HPOS="627" VPOS="419" WIDTH="21"/>
						<String ID="P41_ST00061" HPOS="648" VPOS="386" WIDTH="83" HEIGHT="26" CONTENT="made" WC="0.77" CC="9000"/>
						<SP ID="P41_SP00054" HPOS="731" VPOS="419" WIDTH="24"/>
						<String ID="P41_ST00062" HPOS="755" VPOS="395" WIDTH="16" HEIGHT="17" CONTENT="a" WC="1.00" CC="0"/>
						<SP ID="P41_SP00055" HPOS="771" VPOS="419" WIDTH="15"/>
						<String ID="P41_ST00063" HPOS="786" VPOS="386" WIDTH="219" HEIGHT="26" CONTENT="Commissioner" WC="0.93" CC="000000060000"/>
					</TextLine>
					<TextLine ID="P41_TL00009" HPOS="73" VPOS="431" WIDTH="935" HEIGHT="28">
						<String ID="P41_ST00064" HPOS="73" VPOS="432" WIDTH="28" HEIGHT="25" CONTENT="in" WC="0.74" CC="40"/>
						<SP ID="P41_SP00056" HPOS="101" VPOS="457" WIDTH="15"/>
						<String ID="P41_ST00065" HPOS="116" VPOS="431" WIDTH="47" HEIGHT="27" CONTENT="the" WC="0.87" CC="030"/>
						<SP ID="P41_SP00057" HPOS="163" VPOS="458" WIDTH="14"/>
						<String ID="P41_ST00066" HPOS="177" VPOS="432" WIDTH="109" HEIGHT="26" CONTENT="district" WC="1.00" CC="00000000"/>
						<SP ID="P41_SP00058" HPOS="286" VPOS="458" WIDTH="14"/>
						<String ID="P41_ST00067" HPOS="300" VPOS="432" WIDTH="26" HEIGHT="26" CONTENT="in" WC="0.66" CC="50"/>
						<SP ID="P41_SP00059" HPOS="326" VPOS="458" WIDTH="15"/>
						<String ID="P41_ST00068" HPOS="341" VPOS="432" WIDTH="89" HEIGHT="27" CONTENT="which" WC="0.97" CC="01000"/>
						<SP ID="P41_SP00060" HPOS="430" VPOS="459" WIDTH="13"/>
						<String ID="P41_ST00069" HPOS="443" VPOS="432" WIDTH="36" HEIGHT="27" CONTENT="he" WC="0.68" CC="60"/>
						<SP ID="P41_SP00061" HPOS="479" VPOS="459" WIDTH="15"/>
						<String ID="P41_ST00070" HPOS="494" VPOS="433" WIDTH="56" HEIGHT="26" CONTENT="had" WC="0.74" CC="070"/>
						<SP ID="P41_SP00062" HPOS="550" VPOS="459" WIDTH="19"/>
						<String ID="P41_ST00071" HPOS="569" VPOS="433" WIDTH="71" HEIGHT="26" CONTENT="been" WC="1.00" CC="0000"/>
						<SP ID="P41_SP00063" HPOS="640" VPOS="459" WIDTH="21"/>
						<String ID="P41_ST00072" HPOS="661" VPOS="434" WIDTH="28" HEIGHT="25" CONTENT="in" WC="0.76" CC="40"/>
						<SP ID="P41_SP00064" HPOS="689" VPOS="459" WIDTH="23"/>
						<String ID="P41_ST00073" HPOS="712" VPOS="433" WIDTH="48" HEIGHT="26" CONTENT="the" WC="1.00" CC="000"/>
						<SP ID="P41_SP00065" HPOS="760" VPOS="459" WIDTH="24"/>
						<String ID="P41_ST00074" HPOS="784" VPOS="433" WIDTH="82" HEIGHT="26" CONTENT="lower" WC="0.98" CC="00001"/>
						<SP ID="P41_SP00066" HPOS="866" VPOS="459" WIDTH="13"/>
						<String ID="P41_ST00075" HPOS="879" VPOS="434" WIDTH="78" HEIGHT="25" CONTENT="office" WC="0.98" CC="000001"/>
						<SP ID="P41_SP00067" HPOS="957" VPOS="459" WIDTH="20"/>
						<String ID="P41_ST00076" HPOS="977" VPOS="433" WIDTH="31" HEIGHT="26" CONTENT="of" WC="1.00" CC="00"/>
					</TextLine>
					<TextLine ID="P41_TL00010" HPOS="75" VPOS="479" WIDTH="930" HEIGHT="31">
						<String ID="P41_ST00077" HPOS="75" VPOS="479" WIDTH="147" HEIGHT="31" CONTENT="Collector," WC="0.95" CC="0000000040"/>
						<SP ID="P41_SP00068" HPOS="222" VPOS="510" WIDTH="16"/>
						<String ID="P41_ST00078" HPOS="238" VPOS="479" WIDTH="86" HEIGHT="26" CONTENT="found" WC="0.91" CC="00040"/>
						<SP ID="P41_SP00069" HPOS="324" VPOS="510" WIDTH="24"/>
						<String ID="P41_ST00079" HPOS="348" VPOS="480" WIDTH="62" HEIGHT="25" CONTENT="that" WC="0.94" CC="0002"/>
						<SP ID="P41_SP00070" HPOS="410" VPOS="510" WIDTH="23"/>
						<String ID="P41_ST00080" HPOS="433" VPOS="480" WIDTH="28" HEIGHT="25" CONTENT="in" WC="0.66" CC="60"/>
						<SP ID="P41_SP00071" HPOS="461" VPOS="510" WIDTH="21"/>
						<String ID="P41_ST00081" HPOS="482" VPOS="480" WIDTH="43" HEIGHT="26" CONTENT="his" WC="0.56" CC="461"/>
						<SP ID="P41_SP00072" HPOS="525" VPOS="510" WIDTH="23"/>
						<String ID="P41_ST00082" HPOS="548" VPOS="480" WIDTH="191" HEIGHT="26" CONTENT="khansamar's" WC="0.96" CC="01000000200"/>
						<SP ID="P41_SP00073" HPOS="739" VPOS="510" WIDTH="22"/>
						<String ID="P41_ST00083" HPOS="761" VPOS="484" WIDTH="118" HEIGHT="22" CONTENT="account" WC="0.85" CC="9000000"/>
						<SP ID="P41_SP00074" HPOS="879" VPOS="510" WIDTH="14"/>
						<String ID="P41_ST00084" HPOS="893" VPOS="481" WIDTH="42" HEIGHT="25" CONTENT="for" WC="1.00" CC="000"/>
						<SP ID="P41_SP00075" HPOS="935" VPOS="510" WIDTH="22"/>
						<String ID="P41_ST00085" HPOS="957" VPOS="481" WIDTH="48" HEIGHT="25" CONTENT="the" WC="0.77" CC="060"/>
					</TextLine>
					<TextLine ID="P41_TL00011" HPOS="73" VPOS="527" WIDTH="932" HEIGHT="35">
						<String ID="P41_ST00086" HPOS="73" VPOS="527" WIDTH="168" HEIGHT="33" CONTENT="succeeding" WC="0.90" CC="0400000050"/>
						<SP ID="P41_SP00076" HPOS="241" VPOS="560" WIDTH="21"/>
						<String ID="P41_ST00087" HPOS="262" VPOS="527" WIDTH="100" HEIGHT="26" CONTENT="month" WC="0.91" CC="00004"/>
						<SP ID="P41_SP00077" HPOS="362" VPOS="560" WIDTH="23"/>
						<String ID="P41_ST00088" HPOS="385" VPOS="527" WIDTH="48" HEIGHT="26" CONTENT="the" WC="0.79" CC="060"/>
						<SP ID="P41_SP00078" HPOS="433" VPOS="560" WIDTH="21"/>
						<String ID="P41_ST00089" HPOS="454" VPOS="528" WIDTH="75" HEIGHT="33" CONTENT="price" WC="1.00" CC="00000"/>
						<SP ID="P41_SP00079" HPOS="529" VPOS="561" WIDTH="19"/>
						<String ID="P41_ST00090" HPOS="548" VPOS="527" WIDTH="32" HEIGHT="26" CONTENT="of" WC="0.86" CC="20"/>
						<SP ID="P41_SP00080" HPOS="580" VPOS="561" WIDTH="16"/>
						<String ID="P41_ST00091" HPOS="596" VPOS="536" WIDTH="83" HEIGHT="25" CONTENT="every" WC="1.00" CC="00000"/>
						<SP ID="P41_SP00081" HPOS="679" VPOS="561" WIDTH="13"/>
						<String ID="P41_ST00092" HPOS="692" VPOS="528" WIDTH="96" HEIGHT="25" CONTENT="article" WC="0.91" CC="0005000"/>
						<SP ID="P41_SP00082" HPOS="788" VPOS="561" WIDTH="21"/>
						<String ID="P41_ST00093" HPOS="809" VPOS="528" WIDTH="31" HEIGHT="26" CONTENT="of" WC="1.00" CC="00"/>
						<SP ID="P41_SP00083" HPOS="840" VPOS="561" WIDTH="16"/>
						<String ID="P41_ST00094" HPOS="856" VPOS="536" WIDTH="149" HEIGHT="26" CONTENT="consump" SUBS_TYPE="HypPart1" SUBS_CONTENT="consumption" WC="0.98" CC="00001000"/>
						<HYP CONTENT="-"/>
					</TextLine>
					<TextLine ID="P41_TL00012" HPOS="73" VPOS="574" WIDTH="932" HEIGHT="35">
						<String ID="P41_ST00095" HPOS="73" VPOS="574" WIDTH="60" HEIGHT="26" CONTENT="tion" SUBS_TYPE="HypPart2" SUBS_CONTENT="consumption" WC="0.77" CC="0134"/>
						<SP ID="P41_SP00084" HPOS="133" VPOS="600" WIDTH="14"/>
						<String ID="P41_ST00096" HPOS="147" VPOS="574" WIDTH="55" HEIGHT="26" CONTENT="had" WC="1.00" CC="000"/>
						<SP ID="P41_SP00085" HPOS="202" VPOS="600" WIDTH="23"/>
						<String ID="P41_ST00097" HPOS="225" VPOS="574" WIDTH="195" HEIGHT="34" CONTENT="considerably" WC="0.91" CC="001050020000"/>
						<SP ID="P41_SP00086" HPOS="420" VPOS="608" WIDTH="15"/>
						<String ID="P41_ST00098" HPOS="435" VPOS="575" WIDTH="149" HEIGHT="26" CONTENT="increased." WC="0.93" CC="6000000000"/>
						<SP ID="P41_SP00087" HPOS="584" VPOS="608" WIDTH="41"/>
						<String ID="P41_ST00099" HPOS="625" VPOS="575" WIDTH="45" HEIGHT="26" CONTENT="On" WC="0.90" CC="20"/>
						<SP ID="P41_SP00088" HPOS="670" VPOS="608" WIDTH="27"/>
						<String ID="P41_ST00100" HPOS="697" VPOS="575" WIDTH="165" HEIGHT="34" CONTENT="expressing" WC="0.94" CC="0000000320"/>
						<SP ID="P41_SP00089" HPOS="862" VPOS="609" WIDTH="21"/>
						<String ID="P41_ST00101" HPOS="883" VPOS="575" WIDTH="43" HEIGHT="26" CONTENT="his" WC="0.83" CC="040"/>
						<SP ID="P41_SP00090" HPOS="926" VPOS="609" WIDTH="20"/>
						<String ID="P41_ST00102" HPOS="946" VPOS="584" WIDTH="59" HEIGHT="17" CONTENT="sur" SUBS_TYPE="HypPart1" SUBS_CONTENT="surprise" WC="1.00" CC="0000"/>
						<HYP CONTENT="-"/>
					</TextLine>
					<TextLine ID="P41_TL00013" HPOS="73" VPOS="621" WIDTH="932" HEIGHT="35">
						<String ID="P41_ST00103" HPOS="73" VPOS="621" WIDTH="74" HEIGHT="34" CONTENT="prise" SUBS_TYPE="HypPart2" SUBS_CONTENT="surprise" WC="0.70" CC="90500"/>
						<SP ID="P41_SP00091" HPOS="147" VPOS="655" WIDTH="14"/>
						<String ID="P41_ST00104" HPOS="161" VPOS="625" WIDTH="29" HEIGHT="22" CONTENT="at" WC="1.00" CC="00"/>
						<SP ID="P41_SP00092" HPOS="190" VPOS="655" WIDTH="14"/>
						<String ID="P41_ST00105" HPOS="204" VPOS="621" WIDTH="61" HEIGHT="31" CONTENT="this," WC="0.83" CC="43000"/>
						<SP ID="P41_SP00093" HPOS="265" VPOS="655" WIDTH="17"/>
						<String ID="P41_ST00106" HPOS="282" VPOS="621" WIDTH="47" HEIGHT="26" CONTENT="the" WC="1.00" CC="000"/>
						<SP ID="P41_SP00094" HPOS="329" VPOS="655" WIDTH="21"/>
						<String ID="P41_ST00107" HPOS="350" VPOS="630" WIDTH="66" HEIGHT="17" CONTENT="man" WC="0.84" CC="004"/>
						<SP ID="P41_SP00095" HPOS="416" VPOS="655" WIDTH="21"/>
						<String ID="P41_ST00108" HPOS="437" VPOS="621" WIDTH="114" HEIGHT="26" CONTENT="assured" WC="0.94" CC="0000300"/>
						<SP ID="P41_SP00096" HPOS="551" VPOS="655" WIDTH="21"/>
						<String ID="P41_ST00109" HPOS="572" VPOS="621" WIDTH="58" HEIGHT="26" CONTENT="him" WC="0.55" CC="660"/>
						<SP ID="P41_SP00097" HPOS="630" VPOS="655" WIDTH="15"/>
						<String ID="P41_ST00110" HPOS="645" VPOS="622" WIDTH="62" HEIGHT="25" CONTENT="that" WC="0.89" CC="0400"/>
						<SP ID="P41_SP00098" HPOS="707" VPOS="655" WIDTH="23"/>
						<String ID="P41_ST00111" HPOS="730" VPOS="623" WIDTH="21" HEIGHT="24" CONTENT="it" WC="0.84" CC="30"/>
						<SP ID="P41_SP00099" HPOS="751" VPOS="655" WIDTH="14"/>
						<String ID="P41_ST00112" HPOS="765" VPOS="631" WIDTH="55" HEIGHT="17" CONTENT="was" WC="1.00" CC="000"/>
						<SP ID="P41_SP00100" HPOS="820" VPOS="655" WIDTH="25"/>
						<String ID="P41_ST00113" HPOS="845" VPOS="622" WIDTH="88" HEIGHT="34" CONTENT="really" WC="1.00" CC="000000"/>
						<SP ID="P41_SP00101" HPOS="933" VPOS="656" WIDTH="23"/>
						<String ID="P41_ST00114" HPOS="956" VPOS="622" WIDTH="49" HEIGHT="25" CONTENT="the" WC="1.00" CC="000"/>
					</TextLine>
					<TextLine ID="P41_TL00014" HPOS="73" VPOS="669" WIDTH="932" HEIGHT="32">
						<String ID="P41_ST00115" HPOS="73" VPOS="677" WIDTH="64" HEIGHT="17" CONTENT="case" WC="1.00" CC="0000"/>
						<SP ID="P41_SP00102" HPOS="137" VPOS="694" WIDTH="14"/>
						<String ID="P41_ST00116" HPOS="151" VPOS="669" WIDTH="62" HEIGHT="25" CONTENT="that" WC="1.00" CC="0000"/>
						<SP ID="P41_SP00103" HPOS="213" VPOS="694" WIDTH="13"/>
						<String ID="P41_ST00117" HPOS="226" VPOS="669" WIDTH="48" HEIGHT="25" CONTENT="the" WC="1.00" CC="000"/>
						<SP ID="P41_SP00104" HPOS="274" VPOS="694" WIDTH="14"/>
						<String ID="P41_ST00118" HPOS="288" VPOS="669" WIDTH="102" HEIGHT="25" CONTENT="bazaar" WC="1.00" CC="000000"/>
						<SP ID="P41_SP00105" HPOS="390" VPOS="694" WIDTH="24"/>
						<String ID="P41_ST00119" HPOS="414" VPOS="670" WIDTH="14" HEIGHT="11" CONTENT='"' WC="1.00" CC="0"/>
						<SP ID="P41_SP00106" HPOS="428" VPOS="694" WIDTH="11"/>
						<String ID="P41_ST00120" HPOS="439" VPOS="669" WIDTH="101" HEIGHT="31" CONTENT='nerik,"' WC="0.92" CC="0000023"/>
						<SP ID="P41_SP00107" HPOS="540" VPOS="700" WIDTH="17"/>
						<String ID="P41_ST00121" HPOS="557" VPOS="678" WIDTH="30" HEIGHT="16" CONTENT="or" WC="1.00" CC="00"/>
						<SP ID="P41_SP00108" HPOS="587" VPOS="700" WIDTH="15"/>
						<String ID="P41_ST00122" HPOS="602" VPOS="669" WIDTH="108" HEIGHT="26" CONTENT="market" WC="0.97" CC="100000"/>
						<SP ID="P41_SP00109" HPOS="710" VPOS="700" WIDTH="14"/>
						<String ID="P41_ST00123" HPOS="724" VPOS="673" WIDTH="67" HEIGHT="28" CONTENT="rate," WC="0.92" CC="40000"/>
						<SP ID="P41_SP00110" HPOS="791" VPOS="701" WIDTH="15"/>
						<String ID="P41_ST00124" HPOS="806" VPOS="669" WIDTH="55" HEIGHT="26" CONTENT="had" WC="1.00" CC="000"/>
						<SP ID="P41_SP00111" HPOS="861" VPOS="701" WIDTH="19"/>
						<String ID="P41_ST00125" HPOS="880" VPOS="678" WIDTH="31" HEIGHT="17" CONTENT="so" WC="1.00" CC="00"/>
						<SP ID="P41_SP00112" HPOS="911" VPOS="701" WIDTH="14"/>
						<String ID="P41_ST00126" HPOS="925" VPOS="669" WIDTH="80" HEIGHT="26" CONTENT="risen." WC="0.81" CC="050042"/>
					</TextLine>
					<TextLine ID="P41_TL00015" HPOS="76" VPOS="715" WIDTH="929" HEIGHT="27">
						<String ID="P41_ST00127" HPOS="76" VPOS="716" WIDTH="46" HEIGHT="25" CONTENT="He" WC="0.68" CC="60"/>
						<SP ID="P41_SP00113" HPOS="122" VPOS="741" WIDTH="15"/>
						<String ID="P41_ST00128" HPOS="137" VPOS="716" WIDTH="128" HEIGHT="25" CONTENT="declined" WC="1.00" CC="00000000"/>
						<SP ID="P41_SP00114" HPOS="265" VPOS="741" WIDTH="15"/>
						<String ID="P41_ST00129" HPOS="280" VPOS="719" WIDTH="29" HEIGHT="22" CONTENT="to" WC="1.00" CC="00"/>
						<SP ID="P41_SP00115" HPOS="309" VPOS="741" WIDTH="13"/>
						<String ID="P41_ST00130" HPOS="322" VPOS="715" WIDTH="81" HEIGHT="26" CONTENT="settle" WC="0.86" CC="004030"/>
						<SP ID="P41_SP00116" HPOS="403" VPOS="741" WIDTH="17"/>
						<String ID="P41_ST00131" HPOS="420" VPOS="716" WIDTH="49" HEIGHT="25" CONTENT="the" WC="0.97" CC="000"/>
						<SP ID="P41_SP00117" HPOS="469" VPOS="741" WIDTH="20"/>
						<String ID="P41_ST00132" HPOS="489" VPOS="720" WIDTH="118" HEIGHT="22" CONTENT="account" WC="1.00" CC="0000000"/>
						<SP ID="P41_SP00118" HPOS="607" VPOS="742" WIDTH="23"/>
						<String ID="P41_ST00133" HPOS="630" VPOS="717" WIDTH="71" HEIGHT="25" CONTENT="until" WC="0.87" CC="00060"/>
						<SP ID="P41_SP00119" HPOS="701" VPOS="742" WIDTH="20"/>
						<String ID="P41_ST00134" HPOS="721" VPOS="717" WIDTH="36" HEIGHT="25" CONTENT="he" WC="0.69" CC="60"/>
						<SP ID="P41_SP00120" HPOS="757" VPOS="742" WIDTH="20"/>
						<String ID="P41_ST00135" HPOS="777" VPOS="717" WIDTH="55" HEIGHT="25" CONTENT="had" WC="0.93" CC="100"/>
						<SP ID="P41_SP00121" HPOS="832" VPOS="742" WIDTH="24"/>
						<String ID="P41_ST00136" HPOS="856" VPOS="716" WIDTH="83" HEIGHT="26" CONTENT="made" WC="1.00" CC="0000"/>
						<SP ID="P41_SP00122" HPOS="939" VPOS="742" WIDTH="25"/>
						<String ID="P41_ST00137" HPOS="964" VPOS="717" WIDTH="41" HEIGHT="25" CONTENT="in" SUBS_TYPE="HypPart1" SUBS_CONTENT="inquiries," WC="0.61" CC="460"/>
						<HYP CONTENT="-"/>
					</TextLine>
					<TextLine ID="P41_TL00016" HPOS="75" VPOS="763" WIDTH="930" HEIGHT="35">
						<String ID="P41_ST00138" HPOS="75" VPOS="763" WIDTH="109" HEIGHT="34" CONTENT="quiries," SUBS_TYPE="HypPart2" SUBS_CONTENT="inquiries," WC="0.80" CC="00506003"/>
						<SP ID="P41_SP00123" HPOS="184" VPOS="797" WIDTH="15"/>
						<String ID="P41_ST00139" HPOS="199" VPOS="763" WIDTH="55" HEIGHT="26" CONTENT="and" WC="1.00" CC="000"/>
						<SP ID="P41_SP00124" HPOS="254" VPOS="797" WIDTH="16"/>
						<String ID="P41_ST00140" HPOS="270" VPOS="763" WIDTH="85" HEIGHT="26" CONTENT="found" WC="0.87" CC="50010"/>
						<SP ID="P41_SP00125" HPOS="355" VPOS="797" WIDTH="15"/>
						<String ID="P41_ST00141" HPOS="370" VPOS="763" WIDTH="61" HEIGHT="26" CONTENT="that" WC="1.00" CC="0000"/>
						<SP ID="P41_SP00126" HPOS="431" VPOS="797" WIDTH="15"/>
						<String ID="P41_ST00142" HPOS="446" VPOS="763" WIDTH="36" HEIGHT="26" CONTENT="all" WC="1.00" CC="000"/>
						<SP ID="P41_SP00127" HPOS="482" VPOS="797" WIDTH="15"/>
						<String ID="P41_ST00143" HPOS="497" VPOS="763" WIDTH="42" HEIGHT="27" CONTENT="his" WC="0.85" CC="040"/>
						<SP ID="P41_SP00128" HPOS="539" VPOS="797" WIDTH="14"/>
						<String ID="P41_ST00144" HPOS="553" VPOS="763" WIDTH="169" HEIGHT="35" CONTENT="neighbours" WC="0.81" CC="0058100200"/>
						<SP ID="P41_SP00129" HPOS="722" VPOS="798" WIDTH="18"/>
						<String ID="P41_ST00145" HPOS="740" VPOS="764" WIDTH="56" HEIGHT="26" CONTENT="had" WC="1.00" CC="000"/>
						<SP ID="P41_SP00130" HPOS="796" VPOS="798" WIDTH="14"/>
						<String ID="P41_ST00146" HPOS="810" VPOS="764" WIDTH="151" HEIGHT="26" CONTENT="continued" WC="0.93" CC="005001000"/>
						<SP ID="P41_SP00131" HPOS="961" VPOS="798" WIDTH="15"/>
						<String ID="P41_ST00147" HPOS="976" VPOS="768" WIDTH="29" HEIGHT="21" CONTENT="to" WC="1.00" CC="00"/>
					</TextLine>
					<TextLine ID="P41_TL00017" HPOS="75" VPOS="810" WIDTH="932" HEIGHT="35">
						<String ID="P41_ST00148" HPOS="75" VPOS="819" WIDTH="57" HEIGHT="25" CONTENT="pay" WC="1.00" CC="000"/>
						<SP ID="P41_SP00132" HPOS="132" VPOS="844" WIDTH="13"/>
						<String ID="P41_ST00149" HPOS="145" VPOS="810" WIDTH="48" HEIGHT="26" CONTENT="the" WC="1.00" CC="000"/>
						<SP ID="P41_SP00133" HPOS="193" VPOS="844" WIDTH="14"/>
						<String ID="P41_ST00150" HPOS="207" VPOS="819" WIDTH="77" HEIGHT="17" CONTENT="same" WC="1.00" CC="0000"/>
						<SP ID="P41_SP00134" HPOS="284" VPOS="844" WIDTH="20"/>
						<String ID="P41_ST00151" HPOS="304" VPOS="811" WIDTH="88" HEIGHT="33" CONTENT="prices" WC="0.99" CC="000000"/>
						<SP ID="P41_SP00135" HPOS="392" VPOS="844" WIDTH="22"/>
						<String ID="P41_ST00152" HPOS="414" VPOS="819" WIDTH="31" HEIGHT="17" CONTENT="as" WC="1.00" CC="00"/>
						<SP ID="P41_SP00136" HPOS="445" VPOS="844" WIDTH="23"/>
						<String ID="P41_ST00153" HPOS="468" VPOS="810" WIDTH="101" HEIGHT="26" CONTENT="before." WC="1.00" CC="0000000"/>
						<SP ID="P41_SP00137" HPOS="569" VPOS="844" WIDTH="51"/>
						<String ID="P41_ST00154" HPOS="620" VPOS="811" WIDTH="69" HEIGHT="25" CONTENT="This" WC="0.70" CC="0460"/>
						<SP ID="P41_SP00138" HPOS="689" VPOS="844" WIDTH="13"/>
						<String ID="P41_ST00155" HPOS="702" VPOS="820" WIDTH="56" HEIGHT="17" CONTENT="was" WC="1.00" CC="000"/>
						<SP ID="P41_SP00139" HPOS="758" VPOS="844" WIDTH="21"/>
						<String ID="P41_ST00156" HPOS="779" VPOS="811" WIDTH="115" HEIGHT="34" CONTENT="pointed" WC="0.85" CC="0062100"/>
						<SP ID="P41_SP00140" HPOS="894" VPOS="845" WIDTH="15"/>
						<String ID="P41_ST00157" HPOS="909" VPOS="814" WIDTH="48" HEIGHT="22" CONTENT="out" WC="1.00" CC="000"/>
						<SP ID="P41_SP00141" HPOS="957" VPOS="845" WIDTH="20"/>
						<String ID="P41_ST00158" HPOS="977" VPOS="814" WIDTH="30" HEIGHT="22" CONTENT="to" WC="0.89" CC="02"/>
					</TextLine>
					<TextLine ID="P41_TL00018" HPOS="74" VPOS="857" WIDTH="931" HEIGHT="35">
						<String ID="P41_ST00159" HPOS="74" VPOS="857" WIDTH="48" HEIGHT="27" CONTENT="the" WC="0.92" CC="020"/>
						<SP ID="P41_SP00142" HPOS="122" VPOS="884" WIDTH="15"/>
						<String ID="P41_ST00160" HPOS="137" VPOS="857" WIDTH="178" HEIGHT="31" CONTENT="khansamar," WC="0.92" CC="0201000004"/>
						<SP ID="P41_SP00143" HPOS="315" VPOS="888" WIDTH="15"/>
						<String ID="P41_ST00161" HPOS="330" VPOS="858" WIDTH="56" HEIGHT="25" CONTENT="and" WC="0.78" CC="060"/>
						<SP ID="P41_SP00144" HPOS="386" VPOS="888" WIDTH="14"/>
						<String ID="P41_ST00162" HPOS="400" VPOS="857" WIDTH="35" HEIGHT="27" CONTENT="he" WC="1.00" CC="00"/>
						<SP ID="P41_SP00145" HPOS="435" VPOS="888" WIDTH="14"/>
						<String ID="P41_ST00163" HPOS="449" VPOS="857" WIDTH="82" HEIGHT="27" CONTENT="could" WC="1.00" CC="00000"/>
						<SP ID="P41_SP00146" HPOS="531" VPOS="888" WIDTH="16"/>
						<String ID="P41_ST00164" HPOS="547" VPOS="862" WIDTH="49" HEIGHT="22" CONTENT="not" WC="1.00" CC="000"/>
						<SP ID="P41_SP00147" HPOS="596" VPOS="888" WIDTH="14"/>
						<String ID="P41_ST00165" HPOS="610" VPOS="858" WIDTH="75" HEIGHT="33" CONTENT="deny" WC="1.00" CC="0000"/>
						<SP ID="P41_SP00148" HPOS="685" VPOS="891" WIDTH="15"/>
						<String ID="P41_ST00166" HPOS="700" VPOS="858" WIDTH="27" HEIGHT="32" CONTENT="it," WC="0.78" CC="301"/>
						<SP ID="P41_SP00149" HPOS="727" VPOS="891" WIDTH="17"/>
						<String ID="P41_ST00167" HPOS="744" VPOS="858" WIDTH="54" HEIGHT="26" CONTENT="and" WC="1.00" CC="000"/>
						<SP ID="P41_SP00150" HPOS="798" VPOS="891" WIDTH="14"/>
						<String ID="P41_ST00168" HPOS="812" VPOS="858" WIDTH="85" HEIGHT="34" CONTENT="being" WC="0.97" CC="10000"/>
						<SP ID="P41_SP00151" HPOS="897" VPOS="892" WIDTH="14"/>
						<String ID="P41_ST00169" HPOS="911" VPOS="858" WIDTH="94" HEIGHT="26" CONTENT="driven" WC="0.98" CC="001000"/>
					</TextLine>
					<TextLine ID="P41_TL00019" HPOS="75" VPOS="905" WIDTH="931" HEIGHT="34">
						<String ID="P41_ST00170" HPOS="75" VPOS="906" WIDTH="58" HEIGHT="25" CONTENT="into" WC="0.88" CC="4000"/>
						<SP ID="P41_SP00152" HPOS="133" VPOS="931" WIDTH="15"/>
						<String ID="P41_ST00171" HPOS="148" VPOS="913" WIDTH="17" HEIGHT="17" CONTENT="a" WC="1.00" CC="0"/>
						<SP ID="P41_SP00153" HPOS="165" VPOS="931" WIDTH="13"/>
						<String ID="P41_ST00172" HPOS="178" VPOS="913" WIDTH="104" HEIGHT="22" CONTENT="corner," WC="0.98" CC="0000000"/>
						<SP ID="P41_SP00154" HPOS="282" VPOS="935" WIDTH="11"/>
						<String ID="P41_ST00173" HPOS="293" VPOS="908" WIDTH="28" HEIGHT="22" CONTENT="at" WC="0.83" CC="03"/>
						<SP ID="P41_SP00155" HPOS="321" VPOS="935" WIDTH="15"/>
						<String ID="P41_ST00174" HPOS="336" VPOS="905" WIDTH="96" HEIGHT="34" CONTENT="length" WC="0.98" CC="000000"/>
						<SP ID="P41_SP00156" HPOS="432" VPOS="939" WIDTH="15"/>
						<String ID="P41_ST00175" HPOS="447" VPOS="905" WIDTH="67" HEIGHT="31" CONTENT="said," WC="1.00" CC="00000"/>
						<SP ID="P41_SP00157" HPOS="514" VPOS="939" WIDTH="17"/>
						<String ID="P41_ST00176" HPOS="531" VPOS="906" WIDTH="13" HEIGHT="11" CONTENT='"' WC="0.74" CC="2"/>
						<SP ID="P41_SP00158" HPOS="544" VPOS="939" WIDTH="10"/>
						<String ID="P41_ST00177" HPOS="554" VPOS="906" WIDTH="55" HEIGHT="24" CONTENT="But" WC="0.76" CC="700"/>
						<SP ID="P41_SP00159" HPOS="609" VPOS="939" WIDTH="14"/>
						<String ID="P41_ST00178" HPOS="623" VPOS="914" WIDTH="69" HEIGHT="25" CONTENT="your" WC="0.91" CC="0003"/>
						<SP ID="P41_SP00160" HPOS="692" VPOS="939" WIDTH="14"/>
						<String ID="P41_ST00179" HPOS="706" VPOS="905" WIDTH="108" HEIGHT="26" CONTENT="honour" WC="1.00" CC="000000"/>
						<SP ID="P41_SP00161" HPOS="814" VPOS="939" WIDTH="13"/>
						<String ID="P41_ST00180" HPOS="827" VPOS="905" WIDTH="50" HEIGHT="25" CONTENT="has" WC="1.00" CC="000"/>
						<SP ID="P41_SP00162" HPOS="877" VPOS="939" WIDTH="14"/>
						<String ID="P41_ST00181" HPOS="891" VPOS="906" WIDTH="115" HEIGHT="25" CONTENT="become" WC="0.88" CC="000700"/>
					</TextLine>
					<TextLine ID="P41_TL00020" HPOS="75" VPOS="951" WIDTH="931" HEIGHT="34">
						<String ID="P41_ST00182" HPOS="75" VPOS="961" WIDTH="16" HEIGHT="17" CONTENT="a" WC="1.00" CC="0"/>
						<SP ID="P41_SP00163" HPOS="91" VPOS="978" WIDTH="14"/>
						<String ID="P41_ST00183" HPOS="105" VPOS="952" WIDTH="221" HEIGHT="26" CONTENT="Commissioner" WC="0.99" CC="010000000000"/>
						<SP ID="P41_SP00164" HPOS="326" VPOS="978" WIDTH="14"/>
						<String ID="P41_ST00184" HPOS="340" VPOS="951" WIDTH="111" HEIGHT="27" CONTENT='Sahib."' WC="0.79" CC="0503005"/>
						<SP ID="P41_SP00165" HPOS="451" VPOS="978" WIDTH="35"/>
						<String ID="P41_ST00185" HPOS="486" VPOS="952" WIDTH="46" HEIGHT="26" CONTENT="He" WC="0.83" CC="30"/>
						<SP ID="P41_SP00166" HPOS="532" VPOS="978" WIDTH="15"/>
						<String ID="P41_ST00186" HPOS="547" VPOS="952" WIDTH="47" HEIGHT="26" CONTENT="did" WC="0.84" CC="040"/>
						<SP ID="P41_SP00167" HPOS="594" VPOS="978" WIDTH="14"/>
						<String ID="P41_ST00187" HPOS="608" VPOS="956" WIDTH="56" HEIGHT="27" CONTENT="not," WC="0.93" CC="0002"/>
						<SP ID="P41_SP00168" HPOS="664" VPOS="983" WIDTH="16"/>
						<String ID="P41_ST00188" HPOS="680" VPOS="951" WIDTH="32" HEIGHT="27" CONTENT="of" WC="1.00" CC="00"/>
						<SP ID="P41_SP00169" HPOS="712" VPOS="983" WIDTH="11"/>
						<String ID="P41_ST00189" HPOS="723" VPOS="961" WIDTH="104" HEIGHT="22" CONTENT="course," WC="0.99" CC="0000000"/>
						<SP ID="P41_SP00170" HPOS="827" VPOS="983" WIDTH="14"/>
						<String ID="P41_ST00190" HPOS="841" VPOS="956" WIDTH="48" HEIGHT="29" CONTENT="get" WC="1.00" CC="000"/>
						<SP ID="P41_SP00171" HPOS="889" VPOS="985" WIDTH="13"/>
						<String ID="P41_ST00191" HPOS="902" VPOS="952" WIDTH="42" HEIGHT="26" CONTENT="his" WC="0.84" CC="040"/>
						<SP ID="P41_SP00172" HPOS="944" VPOS="985" WIDTH="14"/>
						<String ID="P41_ST00192" HPOS="958" VPOS="961" WIDTH="48" HEIGHT="17" CONTENT="ex" SUBS_TYPE="HypPart1" SUBS_CONTENT="excess" WC="1.00" CC="000"/>
						<HYP CONTENT="-"/>
					</TextLine>
					<TextLine ID="P41_TL00021" HPOS="75" VPOS="999" WIDTH="930" HEIGHT="35">
						<String ID="P41_ST00193" HPOS="75" VPOS="1009" WIDTH="59" HEIGHT="17" CONTENT="cess" SUBS_TYPE="HypPart2" SUBS_CONTENT="excess" WC="1.00" CC="0000"/>
						<SP ID="P41_SP00173" HPOS="134" VPOS="1026" WIDTH="21"/>
						<String ID="P41_ST00194" HPOS="155" VPOS="1000" WIDTH="88" HEIGHT="34" CONTENT="prices" WC="0.93" CC="004000"/>
						<SP ID="P41_SP00174" HPOS="243" VPOS="1034" WIDTH="22"/>
						<String ID="P41_ST00195" HPOS="265" VPOS="1008" WIDTH="36" HEIGHT="17" CONTENT="on" WC="0.87" CC="02"/>
						<SP ID="P41_SP00175" HPOS="301" VPOS="1034" WIDTH="20"/>
						<String ID="P41_ST00196" HPOS="321" VPOS="999" WIDTH="55" HEIGHT="26" CONTENT="this" WC="0.70" CC="0650"/>
						<SP ID="P41_SP00176" HPOS="376" VPOS="1034" WIDTH="21"/>
						<String ID="P41_ST00197" HPOS="397" VPOS="1000" WIDTH="136" HEIGHT="31" CONTENT="occasion," WC="0.94" CC="000004000"/>
						<SP ID="P41_SP00177" HPOS="533" VPOS="1034" WIDTH="15"/>
						<String ID="P41_ST00198" HPOS="548" VPOS="1000" WIDTH="51" HEIGHT="25" CONTENT="but" WC="1.00" CC="000"/>
						<SP ID="P41_SP00178" HPOS="599" VPOS="1034" WIDTH="14"/>
						<String ID="P41_ST00199" HPOS="613" VPOS="1008" WIDTH="50" HEIGHT="25" CONTENT="my" WC="1.00" CC="00"/>
						<SP ID="P41_SP00179" HPOS="663" VPOS="1034" WIDTH="20"/>
						<String ID="P41_ST00200" HPOS="683" VPOS="1000" WIDTH="88" HEIGHT="25" CONTENT="friend" WC="1.00" CC="000000"/>
						<SP ID="P41_SP00180" HPOS="771" VPOS="1034" WIDTH="14"/>
						<String ID="P41_ST00201" HPOS="785" VPOS="1000" WIDTH="137" HEIGHT="25" CONTENT="admitted" WC="0.92" CC="00060000"/>
						<SP ID="P41_SP00181" HPOS="922" VPOS="1034" WIDTH="16"/>
						<String ID="P41_ST00202" HPOS="938" VPOS="999" WIDTH="67" HEIGHT="30" CONTENT="that," WC="0.85" CC="07000"/>
					</TextLine>
					<TextLine ID="P41_TL00022" HPOS="74" VPOS="1046" WIDTH="931" HEIGHT="36">
						<String ID="P41_ST00203" HPOS="74" VPOS="1047" WIDTH="108" HEIGHT="35" CONTENT="though" WC="0.85" CC="000080"/>
						<SP ID="P41_SP00182" HPOS="182" VPOS="1082" WIDTH="14"/>
						<String ID="P41_ST00204" HPOS="196" VPOS="1047" WIDTH="65" HEIGHT="25" CONTENT="thus" WC="1.00" CC="0000"/>
						<SP ID="P41_SP00183" HPOS="261" VPOS="1082" WIDTH="15"/>
						<String ID="P41_ST00205" HPOS="276" VPOS="1050" WIDTH="28" HEIGHT="22" CONTENT="at" WC="1.00" CC="00"/>
						<SP ID="P41_SP00184" HPOS="304" VPOS="1082" WIDTH="15"/>
						<String ID="P41_ST00206" HPOS="319" VPOS="1046" WIDTH="60" HEIGHT="26" CONTENT="first" WC="0.77" CC="00090"/>
						<SP ID="P41_SP00185" HPOS="379" VPOS="1082" WIDTH="13"/>
						<String ID="P41_ST00207" HPOS="392" VPOS="1046" WIDTH="158" HEIGHT="31" CONTENT="successful," WC="0.95" CC="30000000020"/>
						<SP ID="P41_SP00186" HPOS="550" VPOS="1082" WIDTH="14"/>
						<String ID="P41_ST00208" HPOS="564" VPOS="1046" WIDTH="43" HEIGHT="26" CONTENT="his" WC="0.81" CC="220"/>
						<SP ID="P41_SP00187" HPOS="607" VPOS="1082" WIDTH="21"/>
						<String ID="P41_ST00209" HPOS="628" VPOS="1046" WIDTH="130" HEIGHT="34" CONTENT="monthly" WC="0.78" CC="0020650"/>
						<SP ID="P41_SP00188" HPOS="758" VPOS="1082" WIDTH="20"/>
						<String ID="P41_ST00210" HPOS="778" VPOS="1046" WIDTH="62" HEIGHT="26" CONTENT="bills" WC="0.89" CC="05000"/>
						<SP ID="P41_SP00189" HPOS="840" VPOS="1082" WIDTH="15"/>
						<String ID="P41_ST00211" HPOS="855" VPOS="1046" WIDTH="150" HEIGHT="32" CONTENT="increased," WC="0.96" CC="4000000000"/>
					</TextLine>
					<TextLine ID="P41_TL00023" HPOS="74" VPOS="1094" WIDTH="546" HEIGHT="33">
						<String ID="P41_ST00212" HPOS="74" VPOS="1095" WIDTH="55" HEIGHT="25" CONTENT="and" WC="1.00" CC="000"/>
						<SP ID="P41_SP00190" HPOS="129" VPOS="1120" WIDTH="15"/>
						<String ID="P41_ST00213" HPOS="144" VPOS="1094" WIDTH="34" HEIGHT="26" CONTENT="he" WC="1.00" CC="00"/>
						<SP ID="P41_SP00191" HPOS="178" VPOS="1120" WIDTH="14"/>
						<String ID="P41_ST00214" HPOS="192" VPOS="1094" WIDTH="81" HEIGHT="26" CONTENT="could" WC="1.00" CC="00000"/>
						<SP ID="P41_SP00192" HPOS="273" VPOS="1120" WIDTH="16"/>
						<String ID="P41_ST00215" HPOS="289" VPOS="1098" WIDTH="49" HEIGHT="22" CONTENT="not" WC="1.00" CC="000"/>
						<SP ID="P41_SP00193" HPOS="338" VPOS="1120" WIDTH="15"/>
						<String ID="P41_ST00216" HPOS="353" VPOS="1094" WIDTH="71" HEIGHT="33" CONTENT="keep" WC="0.98" CC="0000"/>
						<SP ID="P41_SP00194" HPOS="424" VPOS="1127" WIDTH="14"/>
						<String ID="P41_ST00217" HPOS="438" VPOS="1094" WIDTH="78" HEIGHT="26" CONTENT="them" WC="0.83" CC="0600"/>
						<SP ID="P41_SP00195" HPOS="516" VPOS="1127" WIDTH="15"/>
						<String ID="P41_ST00218" HPOS="531" VPOS="1094" WIDTH="89" HEIGHT="26" CONTENT="down." WC="1.00" CC="00000"/>
					</TextLine>
				</TextBlock>
				<TextBlock ID="P41_TB00004" HPOS="72" VPOS="1141" WIDTH="936" HEIGHT="223" STYLEREFS="TXT_0 PAR_LEFT">
					<TextLine ID="P41_TL00024" HPOS="111" VPOS="1141" WIDTH="897" HEIGHT="35">
						<String ID="P41_ST00219" HPOS="111" VPOS="1142" WIDTH="104" HEIGHT="34" CONTENT="People" WC="0.89" CC="600000"/>
						<SP ID="P41_SP00196" HPOS="215" VPOS="1176" WIDTH="14"/>
						<String ID="P41_ST00220" HPOS="229" VPOS="1141" WIDTH="63" HEIGHT="26" CONTENT="who" WC="1.00" CC="000"/>
						<SP ID="P41_SP00197" HPOS="292" VPOS="1176" WIDTH="20"/>
						<String ID="P41_ST00221" HPOS="312" VPOS="1142" WIDTH="72" HEIGHT="25" CONTENT="have" WC="0.82" CC="7000"/>
						<SP ID="P41_SP00198" HPOS="384" VPOS="1176" WIDTH="14"/>
						<String ID="P41_ST00222" HPOS="398" VPOS="1145" WIDTH="49" HEIGHT="22" CONTENT="not" WC="0.92" CC="002"/>
						<SP ID="P41_SP00199" HPOS="447" VPOS="1176" WIDTH="14"/>
						<String ID="P41_ST00223" HPOS="461" VPOS="1141" WIDTH="70" HEIGHT="26" CONTENT="been" WC="1.00" CC="0000"/>
						<SP ID="P41_SP00200" HPOS="531" VPOS="1176" WIDTH="16"/>
						<String ID="P41_ST00224" HPOS="547" VPOS="1142" WIDTH="27" HEIGHT="24" CONTENT="in" WC="0.73" CC="22"/>
						<SP ID="P41_SP00201" HPOS="574" VPOS="1176" WIDTH="16"/>
						<String ID="P41_ST00225" HPOS="590" VPOS="1141" WIDTH="81" HEIGHT="25" CONTENT="India" WC="1.00" CC="00000"/>
						<SP ID="P41_SP00202" HPOS="671" VPOS="1176" WIDTH="14"/>
						<String ID="P41_ST00226" HPOS="685" VPOS="1150" WIDTH="66" HEIGHT="25" CONTENT="may" WC="1.00" CC="000"/>
						<SP ID="P41_SP00203" HPOS="751" VPOS="1176" WIDTH="14"/>
						<String ID="P41_ST00227" HPOS="765" VPOS="1149" WIDTH="58" HEIGHT="26" CONTENT="say," WC="0.75" CC="0090"/>
						<SP ID="P41_SP00204" HPOS="823" VPOS="1176" WIDTH="22"/>
						<String ID="P41_ST00228" HPOS="845" VPOS="1143" WIDTH="14" HEIGHT="11" CONTENT='"' WC="0.73" CC="2"/>
						<SP ID="P41_SP00205" HPOS="859" VPOS="1176" WIDTH="12"/>
						<String ID="P41_ST00229" HPOS="871" VPOS="1141" WIDTH="54" HEIGHT="25" CONTENT="But" WC="0.99" CC="000"/>
						<SP ID="P41_SP00206" HPOS="925" VPOS="1176" WIDTH="19"/>
						<String ID="P41_ST00230" HPOS="944" VPOS="1141" WIDTH="64" HEIGHT="34" CONTENT="why" WC="0.85" CC="040"/>
					</TextLine>
					<TextLine ID="P41_TL00025" HPOS="75" VPOS="1188" WIDTH="932" HEIGHT="35">
						<String ID="P41_ST00231" HPOS="75" VPOS="1193" WIDTH="49" HEIGHT="22" CONTENT="not" WC="1.00" CC="000"/>
						<SP ID="P41_SP00207" HPOS="124" VPOS="1215" WIDTH="14"/>
						<String ID="P41_ST00232" HPOS="138" VPOS="1189" WIDTH="36" HEIGHT="26" CONTENT="do" WC="0.98" CC="00"/>
						<SP ID="P41_SP00208" HPOS="174" VPOS="1215" WIDTH="22"/>
						<String ID="P41_ST00233" HPOS="196" VPOS="1198" WIDTH="72" HEIGHT="25" CONTENT="your" WC="1.00" CC="0000"/>
						<SP ID="P41_SP00209" HPOS="268" VPOS="1223" WIDTH="20"/>
						<String ID="P41_ST00234" HPOS="288" VPOS="1198" WIDTH="62" HEIGHT="17" CONTENT="own" WC="1.00" CC="000"/>
						<SP ID="P41_SP00210" HPOS="350" VPOS="1223" WIDTH="24"/>
						<String ID="P41_ST00235" HPOS="374" VPOS="1188" WIDTH="197" HEIGHT="34" CONTENT='marketing?"' WC="0.86" CC="00000022045"/>
						<SP ID="P41_SP00211" HPOS="571" VPOS="1223" WIDTH="40"/>
						<String ID="P41_ST00236" HPOS="611" VPOS="1188" WIDTH="44" HEIGHT="26" CONTENT="To" WC="1.00" CC="00"/>
						<SP ID="P41_SP00212" HPOS="655" VPOS="1223" WIDTH="23"/>
						<String ID="P41_ST00237" HPOS="678" VPOS="1188" WIDTH="55" HEIGHT="26" CONTENT="this" WC="0.89" CC="0400"/>
						<SP ID="P41_SP00213" HPOS="733" VPOS="1223" WIDTH="24"/>
						<String ID="P41_ST00238" HPOS="757" VPOS="1188" WIDTH="11" HEIGHT="26" CONTENT="I" WC="1.00" CC="0"/>
						<SP ID="P41_SP00214" HPOS="768" VPOS="1223" WIDTH="23"/>
						<String ID="P41_ST00239" HPOS="791" VPOS="1188" WIDTH="86" HEIGHT="34" CONTENT="reply," WC="0.91" CC="000103"/>
						<SP ID="P41_SP00215" HPOS="877" VPOS="1223" WIDTH="23"/>
						<String ID="P41_ST00240" HPOS="900" VPOS="1188" WIDTH="62" HEIGHT="26" CONTENT="that" WC="0.92" CC="0300"/>
						<SP ID="P41_SP00216" HPOS="962" VPOS="1223" WIDTH="24"/>
						<String ID="P41_ST00241" HPOS="986" VPOS="1189" WIDTH="21" HEIGHT="25" CONTENT="it" WC="1.00" CC="00"/>
					</TextLine>
					<TextLine ID="P41_TL00026" HPOS="74" VPOS="1236" WIDTH="931" HEIGHT="35">
						<String ID="P41_ST00242" HPOS="74" VPOS="1237" WIDTH="22" HEIGHT="25" CONTENT="is" WC="0.63" CC="60"/>
						<SP ID="P41_SP00217" HPOS="96" VPOS="1262" WIDTH="20"/>
						<String ID="P41_ST00243" HPOS="116" VPOS="1236" WIDTH="105" HEIGHT="34" CONTENT="simply" WC="0.90" CC="030020"/>
						<SP ID="P41_SP00218" HPOS="221" VPOS="1270" WIDTH="20"/>
						<String ID="P41_ST00244" HPOS="241" VPOS="1236" WIDTH="161" HEIGHT="35" CONTENT="impossible" WC="0.94" CC="0000001040"/>
						<SP ID="P41_SP00219" HPOS="402" VPOS="1271" WIDTH="20"/>
						<String ID="P41_ST00245" HPOS="422" VPOS="1236" WIDTH="42" HEIGHT="25" CONTENT="for" WC="0.89" CC="300"/>
						<SP ID="P41_SP00220" HPOS="464" VPOS="1271" WIDTH="18"/>
						<String ID="P41_ST00246" HPOS="482" VPOS="1244" WIDTH="34" HEIGHT="18" CONTENT="an" WC="1.00" CC="00"/>
						<SP ID="P41_SP00221" HPOS="516" VPOS="1271" WIDTH="21"/>
						<String ID="P41_ST00247" HPOS="537" VPOS="1236" WIDTH="119" HEIGHT="34" CONTENT="English" WC="0.90" CC="0005001"/>
						<SP ID="P41_SP00222" HPOS="656" VPOS="1271" WIDTH="28"/>
						<String ID="P41_ST00248" HPOS="684" VPOS="1236" WIDTH="161" HEIGHT="34" CONTENT="gentleman" WC="0.80" CC="900040003"/>
						<SP ID="P41_SP00223" HPOS="845" VPOS="1271" WIDTH="23"/>
						<String ID="P41_ST00249" HPOS="868" VPOS="1244" WIDTH="32" HEIGHT="17" CONTENT="or" WC="0.84" CC="03"/>
						<SP ID="P41_SP00224" HPOS="900" VPOS="1271" WIDTH="21"/>
						<String ID="P41_ST00250" HPOS="921" VPOS="1236" WIDTH="67" HEIGHT="33" CONTENT="lady" WC="1.00" CC="0000"/>
						<SP ID="P41_SP00225" HPOS="988" VPOS="1271" WIDTH="13"/>
						<String ID="P41_ST00251" HPOS="1001" VPOS="1245" WIDTH="4" HEIGHT="22" CONTENT=";" WC="1.00" CC="0"/>
					</TextLine>
					<TextLine ID="P41_TL00027" HPOS="73" VPOS="1282" WIDTH="935" HEIGHT="35">
						<String ID="P41_ST00252" HPOS="73" VPOS="1284" WIDTH="49" HEIGHT="25" CONTENT="the" WC="1.00" CC="000"/>
						<SP ID="P41_SP00226" HPOS="122" VPOS="1309" WIDTH="27"/>
						<String ID="P41_ST00253" HPOS="149" VPOS="1283" WIDTH="111" HEIGHT="27" CONTENT="climate" WC="0.94" CC="0300000"/>
						<SP ID="P41_SP00227" HPOS="260" VPOS="1310" WIDTH="23"/>
						<String ID="P41_ST00254" HPOS="283" VPOS="1285" WIDTH="55" HEIGHT="24" CONTENT="and" WC="1.00" CC="000"/>
						<SP ID="P41_SP00228" HPOS="338" VPOS="1310" WIDTH="22"/>
						<String ID="P41_ST00255" HPOS="360" VPOS="1284" WIDTH="49" HEIGHT="25" CONTENT="the" WC="1.00" CC="000"/>
						<SP ID="P41_SP00229" HPOS="409" VPOS="1310" WIDTH="26"/>
						<String ID="P41_ST00256" HPOS="435" VPOS="1287" WIDTH="123" HEIGHT="22" CONTENT="customs" WC="0.99" CC="0000000"/>
						<SP ID="P41_SP00230" HPOS="558" VPOS="1310" WIDTH="27"/>
						<String ID="P41_ST00257" HPOS="585" VPOS="1283" WIDTH="32" HEIGHT="26" CONTENT="of" WC="1.00" CC="00"/>
						<SP ID="P41_SP00231" HPOS="617" VPOS="1310" WIDTH="22"/>
						<String ID="P41_ST00258" HPOS="639" VPOS="1283" WIDTH="46" HEIGHT="26" CONTENT="the" WC="0.95" CC="010"/>
						<SP ID="P41_SP00232" HPOS="685" VPOS="1310" WIDTH="24"/>
						<String ID="P41_ST00259" HPOS="709" VPOS="1287" WIDTH="118" HEIGHT="30" CONTENT="country" WC="0.93" CC="0013000"/>
						<SP ID="P41_SP00233" HPOS="827" VPOS="1317" WIDTH="21"/>
						<String ID="P41_ST00260" HPOS="848" VPOS="1282" WIDTH="160" HEIGHT="34" CONTENT="absolutely" WC="0.90" CC="0000305010"/>
					</TextLine>
					<TextLine ID="P41_TL00028" HPOS="73" VPOS="1331" WIDTH="164" HEIGHT="33">
						<String ID="P41_ST00261" HPOS="73" VPOS="1335" WIDTH="116" HEIGHT="29" CONTENT="prevent" WC="1.00" CC="0000000"/>
						<SP ID="P41_SP00234" HPOS="189" VPOS="1364" WIDTH="21"/>
						<String ID="P41_ST00262" HPOS="210" VPOS="1331" WIDTH="27" HEIGHT="26" CONTENT="it." WC="1.00" CC="000"/>
					</TextLine>
				</TextBlock>
				<TextBlock ID="P41_TB00005" HPOS="71" VPOS="1377" WIDTH="937" HEIGHT="176" STYLEREFS="TXT_0 PAR_LEFT">
					<TextLine ID="P41_TL00029" HPOS="110" VPOS="1377" WIDTH="895" HEIGHT="36">
						<String ID="P41_ST00263" HPOS="110" VPOS="1379" WIDTH="55" HEIGHT="25" CONTENT="But" WC="0.86" CC="040"/>
						<SP ID="P41_SP00235" HPOS="165" VPOS="1404" WIDTH="14"/>
						<String ID="P41_ST00264" HPOS="179" VPOS="1379" WIDTH="108" HEIGHT="34" CONTENT="though" WC="1.00" CC="000000"/>
						<SP ID="P41_SP00236" HPOS="287" VPOS="1413" WIDTH="14"/>
						<String ID="P41_ST00265" HPOS="301" VPOS="1387" WIDTH="51" HEIGHT="17" CONTENT="our" WC="1.00" CC="000"/>
						<SP ID="P41_SP00237" HPOS="352" VPOS="1413" WIDTH="19"/>
						<String ID="P41_ST00266" HPOS="371" VPOS="1379" WIDTH="110" HEIGHT="25" CONTENT="bearers" WC="0.99" CC="0000000"/>
						<SP ID="P41_SP00238" HPOS="481" VPOS="1413" WIDTH="16"/>
						<String ID="P41_ST00267" HPOS="497" VPOS="1377" WIDTH="93" HEIGHT="26" CONTENT="would" WC="0.92" CC="00030"/>
						<SP ID="P41_SP00239" HPOS="590" VPOS="1413" WIDTH="21"/>
						<String ID="P41_ST00268" HPOS="611" VPOS="1381" WIDTH="50" HEIGHT="22" CONTENT="not" WC="1.00" CC="000"/>
						<SP ID="P41_SP00240" HPOS="661" VPOS="1413" WIDTH="19"/>
						<String ID="P41_ST00269" HPOS="680" VPOS="1377" WIDTH="71" HEIGHT="26" CONTENT="steal" WC="1.00" CC="00000"/>
						<SP ID="P41_SP00241" HPOS="751" VPOS="1413" WIDTH="14"/>
						<String ID="P41_ST00270" HPOS="765" VPOS="1377" WIDTH="70" HEIGHT="26" CONTENT="from" WC="1.00" CC="0000"/>
						<SP ID="P41_SP00242" HPOS="835" VPOS="1413" WIDTH="18"/>
						<String ID="P41_ST00271" HPOS="853" VPOS="1377" WIDTH="72" HEIGHT="26" CONTENT="their" WC="0.85" CC="01050"/>
						<SP ID="P41_SP00243" HPOS="925" VPOS="1413" WIDTH="19"/>
						<String ID="P41_ST00272" HPOS="944" VPOS="1387" WIDTH="61" HEIGHT="16" CONTENT="own" WC="1.00" CC="000"/>
					</TextLine>
					<TextLine ID="P41_TL00030" HPOS="72" VPOS="1425" WIDTH="934" HEIGHT="33">
						<String ID="P41_ST00273" HPOS="72" VPOS="1430" WIDTH="127" HEIGHT="28" CONTENT="masters," WC="0.85" CC="07000003"/>
						<SP ID="P41_SP00244" HPOS="199" VPOS="1458" WIDTH="16"/>
						<String ID="P41_ST00274" HPOS="215" VPOS="1426" WIDTH="11" HEIGHT="25" CONTENT="I" WC="1.00" CC="0"/>
						<SP ID="P41_SP00245" HPOS="226" VPOS="1458" WIDTH="16"/>
						<String ID="P41_ST00275" HPOS="242" VPOS="1425" WIDTH="78" HEIGHT="27" CONTENT="don't" WC="0.91" CC="00400"/>
						<SP ID="P41_SP00246" HPOS="320" VPOS="1458" WIDTH="13"/>
						<String ID="P41_ST00276" HPOS="333" VPOS="1425" WIDTH="81" HEIGHT="27" CONTENT="think" WC="1.00" CC="00000"/>
						<SP ID="P41_SP00247" HPOS="414" VPOS="1458" WIDTH="18"/>
						<String ID="P41_ST00277" HPOS="432" VPOS="1425" WIDTH="69" HEIGHT="33" CONTENT="they" WC="0.88" CC="0400"/>
						<SP ID="P41_SP00248" HPOS="501" VPOS="1458" WIDTH="13"/>
						<String ID="P41_ST00278" HPOS="514" VPOS="1425" WIDTH="55" HEIGHT="26" CONTENT="had" WC="0.75" CC="700"/>
						<SP ID="P41_SP00249" HPOS="569" VPOS="1458" WIDTH="16"/>
						<String ID="P41_ST00279" HPOS="585" VPOS="1434" WIDTH="56" HEIGHT="24" CONTENT="any" WC="1.00" CC="000"/>
						<SP ID="P41_SP00250" HPOS="641" VPOS="1458" WIDTH="13"/>
						<String ID="P41_ST00280" HPOS="654" VPOS="1425" WIDTH="123" HEIGHT="33" CONTENT="scruples" WC="1.00" CC="00000000"/>
						<SP ID="P41_SP00251" HPOS="777" VPOS="1458" WIDTH="23"/>
						<String ID="P41_ST00281" HPOS="800" VPOS="1425" WIDTH="86" HEIGHT="25" CONTENT="about" WC="1.00" CC="00000"/>
						<SP ID="P41_SP00252" HPOS="886" VPOS="1458" WIDTH="21"/>
						<String ID="P41_ST00282" HPOS="907" VPOS="1425" WIDTH="99" HEIGHT="33" CONTENT="taking" WC="0.88" CC="001500"/>
					</TextLine>
					<TextLine ID="P41_TL00031" HPOS="72" VPOS="1472" WIDTH="934" HEIGHT="35">
						<String ID="P41_ST00283" HPOS="72" VPOS="1474" WIDTH="74" HEIGHT="26" CONTENT="what" WC="0.84" CC="0600"/>
						<SP ID="P41_SP00253" HPOS="146" VPOS="1500" WIDTH="23"/>
						<String ID="P41_ST00284" HPOS="169" VPOS="1474" WIDTH="68" HEIGHT="33" CONTENT="they" WC="1.00" CC="0000"/>
						<SP ID="P41_SP00254" HPOS="237" VPOS="1507" WIDTH="15"/>
						<String ID="P41_ST00285" HPOS="252" VPOS="1473" WIDTH="82" HEIGHT="26" CONTENT="could" WC="0.96" CC="10000"/>
						<SP ID="P41_SP00255" HPOS="334" VPOS="1507" WIDTH="14"/>
						<String ID="P41_ST00286" HPOS="348" VPOS="1473" WIDTH="71" HEIGHT="26" CONTENT="from" WC="0.97" CC="0000"/>
						<SP ID="P41_SP00256" HPOS="419" VPOS="1507" WIDTH="24"/>
						<String ID="P41_ST00287" HPOS="443" VPOS="1473" WIDTH="48" HEIGHT="25" CONTENT="the" WC="0.95" CC="010"/>
						<SP ID="P41_SP00257" HPOS="491" VPOS="1507" WIDTH="21"/>
						<String ID="P41_ST00288" HPOS="512" VPOS="1472" WIDTH="158" HEIGHT="34" CONTENT="employers" WC="0.95" CC="000400000"/>
						<SP ID="P41_SP00258" HPOS="670" VPOS="1507" WIDTH="15"/>
						<String ID="P41_ST00289" HPOS="685" VPOS="1472" WIDTH="31" HEIGHT="25" CONTENT="of" WC="1.00" CC="00"/>
						<SP ID="P41_SP00259" HPOS="716" VPOS="1507" WIDTH="16"/>
						<String ID="P41_ST00290" HPOS="732" VPOS="1472" WIDTH="72" HEIGHT="25" CONTENT="their" WC="0.86" CC="00060"/>
						<SP ID="P41_SP00260" HPOS="804" VPOS="1507" WIDTH="13"/>
						<String ID="P41_ST00291" HPOS="817" VPOS="1472" WIDTH="189" HEIGHT="34" CONTENT="companions." WC="0.89" CC="00002040300"/>
					</TextLine>
					<TextLine ID="P41_TL00032" HPOS="74" VPOS="1519" WIDTH="934" HEIGHT="34">
						<String ID="P41_ST00292" HPOS="74" VPOS="1521" WIDTH="72" HEIGHT="26" CONTENT="Fear" WC="1.00" CC="0000"/>
						<SP ID="P41_SP00261" HPOS="146" VPOS="1547" WIDTH="17"/>
						<String ID="P41_ST00293" HPOS="163" VPOS="1521" WIDTH="32" HEIGHT="26" CONTENT="of" WC="0.70" CC="23"/>
						<SP ID="P41_SP00262" HPOS="195" VPOS="1547" WIDTH="16"/>
						<String ID="P41_ST00294" HPOS="211" VPOS="1521" WIDTH="150" HEIGHT="31" CONTENT="detection," WC="0.95" CC="0000002030"/>
						<SP ID="P41_SP00263" HPOS="361" VPOS="1552" WIDTH="15"/>
						<String ID="P41_ST00295" HPOS="376" VPOS="1520" WIDTH="55" HEIGHT="27" CONTENT="and" WC="1.00" CC="000"/>
						<SP ID="P41_SP00264" HPOS="431" VPOS="1552" WIDTH="23"/>
						<String ID="P41_ST00296" HPOS="454" VPOS="1520" WIDTH="36" HEIGHT="26" CONTENT="its" WC="0.84" CC="400"/>
						<SP ID="P41_SP00265" HPOS="490" VPOS="1552" WIDTH="23"/>
						<String ID="P41_ST00297" HPOS="513" VPOS="1519" WIDTH="191" HEIGHT="34" CONTENT="disagreeable" WC="0.92" CC="060001000010"/>
						<SP ID="P41_SP00266" HPOS="704" VPOS="1553" WIDTH="23"/>
						<String ID="P41_ST00298" HPOS="727" VPOS="1528" WIDTH="212" HEIGHT="25" CONTENT="consequences," WC="0.95" CC="0040000000001"/>
						<SP ID="P41_SP00267" HPOS="939" VPOS="1553" WIDTH="13"/>
						<String ID="P41_ST00299" HPOS="952" VPOS="1527" WIDTH="56" HEIGHT="18" CONTENT="was" WC="1.00" CC="000"/>
					</TextLine>
				</TextBlock>
				<TextBlock ID="P41_TB00006" HPOS="183" VPOS="1573" WIDTH="714" HEIGHT="21" STYLEREFS="TXT_0 PAR_CENTER">
					<TextLine ID="P41_TL00033" HPOS="183" VPOS="1573" WIDTH="714" HEIGHT="21">
						<String ID="P41_ST00300" HPOS="183" VPOS="1574" WIDTH="68" HEIGHT="20" CONTENT="VOL." WC="0.94" CC="0101"/>
						<SP ID="P41_SP00268" HPOS="251" VPOS="1594" WIDTH="22"/>
						<String ID="P41_ST00301" HPOS="273" VPOS="1574" WIDTH="16" HEIGHT="20" CONTENT="I." WC="1.00" CC="00"/>
						<SP ID="P41_SP00269" HPOS="289" VPOS="1594" WIDTH="588"/>
						<String ID="P41_ST00302" HPOS="877" VPOS="1573" WIDTH="20" HEIGHT="20" CONTENT="D" WC="0.14" CC="8"/>
					</TextLine>
				</TextBlock>
			</PrintSpace>
		</Page>
	</Layout>
</alto>
