<?xml version="1.0" encoding="UTF-8"?>
<alto xmlns:xsi="http://www.w3.org/2001/XMLSchema-instance" xsi:noNamespaceSchemaLocation="http://www.bl.uk/schemas/alto/alto-1-4.xsd" xmlns:xlink="http://www.w3.org/1999/xlink">
	<Description>
		<MeasurementUnit>mm10</MeasurementUnit>
		<sourceImageInformation>
			<fileName>//head1/IN/2008-11/A0011351408.1/007115.jp2</fileName>
		</sourceImageInformation>
		<OCRProcessing ID="OCRPROCESSING_1">
			<preProcessingStep>
				<processingSoftware>
					<softwareCreator>CCS Content Conversion Specialists GmbH, Germany</softwareCreator>
					<softwareName>CCS docWORKS</softwareName>
					<softwareVersion>6.1-0.67</softwareVersion>
				</processingSoftware>
			</preProcessingStep>
			<ocrProcessingStep>
				<processingSoftware>
					<softwareCreator>ABBYY (BIT Software), Russia</softwareCreator>
					<softwareName>Finereader</softwareName>
				</processingSoftware>
			</ocrProcessingStep>
		</OCRProcessing>
	</Description>
	<Styles>
		<TextStyle ID="TXT_0" FONTSIZE="10" FONTFAMILY="Courier New"/>
		<TextStyle ID="TXT_1" FONTSIZE="9" FONTFAMILY="Courier New"/>
		<ParagraphStyle ID="PAR_CENTER" ALIGN="Center"/>
		<ParagraphStyle ID="PAR_LEFT" ALIGN="Left"/>
	</Styles>
	<Layout>
		<Page ID="P29" PHYSICAL_IMG_NR="29" HEIGHT="1706" WIDTH="1150" POSITION="Right" ACCURACY="88.09">
			<TopMargin ID="P29_TM00001" HPOS="0" VPOS="0" WIDTH="1149" HEIGHT="310"/>
			<LeftMargin ID="P29_LM00001" HPOS="0" VPOS="310" WIDTH="82" HEIGHT="1254"/>
			<RightMargin ID="P29_RM00001" HPOS="1016" VPOS="310" WIDTH="133" HEIGHT="1254"/>
			<BottomMargin ID="P29_BM00001" HPOS="0" VPOS="1564" WIDTH="1149" HEIGHT="142"/>
			<PrintSpace ID="P29_PS00001" HPOS="82" VPOS="310" WIDTH="934" HEIGHT="1254">
				<TextBlock ID="P29_TB00001" HPOS="429" VPOS="310" WIDTH="250" HEIGHT="26" STYLEREFS="TXT_0 PAR_CENTER">
					<TextLine ID="P29_TL00001" HPOS="429" VPOS="311" WIDTH="250" HEIGHT="25">
						<String ID="P29_ST00001" HPOS="429" VPOS="311" WIDTH="192" HEIGHT="25" CONTENT="CHAPTER" WC="0.86" CC="0503000"/>
						<SP ID="P29_SP00001" HPOS="621" VPOS="336" WIDTH="22"/>
						<String ID="P29_ST00002" HPOS="643" VPOS="311" WIDTH="36" HEIGHT="25" CONTENT="II." WC="1.00" CC="000"/>
					</TextLine>
				</TextBlock>
				<TextBlock ID="P29_TB00002" HPOS="254" VPOS="389" WIDTH="584" HEIGHT="19" STYLEREFS="TXT_1 PAR_CENTER">
					<TextLine ID="P29_TL00002" HPOS="254" VPOS="389" WIDTH="584" HEIGHT="19">
						<String ID="P29_ST00003" HPOS="254" VPOS="389" WIDTH="73" HEIGHT="19" CONTENT="LIFE" WC="1.00" CC="0000"/>
						<SP ID="P29_SP00002" HPOS="327" VPOS="408" WIDTH="18"/>
						<String ID="P29_ST00004" HPOS="345" VPOS="389" WIDTH="41" HEIGHT="19" CONTENT="AS" WC="1.00" CC="00"/>
						<SP ID="P29_SP00003" HPOS="386" VPOS="408" WIDTH="17"/>
						<String ID="P29_ST00005" HPOS="403" VPOS="390" WIDTH="19" HEIGHT="18" CONTENT="A" WC="1.00" CC="0"/>
						<SP ID="P29_SP00004" HPOS="422" VPOS="408" WIDTH="21"/>
						<String ID="P29_ST00006" HPOS="443" VPOS="389" WIDTH="155" HEIGHT="19" CONTENT="STUDENT" WC="0.89" CC="0000007"/>
						<SP ID="P29_SP00005" HPOS="598" VPOS="408" WIDTH="14"/>
						<String ID="P29_ST00007" HPOS="612" VPOS="389" WIDTH="37" HEIGHT="19" CONTENT="IN" WC="0.72" CC="04"/>
						<SP ID="P29_SP00006" HPOS="649" VPOS="408" WIDTH="21"/>
						<String ID="P29_ST00008" HPOS="670" VPOS="389" WIDTH="168" HEIGHT="19" CONTENT="CALCUTTA." WC="0.96" CC="000300000"/>
					</TextLine>
				</TextBlock>
				<TextBlock ID="P29_TB00003" HPOS="89" VPOS="459" WIDTH="927" HEIGHT="222" STYLEREFS="TXT_1 PAR_LEFT">
					<TextLine ID="P29_TL00003" HPOS="89" VPOS="460" WIDTH="927" HEIGHT="22">
						<String ID="P29_ST00009" HPOS="89" VPOS="460" WIDTH="118" HEIGHT="21" CONTENT="SPENCE'S" WC="0.83" CC="00040620"/>
						<SP ID="P29_SP00007" HPOS="207" VPOS="481" WIDTH="17"/>
						<String ID="P29_ST00010" HPOS="224" VPOS="464" WIDTH="125" HEIGHT="18" CONTENT="HOTEL.—" WC="0.85" CC="0200008"/>
						<String ID="P29_ST00011" HPOS="351" VPOS="464" WIDTH="84" HEIGHT="18" CONTENT="FRESH" WC="0.84" CC="10006"/>
						<SP ID="P29_SP00008" HPOS="435" VPOS="482" WIDTH="24"/>
						<String ID="P29_ST00012" HPOS="459" VPOS="464" WIDTH="101" HEIGHT="18" CONTENT="EGGS.—" WC="0.80" CC="065000"/>
						<String ID="P29_ST00013" HPOS="562" VPOS="464" WIDTH="201" HEIGHT="17" CONTENT="EXAMINATIONS" WC="0.73" CC="020053803070"/>
						<SP ID="P29_SP00009" HPOS="763" VPOS="482" WIDTH="18"/>
						<String ID="P29_ST00014" HPOS="781" VPOS="464" WIDTH="30" HEIGHT="17" CONTENT="IN" WC="1.00" CC="00"/>
						<SP ID="P29_SP00010" HPOS="811" VPOS="482" WIDTH="24"/>
						<String ID="P29_ST00015" HPOS="835" VPOS="463" WIDTH="98" HEIGHT="17" CONTENT="NATIVE" WC="0.71" CC="900034"/>
						<SP ID="P29_SP00011" HPOS="933" VPOS="482" WIDTH="21"/>
						<String ID="P29_ST00016" HPOS="954" VPOS="463" WIDTH="62" HEIGHT="17" CONTENT="LAN-" WC="0.82" CC="0070"/>
					</TextLine>
					<TextLine ID="P29_TL00004" HPOS="120" VPOS="499" WIDTH="893" HEIGHT="23">
						<String ID="P29_ST00017" HPOS="120" VPOS="504" WIDTH="107" HEIGHT="18" CONTENT="GUAGES." WC="0.92" CC="1003000"/>
						<String ID="P29_ST00018" HPOS="230" VPOS="512" WIDTH="29" HEIGHT="2" CONTENT="—" WC="0.20" CC="8"/>
						<String ID="P29_ST00019" HPOS="260" VPOS="505" WIDTH="53" HEIGHT="16" CONTENT="THE" WC="1.00" CC="000"/>
						<SP ID="P29_SP00012" HPOS="313" VPOS="522" WIDTH="18"/>
						<String ID="P29_ST00020" HPOS="331" VPOS="505" WIDTH="94" HEIGHT="17" CONTENT="BAITAL" WC="0.93" CC="000040"/>
						<SP ID="P29_SP00013" HPOS="425" VPOS="522" WIDTH="19"/>
						<String ID="P29_ST00021" HPOS="444" VPOS="505" WIDTH="242" HEIGHT="17" CONTENT="PUNSHABINSHATI." WC="0.87" CC="406000000040002"/>
						<String ID="P29_ST00022" HPOS="687" VPOS="512" WIDTH="28" HEIGHT="3" CONTENT="—" WC="0.20" CC="8"/>
						<String ID="P29_ST00023" HPOS="717" VPOS="505" WIDTH="53" HEIGHT="16" CONTENT="THE" WC="1.00" CC="000"/>
						<SP ID="P29_SP00014" HPOS="770" VPOS="522" WIDTH="17"/>
						<String ID="P29_ST00024" HPOS="787" VPOS="499" WIDTH="196" HEIGHT="23" CONTENT='"CHUMMERY."' WC="0.64" CC="00107827705"/>
						<String ID="P29_ST00025" HPOS="984" VPOS="511" WIDTH="29" HEIGHT="3" CONTENT="—" WC="0.20" CC="8"/>
					</TextLine>
					<TextLine ID="P29_TL00005" HPOS="119" VPOS="544" WIDTH="897" HEIGHT="17">
						<String ID="P29_ST00026" HPOS="119" VPOS="544" WIDTH="18" HEIGHT="16" CONTENT="A" WC="0.18" CC="8"/>
						<SP ID="P29_SP00015" HPOS="137" VPOS="560" WIDTH="16"/>
						<String ID="P29_ST00027" HPOS="153" VPOS="544" WIDTH="135" HEIGHT="17" CONTENT="CALCUTTA" WC="0.58" CC="08900653"/>
						<SP ID="P29_SP00016" HPOS="288" VPOS="561" WIDTH="17"/>
						<String ID="P29_ST00028" HPOS="305" VPOS="544" WIDTH="54" HEIGHT="17" CONTENT="DAY" WC="0.60" CC="605"/>
						<SP ID="P29_SP00017" HPOS="359" VPOS="561" WIDTH="16"/>
						<String ID="P29_ST00029" HPOS="375" VPOS="545" WIDTH="29" HEIGHT="16" CONTENT="IN" WC="1.00" CC="00"/>
						<SP ID="P29_SP00018" HPOS="404" VPOS="561" WIDTH="17"/>
						<String ID="P29_ST00030" HPOS="421" VPOS="544" WIDTH="54" HEIGHT="17" CONTENT="THE" WC="0.85" CC="004"/>
						<SP ID="P29_SP00019" HPOS="475" VPOS="561" WIDTH="17"/>
						<String ID="P29_ST00031" HPOS="492" VPOS="544" WIDTH="54" HEIGHT="17" CONTENT="HOT" WC="0.94" CC="100"/>
						<SP ID="P29_SP00020" HPOS="546" VPOS="561" WIDTH="15"/>
						<String ID="P29_ST00032" HPOS="561" VPOS="544" WIDTH="138" HEIGHT="17" CONTENT="WEATHER." WC="0.79" CC="01000490"/>
						<String ID="P29_ST00033" HPOS="702" VPOS="552" WIDTH="29" HEIGHT="3" CONTENT="—" WC="0.20" CC="8"/>
						<String ID="P29_ST00034" HPOS="731" VPOS="544" WIDTH="54" HEIGHT="16" CONTENT="THE" WC="0.77" CC="033"/>
						<SP ID="P29_SP00021" HPOS="785" VPOS="561" WIDTH="17"/>
						<String ID="P29_ST00035" HPOS="802" VPOS="544" WIDTH="77" HEIGHT="16" CONTENT="MALL." WC="0.95" CC="00020"/>
						<String ID="P29_ST00036" HPOS="883" VPOS="552" WIDTH="29" HEIGHT="3" CONTENT="—" WC="0.20" CC="8"/>
						<String ID="P29_ST00037" HPOS="913" VPOS="544" WIDTH="103" HEIGHT="17" CONTENT="NORTH-" WC="0.93" CC="000021"/>
					</TextLine>
					<TextLine ID="P29_TL00006" HPOS="119" VPOS="584" WIDTH="897" HEIGHT="18">
						<String ID="P29_ST00038" HPOS="119" VPOS="584" WIDTH="157" HEIGHT="17" CONTENT="WESTERS.—" WC="0.75" CC="000138008"/>
						<String ID="P29_ST00039" HPOS="278" VPOS="585" WIDTH="181" HEIGHT="17" CONTENT="COMPETITION" WC="0.83" CC="00060600500"/>
						<SP ID="P29_SP00022" HPOS="459" VPOS="602" WIDTH="28"/>
						<String ID="P29_ST00040" HPOS="487" VPOS="585" WIDTH="131" HEIGHT="16" CONTENT="WALLAHS." WC="0.96" CC="00000200"/>
						<String ID="P29_ST00041" HPOS="621" VPOS="591" WIDTH="28" HEIGHT="3" CONTENT="—" WC="0.20" CC="8"/>
						<String ID="P29_ST00042" HPOS="651" VPOS="584" WIDTH="187" HEIGHT="18" CONTENT="THEATRICALS." WC="0.88" CC="002500004010"/>
						<String ID="P29_ST00043" HPOS="841" VPOS="592" WIDTH="28" HEIGHT="2" CONTENT="—" WC="0.20" CC="8"/>
						<String ID="P29_ST00044" HPOS="872" VPOS="584" WIDTH="54" HEIGHT="17" CONTENT="OUR" WC="1.00" CC="000"/>
						<SP ID="P29_SP00023" HPOS="926" VPOS="602" WIDTH="32"/>
						<String ID="P29_ST00045" HPOS="958" VPOS="584" WIDTH="58" HEIGHT="16" CONTENT="DIN-" WC="0.86" CC="5000"/>
					</TextLine>
					<TextLine ID="P29_TL00007" HPOS="119" VPOS="620" WIDTH="897" HEIGHT="23">
						<String ID="P29_ST00046" HPOS="119" VPOS="625" WIDTH="56" HEIGHT="16" CONTENT="NER" WC="0.77" CC="600"/>
						<SP ID="P29_SP00024" HPOS="175" VPOS="641" WIDTH="30"/>
						<String ID="P29_ST00047" HPOS="205" VPOS="625" WIDTH="92" HEIGHT="17" CONTENT="PARTY." WC="0.79" CC="600050"/>
						<String ID="P29_ST00048" HPOS="300" VPOS="633" WIDTH="28" HEIGHT="2" CONTENT="—" WC="0.20" CC="8"/>
						<String ID="P29_ST00049" HPOS="331" VPOS="625" WIDTH="174" HEIGHT="18" CONTENT="DISSOLUTION" WC="0.88" CC="01210000008"/>
						<SP ID="P29_SP00025" HPOS="505" VPOS="643" WIDTH="25"/>
						<String ID="P29_ST00050" HPOS="530" VPOS="625" WIDTH="33" HEIGHT="18" CONTENT="OF" WC="1.00" CC="00"/>
						<SP ID="P29_SP00026" HPOS="563" VPOS="643" WIDTH="31"/>
						<String ID="P29_ST00051" HPOS="594" VPOS="620" WIDTH="14" HEIGHT="11" CONTENT='"' WC="1.00" CC="0"/>
						<SP ID="P29_SP00027" HPOS="608" VPOS="643" WIDTH="9"/>
						<String ID="P29_ST00052" HPOS="617" VPOS="620" WIDTH="173" HEIGHT="22" CONTENT='CHUMMERY."' WC="0.86" CC="0050040002"/>
						<String ID="P29_ST00053" HPOS="791" VPOS="632" WIDTH="29" HEIGHT="3" CONTENT="—" WC="0.20" CC="8"/>
						<String ID="P29_ST00054" HPOS="821" VPOS="624" WIDTH="86" HEIGHT="18" CONTENT="CLUBS." WC="0.77" CC="700510"/>
						<String ID="P29_ST00055" HPOS="910" VPOS="632" WIDTH="29" HEIGHT="2" CONTENT="—" WC="0.20" CC="8"/>
						<String ID="P29_ST00056" HPOS="940" VPOS="624" WIDTH="76" HEIGHT="18" CONTENT="SNIPE" WC="0.66" CC="08160"/>
					</TextLine>
					<TextLine ID="P29_TL00008" HPOS="119" VPOS="665" WIDTH="554" HEIGHT="16">
						<String ID="P29_ST00057" HPOS="119" VPOS="665" WIDTH="142" HEIGHT="16" CONTENT="SHOOTING." WC="0.92" CC="070000000"/>
						<String ID="P29_ST00058" HPOS="264" VPOS="672" WIDTH="29" HEIGHT="3" CONTENT="—" WC="0.20" CC="8"/>
						<String ID="P29_ST00059" HPOS="294" VPOS="665" WIDTH="71" HEIGHT="16" CONTENT="TAKE" WC="0.77" CC="0080"/>
						<SP ID="P29_SP00028" HPOS="365" VPOS="681" WIDTH="16"/>
						<String ID="P29_ST00060" HPOS="381" VPOS="665" WIDTH="83" HEIGHT="16" CONTENT="LEAVE" WC="0.90" CC="00040"/>
						<SP ID="P29_SP00029" HPOS="464" VPOS="681" WIDTH="17"/>
						<String ID="P29_ST00061" HPOS="481" VPOS="665" WIDTH="33" HEIGHT="16" CONTENT="OF" WC="0.75" CC="04"/>
						<SP ID="P29_SP00030" HPOS="514" VPOS="681" WIDTH="16"/>
						<String ID="P29_ST00062" HPOS="530" VPOS="665" WIDTH="143" HEIGHT="16" CONTENT="CALCUTTA." WC="0.92" CC="700000000"/>
					</TextLine>
				</TextBlock>
				<TextBlock ID="P29_TB00004" HPOS="85" VPOS="730" WIDTH="930" HEIGHT="600" STYLEREFS="TXT_1 PAR_LEFT">
					<TextLine ID="P29_TL00009" HPOS="88" VPOS="731" WIDTH="923" HEIGHT="35">
						<String ID="P29_ST00063" HPOS="88" VPOS="731" WIDTH="29" HEIGHT="27" CONTENT="A" WC="1.00" CC="0"/>
						<SP ID="P29_SP00031" HPOS="117" VPOS="758" WIDTH="23"/>
						<String ID="P29_ST00064" HPOS="140" VPOS="737" WIDTH="67" HEIGHT="21" CONTENT="FEW" WC="0.68" CC="306"/>
						<SP ID="P29_SP00032" HPOS="207" VPOS="758" WIDTH="21"/>
						<String ID="P29_ST00065" HPOS="228" VPOS="732" WIDTH="121" HEIGHT="26" CONTENT="minutes" WC="0.92" CC="0500000"/>
						<SP ID="P29_SP00033" HPOS="349" VPOS="758" WIDTH="22"/>
						<String ID="P29_ST00066" HPOS="371" VPOS="732" WIDTH="28" HEIGHT="26" CONTENT="in" WC="0.75" CC="50"/>
						<SP ID="P29_SP00034" HPOS="399" VPOS="758" WIDTH="27"/>
						<String ID="P29_ST00067" HPOS="426" VPOS="732" WIDTH="62" HEIGHT="27" CONTENT="that" WC="1.00" CC="0000"/>
						<SP ID="P29_SP00035" HPOS="488" VPOS="759" WIDTH="30"/>
						<String ID="P29_ST00068" HPOS="518" VPOS="732" WIDTH="108" HEIGHT="26" CONTENT="curious" WC="0.89" CC="0110040"/>
						<SP ID="P29_SP00036" HPOS="626" VPOS="759" WIDTH="29"/>
						<String ID="P29_ST00069" HPOS="655" VPOS="740" WIDTH="185" HEIGHT="26" CONTENT="conveyance," WC="1.00" CC="00000000000"/>
						<SP ID="P29_SP00037" HPOS="840" VPOS="766" WIDTH="30"/>
						<String ID="P29_ST00070" HPOS="870" VPOS="741" WIDTH="17" HEIGHT="17" CONTENT="a" WC="1.00" CC="0"/>
						<SP ID="P29_SP00038" HPOS="887" VPOS="766" WIDTH="23"/>
						<String ID="P29_ST00071" HPOS="910" VPOS="733" WIDTH="13" HEIGHT="11" CONTENT='"' WC="1.00" CC="0"/>
						<SP ID="P29_SP00039" HPOS="923" VPOS="766" WIDTH="11"/>
						<String ID="P29_ST00072" HPOS="934" VPOS="731" WIDTH="77" HEIGHT="34" CONTENT="palki" WC="0.85" CC="00007"/>
					</TextLine>
					<TextLine ID="P29_TL00010" HPOS="89" VPOS="778" WIDTH="923" HEIGHT="35">
						<String ID="P29_ST00073" HPOS="89" VPOS="778" WIDTH="103" HEIGHT="35" CONTENT="gharry" WC="0.96" CC="002000"/>
						<SP ID="P29_SP00040" HPOS="192" VPOS="813" WIDTH="11"/>
						<String ID="P29_ST00074" HPOS="203" VPOS="779" WIDTH="13" HEIGHT="9" CONTENT='"' WC="0.73" CC="2"/>
						<SP ID="P29_SP00041" HPOS="216" VPOS="813" WIDTH="24"/>
						<String ID="P29_ST00075" HPOS="240" VPOS="779" WIDTH="180" HEIGHT="34" CONTENT="(resembling" WC="1.00" CC="00000000000"/>
						<SP ID="P29_SP00042" HPOS="420" VPOS="813" WIDTH="19"/>
						<String ID="P29_ST00076" HPOS="439" VPOS="788" WIDTH="17" HEIGHT="17" CONTENT="a" WC="1.00" CC="0"/>
						<SP ID="P29_SP00043" HPOS="456" VPOS="813" WIDTH="17"/>
						<String ID="P29_ST00077" HPOS="473" VPOS="779" WIDTH="152" HEIGHT="34" CONTENT="palanquin" WC="1.00" CC="000000000"/>
						<SP ID="P29_SP00044" HPOS="625" VPOS="813" WIDTH="23"/>
						<String ID="P29_ST00078" HPOS="648" VPOS="787" WIDTH="38" HEIGHT="17" CONTENT="on" WC="1.00" CC="00"/>
						<SP ID="P29_SP00045" HPOS="686" VPOS="813" WIDTH="20"/>
						<String ID="P29_ST00079" HPOS="706" VPOS="778" WIDTH="120" HEIGHT="33" CONTENT="wheels)," WC="0.90" CC="04003000"/>
						<SP ID="P29_SP00046" HPOS="826" VPOS="813" WIDTH="20"/>
						<String ID="P29_ST00080" HPOS="846" VPOS="778" WIDTH="114" HEIGHT="26" CONTENT="sufficed" WC="1.00" CC="00000000"/>
						<SP ID="P29_SP00047" HPOS="960" VPOS="813" WIDTH="23"/>
						<String ID="P29_ST00081" HPOS="983" VPOS="782" WIDTH="29" HEIGHT="21" CONTENT="to" WC="1.00" CC="00"/>
					</TextLine>
					<TextLine ID="P29_TL00011" HPOS="88" VPOS="825" WIDTH="927" HEIGHT="34">
						<String ID="P29_ST00082" HPOS="88" VPOS="835" WIDTH="107" HEIGHT="24" CONTENT="convey" WC="1.00" CC="000000"/>
						<SP ID="P29_SP00048" HPOS="195" VPOS="859" WIDTH="15"/>
						<String ID="P29_ST00083" HPOS="210" VPOS="834" WIDTH="44" HEIGHT="18" CONTENT="me" WC="1.00" CC="00"/>
						<SP ID="P29_SP00049" HPOS="254" VPOS="859" WIDTH="14"/>
						<String ID="P29_ST00084" HPOS="268" VPOS="830" WIDTH="30" HEIGHT="22" CONTENT="to" WC="1.00" CC="00"/>
						<SP ID="P29_SP00050" HPOS="298" VPOS="859" WIDTH="15"/>
						<String ID="P29_ST00085" HPOS="313" VPOS="825" WIDTH="131" HEIGHT="34" CONTENT="Spence's" WC="0.97" CC="00010010"/>
						<SP ID="P29_SP00051" HPOS="444" VPOS="859" WIDTH="16"/>
						<String ID="P29_ST00086" HPOS="460" VPOS="825" WIDTH="88" HEIGHT="27" CONTENT="Hotel" WC="0.92" CC="30000"/>
						<String ID="P29_ST00087" HPOS="559" VPOS="836" WIDTH="6" HEIGHT="22" CONTENT=";" WC="1.00" CC="0"/>
						<SP ID="P29_SP00052" HPOS="565" VPOS="859" WIDTH="16"/>
						<String ID="P29_ST00088" HPOS="581" VPOS="826" WIDTH="55" HEIGHT="26" CONTENT="and" WC="1.00" CC="000"/>
						<SP ID="P29_SP00053" HPOS="636" VPOS="859" WIDTH="16"/>
						<String ID="P29_ST00089" HPOS="652" VPOS="826" WIDTH="12" HEIGHT="25" CONTENT="I" WC="1.00" CC="0"/>
						<SP ID="P29_SP00054" HPOS="664" VPOS="859" WIDTH="15"/>
						<String ID="P29_ST00090" HPOS="679" VPOS="825" WIDTH="70" HEIGHT="26" CONTENT="shall" WC="1.00" CC="00000"/>
						<SP ID="P29_SP00055" HPOS="749" VPOS="859" WIDTH="14"/>
						<String ID="P29_ST00091" HPOS="763" VPOS="829" WIDTH="49" HEIGHT="22" CONTENT="not" WC="1.00" CC="000"/>
						<SP ID="P29_SP00056" HPOS="812" VPOS="859" WIDTH="12"/>
						<String ID="P29_ST00092" HPOS="824" VPOS="825" WIDTH="88" HEIGHT="34" CONTENT="easily" WC="0.93" CC="040000"/>
						<SP ID="P29_SP00057" HPOS="912" VPOS="859" WIDTH="14"/>
						<String ID="P29_ST00093" HPOS="926" VPOS="825" WIDTH="89" HEIGHT="33" CONTENT="forget" WC="1.00" CC="000000"/>
					</TextLine>
					<TextLine ID="P29_TL00012" HPOS="87" VPOS="872" WIDTH="928" HEIGHT="35">
						<String ID="P29_ST00094" HPOS="87" VPOS="873" WIDTH="48" HEIGHT="26" CONTENT="the" WC="0.99" CC="000"/>
						<SP ID="P29_SP00058" HPOS="135" VPOS="899" WIDTH="21"/>
						<String ID="P29_ST00095" HPOS="156" VPOS="873" WIDTH="91" HEIGHT="34" CONTENT="lordly" WC="0.99" CC="000000"/>
						<SP ID="P29_SP00059" HPOS="247" VPOS="907" WIDTH="20"/>
						<String ID="P29_ST00096" HPOS="267" VPOS="881" WIDTH="82" HEIGHT="17" CONTENT="sense" WC="0.88" CC="00600"/>
						<SP ID="P29_SP00060" HPOS="349" VPOS="907" WIDTH="13"/>
						<String ID="P29_ST00097" HPOS="362" VPOS="872" WIDTH="32" HEIGHT="27" CONTENT="of" WC="1.00" CC="00"/>
						<SP ID="P29_SP00061" HPOS="394" VPOS="907" WIDTH="18"/>
						<String ID="P29_ST00098" HPOS="412" VPOS="881" WIDTH="91" HEIGHT="26" CONTENT="power" WC="1.00" CC="00000"/>
						<SP ID="P29_SP00062" HPOS="503" VPOS="907" WIDTH="16"/>
						<String ID="P29_ST00099" HPOS="519" VPOS="873" WIDTH="66" HEIGHT="25" CONTENT="with" WC="0.87" CC="0400"/>
						<SP ID="P29_SP00063" HPOS="585" VPOS="907" WIDTH="19"/>
						<String ID="P29_ST00100" HPOS="604" VPOS="872" WIDTH="90" HEIGHT="26" CONTENT="which" WC="0.88" CC="01300"/>
						<SP ID="P29_SP00064" HPOS="694" VPOS="907" WIDTH="21"/>
						<String ID="P29_ST00101" HPOS="715" VPOS="873" WIDTH="12" HEIGHT="25" CONTENT="I" WC="1.00" CC="0"/>
						<SP ID="P29_SP00065" HPOS="727" VPOS="907" WIDTH="15"/>
						<String ID="P29_ST00102" HPOS="742" VPOS="873" WIDTH="115" HEIGHT="25" CONTENT="ordered" WC="1.00" CC="0000000"/>
						<SP ID="P29_SP00066" HPOS="857" VPOS="907" WIDTH="16"/>
						<String ID="P29_ST00103" HPOS="873" VPOS="876" WIDTH="55" HEIGHT="22" CONTENT="two" WC="0.97" CC="000"/>
						<SP ID="P29_SP00067" HPOS="928" VPOS="907" WIDTH="14"/>
						<String ID="P29_ST00104" HPOS="942" VPOS="872" WIDTH="73" HEIGHT="25" CONTENT="fresh" WC="0.95" CC="00002"/>
					</TextLine>
					<TextLine ID="P29_TL00013" HPOS="88" VPOS="919" WIDTH="925" HEIGHT="35">
						<String ID="P29_ST00105" HPOS="88" VPOS="929" WIDTH="67" HEIGHT="25" CONTENT="eggs" WC="1.00" CC="0000"/>
						<SP ID="P29_SP00068" HPOS="155" VPOS="954" WIDTH="15"/>
						<String ID="P29_ST00106" HPOS="170" VPOS="919" WIDTH="41" HEIGHT="27" CONTENT="for" WC="0.93" CC="100"/>
						<SP ID="P29_SP00069" HPOS="211" VPOS="954" WIDTH="21"/>
						<String ID="P29_ST00107" HPOS="232" VPOS="919" WIDTH="148" HEIGHT="27" CONTENT="breakfast." WC="0.98" CC="0200000000"/>
						<SP ID="P29_SP00070" HPOS="380" VPOS="954" WIDTH="41"/>
						<String ID="P29_ST00108" HPOS="421" VPOS="920" WIDTH="110" HEIGHT="33" CONTENT="During" WC="0.80" CC="000460"/>
						<SP ID="P29_SP00071" HPOS="531" VPOS="954" WIDTH="14"/>
						<String ID="P29_ST00109" HPOS="545" VPOS="919" WIDTH="47" HEIGHT="27" CONTENT="the" WC="0.88" CC="030"/>
						<SP ID="P29_SP00072" HPOS="592" VPOS="954" WIDTH="14"/>
						<String ID="P29_ST00110" HPOS="606" VPOS="919" WIDTH="53" HEIGHT="27" CONTENT="last" WC="0.92" CC="3000"/>
						<SP ID="P29_SP00073" HPOS="659" VPOS="954" WIDTH="21"/>
						<String ID="P29_ST00111" HPOS="680" VPOS="919" WIDTH="96" HEIGHT="26" CONTENT="month" WC="0.89" CC="00401"/>
						<SP ID="P29_SP00074" HPOS="776" VPOS="954" WIDTH="15"/>
						<String ID="P29_ST00112" HPOS="791" VPOS="919" WIDTH="32" HEIGHT="26" CONTENT="of" WC="1.00" CC="00"/>
						<SP ID="P29_SP00075" HPOS="823" VPOS="954" WIDTH="18"/>
						<String ID="P29_ST00113" HPOS="841" VPOS="928" WIDTH="50" HEIGHT="17" CONTENT="our" WC="0.83" CC="005"/>
						<SP ID="P29_SP00076" HPOS="891" VPOS="954" WIDTH="13"/>
						<String ID="P29_ST00114" HPOS="904" VPOS="928" WIDTH="109" HEIGHT="24" CONTENT="voyage" WC="1.00" CC="000000"/>
					</TextLine>
					<TextLine ID="P29_TL00014" HPOS="89" VPOS="966" WIDTH="924" HEIGHT="35">
						<String ID="P29_ST00115" HPOS="89" VPOS="976" WIDTH="15" HEIGHT="16" CONTENT="a" WC="1.00" CC="0"/>
						<SP ID="P29_SP00077" HPOS="104" VPOS="992" WIDTH="20"/>
						<String ID="P29_ST00116" HPOS="124" VPOS="967" WIDTH="54" HEIGHT="25" CONTENT="hen" WC="0.70" CC="620"/>
						<SP ID="P29_SP00078" HPOS="178" VPOS="992" WIDTH="15"/>
						<String ID="P29_ST00117" HPOS="193" VPOS="967" WIDTH="56" HEIGHT="25" CONTENT="had" WC="1.00" CC="000"/>
						<SP ID="P29_SP00079" HPOS="249" VPOS="992" WIDTH="15"/>
						<String ID="P29_ST00118" HPOS="264" VPOS="966" WIDTH="172" HEIGHT="35" CONTENT="confidingly" WC="0.90" CC="00020062000"/>
						<SP ID="P29_SP00080" HPOS="436" VPOS="1001" WIDTH="19"/>
						<String ID="P29_ST00119" HPOS="455" VPOS="967" WIDTH="56" HEIGHT="26" CONTENT="laid" WC="0.86" CC="0040"/>
						<SP ID="P29_SP00081" HPOS="511" VPOS="1001" WIDTH="21"/>
						<String ID="P29_ST00120" HPOS="532" VPOS="975" WIDTH="35" HEIGHT="18" CONTENT="an" WC="1.00" CC="00"/>
						<SP ID="P29_SP00082" HPOS="567" VPOS="1001" WIDTH="19"/>
						<String ID="P29_ST00121" HPOS="586" VPOS="975" WIDTH="61" HEIGHT="26" CONTENT="egg," WC="0.82" CC="7000"/>
						<SP ID="P29_SP00083" HPOS="647" VPOS="1001" WIDTH="20"/>
						<String ID="P29_ST00122" HPOS="667" VPOS="970" WIDTH="30" HEIGHT="22" CONTENT="to" WC="0.94" CC="01"/>
						<SP ID="P29_SP00084" HPOS="697" VPOS="1001" WIDTH="22"/>
						<String ID="P29_ST00123" HPOS="719" VPOS="966" WIDTH="89" HEIGHT="26" CONTENT="which" WC="0.82" CC="00503"/>
						<SP ID="P29_SP00085" HPOS="808" VPOS="1001" WIDTH="23"/>
						<String ID="P29_ST00124" HPOS="831" VPOS="966" WIDTH="68" HEIGHT="25" CONTENT="each" WC="0.99" CC="0000"/>
						<SP ID="P29_SP00086" HPOS="899" VPOS="1001" WIDTH="17"/>
						<String ID="P29_ST00125" HPOS="916" VPOS="966" WIDTH="31" HEIGHT="25" CONTENT="of" WC="1.00" CC="00"/>
						<SP ID="P29_SP00087" HPOS="947" VPOS="1001" WIDTH="20"/>
						<String ID="P29_ST00126" HPOS="967" VPOS="966" WIDTH="46" HEIGHT="25" CONTENT="the" WC="1.00" CC="000"/>
					</TextLine>
					<TextLine ID="P29_TL00015" HPOS="87" VPOS="1013" WIDTH="925" HEIGHT="35">
						<String ID="P29_ST00127" HPOS="87" VPOS="1013" WIDTH="129" HEIGHT="34" CONTENT="eighteen" WC="0.82" CC="07050001"/>
						<SP ID="P29_SP00088" HPOS="216" VPOS="1047" WIDTH="24"/>
						<String ID="P29_ST00128" HPOS="240" VPOS="1013" WIDTH="68" HEIGHT="35" CONTENT="lady" WC="0.92" CC="0030"/>
						<SP ID="P29_SP00089" HPOS="308" VPOS="1048" WIDTH="13"/>
						<String ID="P29_ST00129" HPOS="321" VPOS="1023" WIDTH="166" HEIGHT="25" CONTENT="passengers" WC="0.90" CC="0000050040"/>
						<SP ID="P29_SP00090" HPOS="487" VPOS="1048" WIDTH="20"/>
						<String ID="P29_ST00130" HPOS="507" VPOS="1014" WIDTH="140" HEIGHT="34" CONTENT="appeared" WC="1.00" CC="00000000"/>
						<SP ID="P29_SP00091" HPOS="647" VPOS="1048" WIDTH="21"/>
						<String ID="P29_ST00131" HPOS="668" VPOS="1018" WIDTH="29" HEIGHT="22" CONTENT="to" WC="0.90" CC="01"/>
						<SP ID="P29_SP00092" HPOS="697" VPOS="1048" WIDTH="22"/>
						<String ID="P29_ST00132" HPOS="719" VPOS="1013" WIDTH="72" HEIGHT="26" CONTENT="have" WC="0.85" CC="5000"/>
						<SP ID="P29_SP00093" HPOS="791" VPOS="1048" WIDTH="21"/>
						<String ID="P29_ST00133" HPOS="812" VPOS="1022" WIDTH="78" HEIGHT="17" CONTENT="some" WC="1.00" CC="0000"/>
						<SP ID="P29_SP00094" HPOS="890" VPOS="1048" WIDTH="21"/>
						<String ID="P29_ST00134" HPOS="911" VPOS="1013" WIDTH="101" HEIGHT="33" CONTENT="special" WC="0.91" CC="0000600"/>
					</TextLine>
					<TextLine ID="P29_TL00016" HPOS="86" VPOS="1059" WIDTH="929" HEIGHT="36">
						<String ID="P29_ST00135" HPOS="86" VPOS="1061" WIDTH="89" HEIGHT="26" CONTENT="claim." WC="0.90" CC="000600"/>
						<SP ID="P29_SP00095" HPOS="175" VPOS="1087" WIDTH="42"/>
						<String ID="P29_ST00136" HPOS="217" VPOS="1061" WIDTH="55" HEIGHT="25" CONTENT="But" WC="0.88" CC="030"/>
						<SP ID="P29_SP00096" HPOS="272" VPOS="1087" WIDTH="26"/>
						<String ID="P29_ST00137" HPOS="298" VPOS="1061" WIDTH="47" HEIGHT="25" CONTENT="the" WC="1.00" CC="000"/>
						<SP ID="P29_SP00097" HPOS="345" VPOS="1087" WIDTH="19"/>
						<String ID="P29_ST00138" HPOS="364" VPOS="1061" WIDTH="139" HEIGHT="34" CONTENT="judicious" WC="0.83" CC="000605020"/>
						<SP ID="P29_SP00098" HPOS="503" VPOS="1095" WIDTH="23"/>
						<String ID="P29_ST00139" HPOS="526" VPOS="1061" WIDTH="118" HEIGHT="26" CONTENT="steward" WC="0.95" CC="0030000"/>
						<SP ID="P29_SP00099" HPOS="644" VPOS="1095" WIDTH="22"/>
						<String ID="P29_ST00140" HPOS="666" VPOS="1061" WIDTH="125" HEIGHT="33" CONTENT="dropped" WC="0.99" CC="0000000"/>
						<SP ID="P29_SP00100" HPOS="791" VPOS="1095" WIDTH="22"/>
						<String ID="P29_ST00141" HPOS="813" VPOS="1060" WIDTH="42" HEIGHT="25" CONTENT="his" WC="0.77" CC="060"/>
						<SP ID="P29_SP00101" HPOS="855" VPOS="1095" WIDTH="23"/>
						<String ID="P29_ST00142" HPOS="878" VPOS="1059" WIDTH="84" HEIGHT="35" CONTENT="apple" WC="1.00" CC="00000"/>
						<SP ID="P29_SP00102" HPOS="962" VPOS="1095" WIDTH="22"/>
						<String ID="P29_ST00143" HPOS="984" VPOS="1059" WIDTH="31" HEIGHT="26" CONTENT="of" WC="1.00" CC="00"/>
					</TextLine>
					<TextLine ID="P29_TL00017" HPOS="85" VPOS="1107" WIDTH="927" HEIGHT="33">
						<String ID="P29_ST00144" HPOS="85" VPOS="1108" WIDTH="110" HEIGHT="26" CONTENT="discord" WC="0.92" CC="0500000"/>
						<SP ID="P29_SP00103" HPOS="195" VPOS="1134" WIDTH="22"/>
						<String ID="P29_ST00145" HPOS="217" VPOS="1116" WIDTH="36" HEIGHT="18" CONTENT="on" WC="1.00" CC="00"/>
						<SP ID="P29_SP00104" HPOS="253" VPOS="1134" WIDTH="22"/>
						<String ID="P29_ST00146" HPOS="275" VPOS="1107" WIDTH="78" HEIGHT="33" CONTENT="deck," WC="1.00" CC="00000"/>
						<SP ID="P29_SP00105" HPOS="353" VPOS="1140" WIDTH="22"/>
						<String ID="P29_ST00147" HPOS="375" VPOS="1108" WIDTH="56" HEIGHT="26" CONTENT="and" WC="1.00" CC="000"/>
						<SP ID="P29_SP00106" HPOS="431" VPOS="1140" WIDTH="32"/>
						<String ID="P29_ST00148" HPOS="463" VPOS="1108" WIDTH="63" HEIGHT="26" CONTENT="thus" WC="0.91" CC="0300"/>
						<SP ID="P29_SP00107" HPOS="526" VPOS="1140" WIDTH="27"/>
						<String ID="P29_ST00149" HPOS="553" VPOS="1107" WIDTH="120" HEIGHT="27" CONTENT="avoided" WC="1.00" CC="0000000"/>
						<SP ID="P29_SP00108" HPOS="673" VPOS="1140" WIDTH="26"/>
						<String ID="P29_ST00150" HPOS="699" VPOS="1116" WIDTH="17" HEIGHT="18" CONTENT="a" WC="0.15" CC="8"/>
						<SP ID="P29_SP00109" HPOS="716" VPOS="1140" WIDTH="25"/>
						<String ID="P29_ST00151" HPOS="741" VPOS="1107" WIDTH="103" HEIGHT="27" CONTENT="second" WC="0.99" CC="000000"/>
						<SP ID="P29_SP00110" HPOS="844" VPOS="1140" WIDTH="24"/>
						<String ID="P29_ST00152" HPOS="868" VPOS="1107" WIDTH="55" HEIGHT="26" CONTENT="and" WC="1.00" CC="000"/>
						<SP ID="P29_SP00111" HPOS="923" VPOS="1140" WIDTH="21"/>
						<String ID="P29_ST00153" HPOS="944" VPOS="1116" WIDTH="68" HEIGHT="24" CONTENT="very" WC="1.00" CC="0000"/>
					</TextLine>
					<TextLine ID="P29_TL00018" HPOS="86" VPOS="1155" WIDTH="925" HEIGHT="34">
						<String ID="P29_ST00154" HPOS="86" VPOS="1155" WIDTH="82" HEIGHT="25" CONTENT="much" WC="0.92" CC="0300"/>
						<SP ID="P29_SP00112" HPOS="168" VPOS="1180" WIDTH="20"/>
						<String ID="P29_ST00155" HPOS="188" VPOS="1155" WIDTH="189" HEIGHT="34" CONTENT="exaggerated" WC="1.00" CC="00000000000"/>
						<SP ID="P29_SP00113" HPOS="377" VPOS="1189" WIDTH="22"/>
						<String ID="P29_ST00156" HPOS="399" VPOS="1155" WIDTH="106" HEIGHT="26" CONTENT="edition" WC="0.83" CC="0060500"/>
						<SP ID="P29_SP00114" HPOS="505" VPOS="1189" WIDTH="24"/>
						<String ID="P29_ST00157" HPOS="529" VPOS="1155" WIDTH="32" HEIGHT="26" CONTENT="of" WC="0.83" CC="03"/>
						<SP ID="P29_SP00115" HPOS="561" VPOS="1189" WIDTH="15"/>
						<String ID="P29_ST00158" HPOS="576" VPOS="1155" WIDTH="48" HEIGHT="26" CONTENT="the" WC="0.96" CC="001"/>
						<SP ID="P29_SP00116" HPOS="624" VPOS="1189" WIDTH="19"/>
						<String ID="P29_ST00159" HPOS="643" VPOS="1155" WIDTH="106" HEIGHT="34" CONTENT="Trojan" WC="0.86" CC="000052"/>
						<SP ID="P29_SP00117" HPOS="749" VPOS="1189" WIDTH="14"/>
						<String ID="P29_ST00160" HPOS="763" VPOS="1163" WIDTH="61" HEIGHT="18" CONTENT="war." WC="1.00" CC="0000"/>
						<SP ID="P29_SP00118" HPOS="824" VPOS="1189" WIDTH="40"/>
						<String ID="P29_ST00161" HPOS="864" VPOS="1155" WIDTH="55" HEIGHT="25" CONTENT="But" WC="0.77" CC="600"/>
						<SP ID="P29_SP00119" HPOS="919" VPOS="1189" WIDTH="14"/>
						<String ID="P29_ST00162" HPOS="933" VPOS="1158" WIDTH="78" HEIGHT="31" CONTENT="great" WC="0.90" CC="01030"/>
					</TextLine>
					<TextLine ID="P29_TL00019" HPOS="86" VPOS="1201" WIDTH="924" HEIGHT="35">
						<String ID="P29_ST00163" HPOS="86" VPOS="1211" WIDTH="55" HEIGHT="17" CONTENT="was" WC="1.00" CC="000"/>
						<SP ID="P29_SP00120" HPOS="141" VPOS="1228" WIDTH="15"/>
						<String ID="P29_ST00164" HPOS="156" VPOS="1201" WIDTH="46" HEIGHT="27" CONTENT="the" WC="1.00" CC="000"/>
						<SP ID="P29_SP00121" HPOS="202" VPOS="1228" WIDTH="21"/>
						<String ID="P29_ST00165" HPOS="223" VPOS="1202" WIDTH="185" HEIGHT="26" CONTENT="lamentation" WC="0.80" CC="50005400500"/>
						<SP ID="P29_SP00122" HPOS="408" VPOS="1228" WIDTH="24"/>
						<String ID="P29_ST00166" HPOS="432" VPOS="1212" WIDTH="66" HEIGHT="16" CONTENT="over" WC="1.00" CC="0000"/>
						<SP ID="P29_SP00123" HPOS="498" VPOS="1228" WIDTH="17"/>
						<String ID="P29_ST00167" HPOS="515" VPOS="1202" WIDTH="47" HEIGHT="26" CONTENT="the" WC="0.93" CC="100"/>
						<SP ID="P29_SP00124" HPOS="562" VPOS="1228" WIDTH="24"/>
						<String ID="P29_ST00168" HPOS="586" VPOS="1202" WIDTH="48" HEIGHT="26" CONTENT="fall" WC="0.96" CC="0000"/>
						<SP ID="P29_SP00125" HPOS="634" VPOS="1228" WIDTH="21"/>
						<String ID="P29_ST00169" HPOS="655" VPOS="1202" WIDTH="31" HEIGHT="26" CONTENT="of" WC="1.00" CC="00"/>
						<SP ID="P29_SP00126" HPOS="686" VPOS="1228" WIDTH="21"/>
						<String ID="P29_ST00170" HPOS="707" VPOS="1202" WIDTH="61" HEIGHT="26" CONTENT="that" WC="0.98" CC="0000"/>
						<SP ID="P29_SP00127" HPOS="768" VPOS="1228" WIDTH="23"/>
						<String ID="P29_ST00171" HPOS="791" VPOS="1211" WIDTH="60" HEIGHT="25" CONTENT="egg," WC="1.00" CC="0000"/>
						<SP ID="P29_SP00128" HPOS="851" VPOS="1236" WIDTH="16"/>
						<String ID="P29_ST00172" HPOS="867" VPOS="1201" WIDTH="55" HEIGHT="27" CONTENT="and" WC="0.78" CC="060"/>
						<SP ID="P29_SP00129" HPOS="922" VPOS="1236" WIDTH="23"/>
						<String ID="P29_ST00173" HPOS="945" VPOS="1201" WIDTH="65" HEIGHT="27" CONTENT="here" WC="0.98" CC="0000"/>
					</TextLine>
					<TextLine ID="P29_TL00020" HPOS="85" VPOS="1248" WIDTH="929" HEIGHT="33">
						<String ID="P29_ST00174" HPOS="85" VPOS="1258" WIDTH="56" HEIGHT="17" CONTENT="was" WC="1.00" CC="000"/>
						<SP ID="P29_SP00130" HPOS="141" VPOS="1275" WIDTH="23"/>
						<String ID="P29_ST00175" HPOS="164" VPOS="1250" WIDTH="12" HEIGHT="25" CONTENT="I" WC="1.00" CC="0"/>
						<SP ID="P29_SP00131" HPOS="176" VPOS="1275" WIDTH="23"/>
						<String ID="P29_ST00176" HPOS="199" VPOS="1249" WIDTH="63" HEIGHT="26" CONTENT="able" WC="1.00" CC="0000"/>
						<SP ID="P29_SP00132" HPOS="262" VPOS="1275" WIDTH="23"/>
						<String ID="P29_ST00177" HPOS="285" VPOS="1253" WIDTH="30" HEIGHT="22" CONTENT="to" WC="1.00" CC="00"/>
						<SP ID="P29_SP00133" HPOS="315" VPOS="1275" WIDTH="21"/>
						<String ID="P29_ST00178" HPOS="336" VPOS="1250" WIDTH="81" HEIGHT="26" CONTENT="order" WC="0.95" CC="02000"/>
						<SP ID="P29_SP00134" HPOS="417" VPOS="1276" WIDTH="20"/>
						<String ID="P29_ST00179" HPOS="437" VPOS="1253" WIDTH="55" HEIGHT="23" CONTENT="two" WC="0.74" CC="070"/>
						<SP ID="P29_SP00135" HPOS="492" VPOS="1276" WIDTH="17"/>
						<String ID="P29_ST00180" HPOS="509" VPOS="1254" WIDTH="30" HEIGHT="22" CONTENT="at" WC="1.00" CC="00"/>
						<SP ID="P29_SP00136" HPOS="539" VPOS="1276" WIDTH="20"/>
						<String ID="P29_ST00181" HPOS="559" VPOS="1258" WIDTH="77" HEIGHT="23" CONTENT="once," WC="0.97" CC="00000"/>
						<SP ID="P29_SP00137" HPOS="636" VPOS="1281" WIDTH="24"/>
						<String ID="P29_ST00182" HPOS="660" VPOS="1249" WIDTH="55" HEIGHT="26" CONTENT="and" WC="1.00" CC="000"/>
						<SP ID="P29_SP00138" HPOS="715" VPOS="1281" WIDTH="22"/>
						<String ID="P29_ST00183" HPOS="737" VPOS="1258" WIDTH="76" HEIGHT="17" CONTENT="more" WC="1.00" CC="0000"/>
						<SP ID="P29_SP00139" HPOS="813" VPOS="1281" WIDTH="21"/>
						<String ID="P29_ST00184" HPOS="834" VPOS="1253" WIDTH="28" HEIGHT="22" CONTENT="to" WC="1.00" CC="00"/>
						<SP ID="P29_SP00140" HPOS="862" VPOS="1281" WIDTH="14"/>
						<String ID="P29_ST00185" HPOS="876" VPOS="1249" WIDTH="98" HEIGHT="32" CONTENT="follow," WC="0.87" CC="5020100"/>
						<SP ID="P29_SP00141" HPOS="974" VPOS="1281" WIDTH="16"/>
						<String ID="P29_ST00186" HPOS="990" VPOS="1248" WIDTH="24" HEIGHT="25" CONTENT="if" WC="0.60" CC="34"/>
					</TextLine>
					<TextLine ID="P29_TL00021" HPOS="85" VPOS="1296" WIDTH="135" HEIGHT="34">
						<String ID="P29_ST00187" HPOS="85" VPOS="1296" WIDTH="135" HEIGHT="34" CONTENT="required." WC="0.90" CC="200060000"/>
					</TextLine>
				</TextBlock>
				<TextBlock ID="P29_TB00005" HPOS="82" VPOS="1342" WIDTH="927" HEIGHT="222" STYLEREFS="TXT_1 PAR_LEFT">
					<TextLine ID="P29_TL00022" HPOS="123" VPOS="1343" WIDTH="884" HEIGHT="35">
						<String ID="P29_ST00188" HPOS="123" VPOS="1344" WIDTH="27" HEIGHT="26" CONTENT="It" WC="1.00" CC="00"/>
						<SP ID="P29_SP00142" HPOS="150" VPOS="1370" WIDTH="19"/>
						<String ID="P29_ST00189" HPOS="169" VPOS="1353" WIDTH="56" HEIGHT="17" CONTENT="was" WC="1.00" CC="000"/>
						<SP ID="P29_SP00143" HPOS="225" VPOS="1370" WIDTH="20"/>
						<String ID="P29_ST00190" HPOS="245" VPOS="1353" WIDTH="16" HEIGHT="17" CONTENT="a" WC="1.00" CC="0"/>
						<SP ID="P29_SP00144" HPOS="261" VPOS="1370" WIDTH="14"/>
						<String ID="P29_ST00191" HPOS="275" VPOS="1344" WIDTH="147" HEIGHT="34" CONTENT="delightful" WC="0.85" CC="0005050120"/>
						<SP ID="P29_SP00145" HPOS="422" VPOS="1378" WIDTH="21"/>
						<String ID="P29_ST00192" HPOS="443" VPOS="1353" WIDTH="80" HEIGHT="18" CONTENT="sense" WC="1.00" CC="00000"/>
						<SP ID="P29_SP00146" HPOS="523" VPOS="1378" WIDTH="18"/>
						<String ID="P29_ST00193" HPOS="541" VPOS="1344" WIDTH="31" HEIGHT="26" CONTENT="of" WC="0.94" CC="01"/>
						<SP ID="P29_SP00147" HPOS="572" VPOS="1378" WIDTH="17"/>
						<String ID="P29_ST00194" HPOS="589" VPOS="1344" WIDTH="108" HEIGHT="34" CONTENT="change" WC="0.86" CC="060200"/>
						<SP ID="P29_SP00148" HPOS="697" VPOS="1378" WIDTH="20"/>
						<String ID="P29_ST00195" HPOS="717" VPOS="1344" WIDTH="55" HEIGHT="26" CONTENT="and" WC="1.00" CC="000"/>
						<SP ID="P29_SP00149" HPOS="772" VPOS="1378" WIDTH="15"/>
						<String ID="P29_ST00196" HPOS="787" VPOS="1344" WIDTH="124" HEIGHT="26" CONTENT="freedom" WC="1.00" CC="0000000"/>
						<SP ID="P29_SP00150" HPOS="911" VPOS="1378" WIDTH="14"/>
						<String ID="P29_ST00197" HPOS="925" VPOS="1352" WIDTH="6" HEIGHT="23" CONTENT=";" WC="0.74" CC="2"/>
						<SP ID="P29_SP00151" HPOS="931" VPOS="1378" WIDTH="22"/>
						<String ID="P29_ST00198" HPOS="953" VPOS="1343" WIDTH="54" HEIGHT="26" CONTENT="and" WC="1.00" CC="000"/>
					</TextLine>
					<TextLine ID="P29_TL00023" HPOS="83" VPOS="1391" WIDTH="926" HEIGHT="34">
						<String ID="P29_ST00199" HPOS="83" VPOS="1391" WIDTH="37" HEIGHT="26" CONTENT="all" WC="0.90" CC="002"/>
						<SP ID="P29_SP00152" HPOS="120" VPOS="1417" WIDTH="21"/>
						<String ID="P29_ST00200" HPOS="141" VPOS="1391" WIDTH="48" HEIGHT="26" CONTENT="the" WC="1.00" CC="000"/>
						<SP ID="P29_SP00153" HPOS="189" VPOS="1417" WIDTH="24"/>
						<String ID="P29_ST00201" HPOS="213" VPOS="1395" WIDTH="81" HEIGHT="30" CONTENT="petty" WC="0.90" CC="40000"/>
						<SP ID="P29_SP00154" HPOS="294" VPOS="1425" WIDTH="19"/>
						<String ID="P29_ST00202" HPOS="313" VPOS="1391" WIDTH="90" HEIGHT="26" CONTENT="strifes" WC="0.94" CC="0003000"/>
						<SP ID="P29_SP00155" HPOS="403" VPOS="1425" WIDTH="22"/>
						<String ID="P29_ST00203" HPOS="425" VPOS="1392" WIDTH="56" HEIGHT="25" CONTENT="and" WC="1.00" CC="000"/>
						<SP ID="P29_SP00156" HPOS="481" VPOS="1425" WIDTH="22"/>
						<String ID="P29_ST00204" HPOS="503" VPOS="1400" WIDTH="106" HEIGHT="17" CONTENT="narrow" WC="0.97" CC="000010"/>
						<SP ID="P29_SP00157" HPOS="609" VPOS="1425" WIDTH="17"/>
						<String ID="P29_ST00205" HPOS="626" VPOS="1391" WIDTH="149" HEIGHT="34" CONTENT="jealousies" WC="0.88" CC="0003050300"/>
						<SP ID="P29_SP00158" HPOS="775" VPOS="1425" WIDTH="21"/>
						<String ID="P29_ST00206" HPOS="796" VPOS="1391" WIDTH="31" HEIGHT="26" CONTENT="of" WC="0.81" CC="03"/>
						<SP ID="P29_SP00159" HPOS="827" VPOS="1425" WIDTH="13"/>
						<String ID="P29_ST00207" HPOS="840" VPOS="1391" WIDTH="49" HEIGHT="26" CONTENT="the" WC="0.86" CC="040"/>
						<SP ID="P29_SP00160" HPOS="889" VPOS="1425" WIDTH="13"/>
						<String ID="P29_ST00208" HPOS="902" VPOS="1399" WIDTH="107" HEIGHT="26" CONTENT="voyage" WC="0.85" CC="000090"/>
					</TextLine>
					<TextLine ID="P29_TL00024" HPOS="84" VPOS="1438" WIDTH="925" HEIGHT="35">
						<String ID="P29_ST00209" HPOS="84" VPOS="1438" WIDTH="113" HEIGHT="27" CONTENT="seemed" WC="1.00" CC="000000"/>
						<SP ID="P29_SP00161" HPOS="197" VPOS="1465" WIDTH="20"/>
						<String ID="P29_ST00210" HPOS="217" VPOS="1443" WIDTH="30" HEIGHT="22" CONTENT="to" WC="1.00" CC="00"/>
						<SP ID="P29_SP00162" HPOS="247" VPOS="1465" WIDTH="18"/>
						<String ID="P29_ST00211" HPOS="265" VPOS="1438" WIDTH="70" HEIGHT="27" CONTENT="have" WC="0.99" CC="0000"/>
						<SP ID="P29_SP00163" HPOS="335" VPOS="1465" WIDTH="14"/>
						<String ID="P29_ST00212" HPOS="349" VPOS="1439" WIDTH="184" HEIGHT="34" CONTENT="disappeared" WC="0.95" CC="05000000000"/>
						<SP ID="P29_SP00164" HPOS="533" VPOS="1473" WIDTH="22"/>
						<String ID="P29_ST00213" HPOS="555" VPOS="1448" WIDTH="29" HEIGHT="17" CONTENT="as" WC="1.00" CC="00"/>
						<SP ID="P29_SP00165" HPOS="584" VPOS="1473" WIDTH="14"/>
						<String ID="P29_ST00214" HPOS="598" VPOS="1438" WIDTH="23" HEIGHT="27" CONTENT="if" WC="0.91" CC="10"/>
						<SP ID="P29_SP00166" HPOS="621" VPOS="1473" WIDTH="11"/>
						<String ID="P29_ST00215" HPOS="632" VPOS="1439" WIDTH="38" HEIGHT="33" CONTENT="by" WC="1.00" CC="00"/>
						<SP ID="P29_SP00167" HPOS="670" VPOS="1473" WIDTH="14"/>
						<String ID="P29_ST00216" HPOS="684" VPOS="1439" WIDTH="97" HEIGHT="33" CONTENT="magic." WC="0.92" CC="000400"/>
						<SP ID="P29_SP00168" HPOS="781" VPOS="1473" WIDTH="41"/>
						<String ID="P29_ST00217" HPOS="822" VPOS="1438" WIDTH="26" HEIGHT="27" CONTENT="It" WC="1.00" CC="00"/>
						<SP ID="P29_SP00169" HPOS="848" VPOS="1473" WIDTH="14"/>
						<String ID="P29_ST00218" HPOS="862" VPOS="1447" WIDTH="56" HEIGHT="17" CONTENT="was" WC="1.00" CC="000"/>
						<SP ID="P29_SP00170" HPOS="918" VPOS="1473" WIDTH="13"/>
						<String ID="P29_ST00219" HPOS="931" VPOS="1447" WIDTH="17" HEIGHT="17" CONTENT="a" WC="1.00" CC="0"/>
						<SP ID="P29_SP00171" HPOS="948" VPOS="1473" WIDTH="21"/>
						<String ID="P29_ST00220" HPOS="969" VPOS="1447" WIDTH="40" HEIGHT="16" CONTENT="re" SUBS_TYPE="HypPart1" SUBS_CONTENT="relief" WC="1.00" CC="000"/>
						<HYP CONTENT="-"/>
					</TextLine>
					<TextLine ID="P29_TL00025" HPOS="84" VPOS="1486" WIDTH="925" HEIGHT="35">
						<String ID="P29_ST00221" HPOS="84" VPOS="1487" WIDTH="50" HEIGHT="25" CONTENT="lief" SUBS_TYPE="HypPart2" SUBS_CONTENT="relief" WC="0.85" CC="0041"/>
						<SP ID="P29_SP00172" HPOS="134" VPOS="1512" WIDTH="10"/>
						<String ID="P29_ST00222" HPOS="144" VPOS="1491" WIDTH="29" HEIGHT="21" CONTENT="to" WC="1.00" CC="00"/>
						<SP ID="P29_SP00173" HPOS="173" VPOS="1512" WIDTH="16"/>
						<String ID="P29_ST00223" HPOS="189" VPOS="1486" WIDTH="57" HEIGHT="26" CONTENT="find" WC="0.82" CC="3300"/>
						<SP ID="P29_SP00174" HPOS="246" VPOS="1512" WIDTH="15"/>
						<String ID="P29_ST00224" HPOS="261" VPOS="1486" WIDTH="61" HEIGHT="26" CONTENT="that" WC="0.86" CC="0500"/>
						<SP ID="P29_SP00175" HPOS="322" VPOS="1512" WIDTH="15"/>
						<String ID="P29_ST00225" HPOS="337" VPOS="1490" WIDTH="49" HEIGHT="22" CONTENT="not" WC="1.00" CC="000"/>
						<SP ID="P29_SP00176" HPOS="386" VPOS="1512" WIDTH="20"/>
						<String ID="P29_ST00226" HPOS="406" VPOS="1495" WIDTH="53" HEIGHT="18" CONTENT="one" WC="0.94" CC="010"/>
						<SP ID="P29_SP00177" HPOS="459" VPOS="1513" WIDTH="14"/>
						<String ID="P29_ST00227" HPOS="473" VPOS="1486" WIDTH="31" HEIGHT="27" CONTENT="of" WC="1.00" CC="00"/>
						<SP ID="P29_SP00178" HPOS="504" VPOS="1513" WIDTH="17"/>
						<String ID="P29_ST00228" HPOS="521" VPOS="1495" WIDTH="47" HEIGHT="26" CONTENT="my" WC="1.00" CC="00"/>
						<SP ID="P29_SP00179" HPOS="568" VPOS="1521" WIDTH="14"/>
						<String ID="P29_ST00229" HPOS="582" VPOS="1487" WIDTH="269" HEIGHT="34" CONTENT="fellow-passengers" WC="0.97" CC="00000000000000050"/>
						<SP ID="P29_SP00180" HPOS="851" VPOS="1521" WIDTH="14"/>
						<String ID="P29_ST00230" HPOS="865" VPOS="1486" WIDTH="55" HEIGHT="25" CONTENT="had" WC="0.97" CC="000"/>
						<SP ID="P29_SP00181" HPOS="920" VPOS="1521" WIDTH="17"/>
						<String ID="P29_ST00231" HPOS="937" VPOS="1493" WIDTH="72" HEIGHT="27" CONTENT="gone" WC="0.95" CC="0010"/>
					</TextLine>
					<TextLine ID="P29_TL00026" HPOS="84" VPOS="1532" WIDTH="925" HEIGHT="32">
						<String ID="P29_ST00232" HPOS="84" VPOS="1538" WIDTH="28" HEIGHT="22" CONTENT="to" WC="0.66" CC="06"/>
						<SP ID="P29_SP00182" HPOS="112" VPOS="1560" WIDTH="23"/>
						<String ID="P29_ST00233" HPOS="135" VPOS="1534" WIDTH="48" HEIGHT="26" CONTENT="the" WC="0.89" CC="030"/>
						<SP ID="P29_SP00183" HPOS="183" VPOS="1560" WIDTH="24"/>
						<String ID="P29_ST00234" HPOS="207" VPOS="1543" WIDTH="77" HEIGHT="17" CONTENT="same" WC="1.00" CC="0000"/>
						<SP ID="P29_SP00184" HPOS="284" VPOS="1560" WIDTH="21"/>
						<String ID="P29_ST00235" HPOS="305" VPOS="1533" WIDTH="84" HEIGHT="27" CONTENT="hotel." WC="0.88" CC="001022"/>
						<SP ID="P29_SP00185" HPOS="389" VPOS="1560" WIDTH="43"/>
						<String ID="P29_ST00236" HPOS="432" VPOS="1534" WIDTH="114" HEIGHT="30" CONTENT="Indeed," WC="0.96" CC="0100001"/>
						<SP ID="P29_SP00186" HPOS="546" VPOS="1564" WIDTH="24"/>
						<String ID="P29_ST00237" HPOS="570" VPOS="1534" WIDTH="11" HEIGHT="26" CONTENT="I" WC="0.45" CC="5"/>
						<SP ID="P29_SP00187" HPOS="581" VPOS="1564" WIDTH="25"/>
						<String ID="P29_ST00238" HPOS="606" VPOS="1543" WIDTH="56" HEIGHT="17" CONTENT="saw" WC="1.00" CC="000"/>
						<SP ID="P29_SP00188" HPOS="662" VPOS="1564" WIDTH="22"/>
						<String ID="P29_ST00239" HPOS="684" VPOS="1533" WIDTH="72" HEIGHT="27" CONTENT="little" WC="1.00" CC="000000"/>
						<SP ID="P29_SP00189" HPOS="756" VPOS="1564" WIDTH="22"/>
						<String ID="P29_ST00240" HPOS="778" VPOS="1533" WIDTH="31" HEIGHT="27" CONTENT="of" WC="1.00" CC="00"/>
						<SP ID="P29_SP00190" HPOS="809" VPOS="1564" WIDTH="19"/>
						<String ID="P29_ST00241" HPOS="828" VPOS="1533" WIDTH="77" HEIGHT="27" CONTENT="them" WC="0.89" CC="0400"/>
						<SP ID="P29_SP00191" HPOS="905" VPOS="1564" WIDTH="24"/>
						<String ID="P29_ST00242" HPOS="929" VPOS="1532" WIDTH="80" HEIGHT="27" CONTENT="after-" WC="1.00" CC="000000"/>
					</TextLine>
				</TextBlock>
			</PrintSpace>
		</Page>
	</Layout>
</alto>
