<?xml version="1.0" encoding="UTF-8"?>
<alto xmlns:xsi="http://www.w3.org/2001/XMLSchema-instance" xsi:noNamespaceSchemaLocation="http://www.bl.uk/schemas/alto/alto-1-4.xsd" xmlns:xlink="http://www.w3.org/1999/xlink">
	<Description>
		<MeasurementUnit>mm10</MeasurementUnit>
		<sourceImageInformation>
			<fileName>//head1/IN/2008-11/A0011351408.1/007125.jp2</fileName>
		</sourceImageInformation>
		<OCRProcessing ID="OCRPROCESSING_1">
			<preProcessingStep>
				<processingSoftware>
					<softwareCreator>CCS Content Conversion Specialists GmbH, Germany</softwareCreator>
					<softwareName>CCS docWORKS</softwareName>
					<softwareVersion>6.1-0.67</softwareVersion>
				</processingSoftware>
			</preProcessingStep>
			<ocrProcessingStep>
				<processingSoftware>
					<softwareCreator>ABBYY (BIT Software), Russia</softwareCreator>
					<softwareName>Finereader</softwareName>
				</processingSoftware>
			</ocrProcessingStep>
		</OCRProcessing>
	</Description>
	<Styles>
		<TextStyle ID="TXT_0" FONTSIZE="10" FONTFAMILY="Courier New"/>
		<TextStyle ID="TXT_1" FONTSIZE="11" FONTFAMILY="Courier New"/>
		<TextStyle ID="TXT_2" FONTSIZE="9" FONTFAMILY="Courier New"/>
		<ParagraphStyle ID="PAR_LEFT" ALIGN="Left"/>
		<ParagraphStyle ID="PAR_RIGHT" ALIGN="Right"/>
	</Styles>
	<Layout>
		<Page ID="P39" PHYSICAL_IMG_NR="39" HEIGHT="1706" WIDTH="1150" PRINTED_IMG_NR="31" POSITION="Right" ACCURACY="91.77">
			<TopMargin ID="P39_TM00001" HPOS="0" VPOS="0" WIDTH="1149" HEIGHT="125">
				<TextBlock ID="P39_TB00001" HPOS="369" VPOS="83" WIDTH="351" HEIGHT="31" STYLEREFS="TXT_0 PAR_LEFT">
					<TextLine ID="P39_TL00001" HPOS="370" VPOS="84" WIDTH="350" HEIGHT="30">
						<String ID="P39_ST00001" HPOS="370" VPOS="85" WIDTH="62" HEIGHT="29" CONTENT="The" WC="1.00" CC="000"/>
						<SP ID="P39_SP00001" HPOS="432" VPOS="114" WIDTH="23"/>
						<String ID="P39_ST00002" HPOS="455" VPOS="84" WIDTH="118" HEIGHT="30" CONTENT="Sirdar" WC="0.87" CC="000070"/>
						<SP ID="P39_SP00002" HPOS="573" VPOS="114" WIDTH="20"/>
						<String ID="P39_ST00003" HPOS="593" VPOS="85" WIDTH="127" HEIGHT="29" CONTENT="Bearer." WC="0.94" CC="0200001"/>
					</TextLine>
				</TextBlock>
				<TextBlock ID="P39_TB00002" HPOS="964" VPOS="95" WIDTH="34" HEIGHT="28" STYLEREFS="TXT_1 PAR_RIGHT">
					<TextLine ID="P39_TL00002" HPOS="964" VPOS="95" WIDTH="34" HEIGHT="28">
						<String ID="P39_ST00004" HPOS="964" VPOS="95" WIDTH="34" HEIGHT="28" CONTENT="31" WC="1.00" CC="00"/>
					</TextLine>
				</TextBlock>
			</TopMargin>
			<LeftMargin ID="P39_LM00001" HPOS="0" VPOS="125" WIDTH="54" HEIGHT="1449"/>
			<RightMargin ID="P39_RM00001" HPOS="998" VPOS="125" WIDTH="151" HEIGHT="1449"/>
			<BottomMargin ID="P39_BM00001" HPOS="0" VPOS="1574" WIDTH="1149" HEIGHT="132"/>
			<PrintSpace ID="P39_PS00001" HPOS="54" VPOS="125" WIDTH="945" HEIGHT="1449">
				<TextBlock ID="P39_TB00003" HPOS="71" VPOS="166" WIDTH="928" HEIGHT="176" STYLEREFS="TXT_2 PAR_LEFT">
					<TextLine ID="P39_TL00003" HPOS="72" VPOS="167" WIDTH="925" HEIGHT="35">
						<String ID="P39_ST00005" HPOS="72" VPOS="167" WIDTH="66" HEIGHT="34" CONTENT="plan" WC="0.84" CC="0500"/>
						<SP ID="P39_SP00003" HPOS="138" VPOS="201" WIDTH="15"/>
						<String ID="P39_ST00006" HPOS="153" VPOS="171" WIDTH="29" HEIGHT="23" CONTENT="to" WC="1.00" CC="00"/>
						<SP ID="P39_SP00004" HPOS="182" VPOS="201" WIDTH="14"/>
						<String ID="P39_ST00007" HPOS="196" VPOS="168" WIDTH="35" HEIGHT="26" CONTENT="be" WC="1.00" CC="00"/>
						<SP ID="P39_SP00005" HPOS="231" VPOS="201" WIDTH="14"/>
						<String ID="P39_ST00008" HPOS="245" VPOS="172" WIDTH="30" HEIGHT="23" CONTENT="to" WC="0.75" CC="40"/>
						<SP ID="P39_SP00006" HPOS="275" VPOS="201" WIDTH="14"/>
						<String ID="P39_ST00009" HPOS="289" VPOS="168" WIDTH="81" HEIGHT="27" CONTENT="allow" WC="0.99" CC="00000"/>
						<SP ID="P39_SP00007" HPOS="370" VPOS="201" WIDTH="13"/>
						<String ID="P39_ST00010" HPOS="383" VPOS="168" WIDTH="104" HEIGHT="34" CONTENT="myself" WC="1.00" CC="000000"/>
						<SP ID="P39_SP00008" HPOS="487" VPOS="202" WIDTH="16"/>
						<String ID="P39_ST00011" HPOS="503" VPOS="173" WIDTH="29" HEIGHT="22" CONTENT="to" WC="0.58" CC="35"/>
						<SP ID="P39_SP00009" HPOS="532" VPOS="202" WIDTH="22"/>
						<String ID="P39_ST00012" HPOS="554" VPOS="169" WIDTH="36" HEIGHT="26" CONTENT="be" WC="1.00" CC="00"/>
						<SP ID="P39_SP00010" HPOS="590" VPOS="202" WIDTH="22"/>
						<String ID="P39_ST00013" HPOS="612" VPOS="168" WIDTH="117" HEIGHT="27" CONTENT="cheated" WC="1.00" CC="0000000"/>
						<SP ID="P39_SP00011" HPOS="729" VPOS="202" WIDTH="22"/>
						<String ID="P39_ST00014" HPOS="751" VPOS="173" WIDTH="30" HEIGHT="22" CONTENT="to" WC="1.00" CC="00"/>
						<SP ID="P39_SP00012" HPOS="781" VPOS="202" WIDTH="18"/>
						<String ID="P39_ST00015" HPOS="799" VPOS="179" WIDTH="15" HEIGHT="16" CONTENT="a" WC="1.00" CC="0"/>
						<SP ID="P39_SP00013" HPOS="814" VPOS="202" WIDTH="14"/>
						<String ID="P39_ST00016" HPOS="828" VPOS="170" WIDTH="105" HEIGHT="25" CONTENT="certain" WC="0.78" CC="4040050"/>
						<SP ID="P39_SP00014" HPOS="933" VPOS="202" WIDTH="15"/>
						<String ID="P39_ST00017" HPOS="948" VPOS="179" WIDTH="49" HEIGHT="17" CONTENT="ex" SUBS_TYPE="HypPart1" SUBS_CONTENT="extent," WC="0.97" CC="000"/>
						<HYP CONTENT="-"/>
					</TextLine>
					<TextLine ID="P39_TL00004" HPOS="71" VPOS="216" WIDTH="928" HEIGHT="34">
						<String ID="P39_ST00018" HPOS="71" VPOS="218" WIDTH="68" HEIGHT="28" CONTENT="tent," SUBS_TYPE="HypPart2" SUBS_CONTENT="extent," WC="0.98" CC="00000"/>
						<SP ID="P39_SP00015" HPOS="139" VPOS="246" WIDTH="15"/>
						<String ID="P39_ST00019" HPOS="154" VPOS="216" WIDTH="56" HEIGHT="25" CONTENT="and" WC="0.90" CC="030"/>
						<SP ID="P39_SP00016" HPOS="210" VPOS="246" WIDTH="15"/>
						<String ID="P39_ST00020" HPOS="225" VPOS="216" WIDTH="66" HEIGHT="34" CONTENT="only" WC="0.79" CC="0008"/>
						<SP ID="P39_SP00017" HPOS="291" VPOS="250" WIDTH="13"/>
						<String ID="P39_ST00021" HPOS="304" VPOS="220" WIDTH="29" HEIGHT="21" CONTENT="to" WC="1.00" CC="00"/>
						<SP ID="P39_SP00018" HPOS="333" VPOS="250" WIDTH="14"/>
						<String ID="P39_ST00022" HPOS="347" VPOS="216" WIDTH="116" HEIGHT="33" CONTENT="pretend" WC="1.00" CC="0000000"/>
						<SP ID="P39_SP00019" HPOS="463" VPOS="250" WIDTH="18"/>
						<String ID="P39_ST00023" HPOS="481" VPOS="220" WIDTH="31" HEIGHT="22" CONTENT="to" WC="0.97" CC="00"/>
						<SP ID="P39_SP00020" HPOS="512" VPOS="250" WIDTH="17"/>
						<String ID="P39_ST00024" HPOS="529" VPOS="217" WIDTH="131" HEIGHT="25" CONTENT="examine" WC="1.00" CC="0000000"/>
						<SP ID="P39_SP00021" HPOS="660" VPOS="250" WIDTH="14"/>
						<String ID="P39_ST00025" HPOS="674" VPOS="216" WIDTH="48" HEIGHT="26" CONTENT="the" WC="0.89" CC="020"/>
						<SP ID="P39_SP00022" HPOS="722" VPOS="250" WIDTH="13"/>
						<String ID="P39_ST00026" HPOS="735" VPOS="217" WIDTH="122" HEIGHT="25" CONTENT="detailed" WC="0.89" CC="00302200"/>
						<SP ID="P39_SP00023" HPOS="857" VPOS="250" WIDTH="15"/>
						<String ID="P39_ST00027" HPOS="872" VPOS="222" WIDTH="127" HEIGHT="27" CONTENT="account," WC="1.00" CC="00000000"/>
					</TextLine>
					<TextLine ID="P39_TL00005" HPOS="71" VPOS="262" WIDTH="927" HEIGHT="35">
						<String ID="P39_ST00028" HPOS="71" VPOS="262" WIDTH="56" HEIGHT="26" CONTENT="and" WC="1.00" CC="000"/>
						<SP ID="P39_SP00024" HPOS="127" VPOS="288" WIDTH="22"/>
						<String ID="P39_ST00029" HPOS="149" VPOS="262" WIDTH="22" HEIGHT="27" CONTENT="if" WC="0.71" CC="50"/>
						<SP ID="P39_SP00025" HPOS="171" VPOS="289" WIDTH="16"/>
						<String ID="P39_ST00030" HPOS="187" VPOS="263" WIDTH="47" HEIGHT="26" CONTENT="the" WC="0.91" CC="020"/>
						<SP ID="P39_SP00026" HPOS="234" VPOS="289" WIDTH="14"/>
						<String ID="P39_ST00031" HPOS="248" VPOS="263" WIDTH="69" HEIGHT="26" CONTENT="total" WC="1.00" CC="00000"/>
						<SP ID="P39_SP00027" HPOS="317" VPOS="289" WIDTH="14"/>
						<String ID="P39_ST00032" HPOS="331" VPOS="264" WIDTH="139" HEIGHT="33" CONTENT="appeared" WC="1.00" CC="00000000"/>
						<SP ID="P39_SP00028" HPOS="470" VPOS="297" WIDTH="21"/>
						<String ID="P39_ST00033" HPOS="491" VPOS="267" WIDTH="28" HEIGHT="22" CONTENT="to" WC="1.00" CC="00"/>
						<SP ID="P39_SP00029" HPOS="519" VPOS="297" WIDTH="22"/>
						<String ID="P39_ST00034" HPOS="541" VPOS="264" WIDTH="33" HEIGHT="25" CONTENT="be" WC="1.00" CC="00"/>
						<SP ID="P39_SP00030" HPOS="574" VPOS="297" WIDTH="14"/>
						<String ID="P39_ST00035" HPOS="588" VPOS="268" WIDTH="48" HEIGHT="21" CONTENT="too" WC="1.00" CC="000"/>
						<SP ID="P39_SP00031" HPOS="636" VPOS="297" WIDTH="15"/>
						<String ID="P39_ST00036" HPOS="651" VPOS="264" WIDTH="189" HEIGHT="25" CONTENT="extortionate" WC="0.97" CC="000000000200"/>
						<SP ID="P39_SP00032" HPOS="840" VPOS="297" WIDTH="23"/>
						<String ID="P39_ST00037" HPOS="863" VPOS="267" WIDTH="30" HEIGHT="23" CONTENT="to" WC="1.00" CC="00"/>
						<SP ID="P39_SP00033" HPOS="893" VPOS="297" WIDTH="22"/>
						<String ID="P39_ST00038" HPOS="915" VPOS="266" WIDTH="83" HEIGHT="25" CONTENT="make" WC="0.95" CC="0020"/>
					</TextLine>
					<TextLine ID="P39_TL00006" HPOS="71" VPOS="311" WIDTH="583" HEIGHT="31">
						<String ID="P39_ST00039" HPOS="71" VPOS="318" WIDTH="35" HEIGHT="17" CONTENT="an" WC="1.00" CC="00"/>
						<SP ID="P39_SP00034" HPOS="106" VPOS="335" WIDTH="15"/>
						<String ID="P39_ST00040" HPOS="121" VPOS="311" WIDTH="137" HEIGHT="31" CONTENT="arbitrary" WC="0.90" CC="000000009"/>
						<SP ID="P39_SP00035" HPOS="258" VPOS="342" WIDTH="12"/>
						<String ID="P39_ST00041" HPOS="270" VPOS="311" WIDTH="152" HEIGHT="25" CONTENT="deduction" WC="0.79" CC="000370600"/>
						<SP ID="P39_SP00036" HPOS="422" VPOS="342" WIDTH="15"/>
						<String ID="P39_ST00042" HPOS="437" VPOS="311" WIDTH="31" HEIGHT="26" CONTENT="of" WC="1.00" CC="00"/>
						<SP ID="P39_SP00037" HPOS="468" VPOS="342" WIDTH="20"/>
						<String ID="P39_ST00043" HPOS="488" VPOS="318" WIDTH="67" HEIGHT="19" CONTENT="iors." WC="1.00" CC="00000"/>
						<SP ID="P39_SP00038" HPOS="555" VPOS="342" WIDTH="16"/>
						<String ID="P39_ST00044" HPOS="571" VPOS="320" WIDTH="30" HEIGHT="17" CONTENT="or" WC="1.00" CC="00"/>
						<SP ID="P39_SP00039" HPOS="601" VPOS="342" WIDTH="15"/>
						<String ID="P39_ST00045" HPOS="616" VPOS="320" WIDTH="38" HEIGHT="17" CONTENT="so." WC="1.00" CC="000"/>
					</TextLine>
				</TextBlock>
				<TextBlock ID="P39_TB00004" HPOS="66" VPOS="356" WIDTH="932" HEIGHT="317" STYLEREFS="TXT_2 PAR_LEFT">
					<TextLine ID="P39_TL00007" HPOS="110" VPOS="357" WIDTH="888" HEIGHT="37">
						<String ID="P39_ST00046" HPOS="110" VPOS="357" WIDTH="75" HEIGHT="26" CONTENT="Such" WC="1.00" CC="0000"/>
						<SP ID="P39_SP00040" HPOS="185" VPOS="383" WIDTH="13"/>
						<String ID="P39_ST00047" HPOS="198" VPOS="358" WIDTH="165" HEIGHT="25" CONTENT="deductions" WC="1.00" CC="0000000000"/>
						<SP ID="P39_SP00041" HPOS="363" VPOS="383" WIDTH="14"/>
						<String ID="P39_ST00048" HPOS="377" VPOS="358" WIDTH="104" HEIGHT="33" CONTENT="always" WC="1.00" CC="000000"/>
						<SP ID="P39_SP00042" HPOS="481" VPOS="391" WIDTH="21"/>
						<String ID="P39_ST00049" HPOS="502" VPOS="358" WIDTH="103" HEIGHT="26" CONTENT="caused" WC="1.00" CC="000000"/>
						<SP ID="P39_SP00043" HPOS="605" VPOS="391" WIDTH="21"/>
						<String ID="P39_ST00050" HPOS="626" VPOS="358" WIDTH="48" HEIGHT="26" CONTENT="the" WC="1.00" CC="000"/>
						<SP ID="P39_SP00044" HPOS="674" VPOS="391" WIDTH="21"/>
						<String ID="P39_ST00051" HPOS="695" VPOS="362" WIDTH="74" HEIGHT="22" CONTENT="most" WC="1.00" CC="0000"/>
						<SP ID="P39_SP00045" HPOS="769" VPOS="391" WIDTH="20"/>
						<String ID="P39_ST00052" HPOS="789" VPOS="358" WIDTH="209" HEIGHT="36" CONTENT="heart-rending" WC="0.87" CC="3001002020600"/>
					</TextLine>
					<TextLine ID="P39_TL00008" HPOS="70" VPOS="404" WIDTH="926" HEIGHT="36">
						<String ID="P39_ST00053" HPOS="70" VPOS="404" WIDTH="206" HEIGHT="32" CONTENT="lamentations," WC="0.91" CC="3000000060001"/>
						<SP ID="P39_SP00046" HPOS="276" VPOS="436" WIDTH="33"/>
						<String ID="P39_ST00054" HPOS="309" VPOS="405" WIDTH="150" HEIGHT="26" CONTENT="assertions" WC="1.00" CC="0000000000"/>
						<SP ID="P39_SP00047" HPOS="459" VPOS="436" WIDTH="32"/>
						<String ID="P39_ST00055" HPOS="491" VPOS="405" WIDTH="33" HEIGHT="26" CONTENT="of" WC="1.00" CC="00"/>
						<SP ID="P39_SP00048" HPOS="524" VPOS="436" WIDTH="28"/>
						<String ID="P39_ST00056" HPOS="552" VPOS="406" WIDTH="159" HEIGHT="30" CONTENT="starvation," WC="0.89" CC="00030050002"/>
						<SP ID="P39_SP00049" HPOS="711" VPOS="436" WIDTH="34"/>
						<String ID="P39_ST00057" HPOS="745" VPOS="405" WIDTH="55" HEIGHT="27" CONTENT="and" WC="0.86" CC="040"/>
						<SP ID="P39_SP00050" HPOS="800" VPOS="436" WIDTH="33"/>
						<String ID="P39_ST00058" HPOS="833" VPOS="406" WIDTH="163" HEIGHT="34" CONTENT="impending" WC="0.67" CC="507014550"/>
					</TextLine>
					<TextLine ID="P39_TL00009" HPOS="70" VPOS="452" WIDTH="927" HEIGHT="36">
						<String ID="P39_ST00059" HPOS="70" VPOS="452" WIDTH="92" HEIGHT="31" CONTENT="death," WC="0.84" CC="000053"/>
						<SP ID="P39_SP00051" HPOS="162" VPOS="483" WIDTH="15"/>
						<String ID="P39_ST00060" HPOS="177" VPOS="453" WIDTH="50" HEIGHT="25" CONTENT="but" WC="0.85" CC="004"/>
						<SP ID="P39_SP00052" HPOS="227" VPOS="483" WIDTH="21"/>
						<String ID="P39_ST00061" HPOS="248" VPOS="452" WIDTH="68" HEIGHT="34" CONTENT="they" WC="1.00" CC="0000"/>
						<SP ID="P39_SP00053" HPOS="316" VPOS="486" WIDTH="16"/>
						<String ID="P39_ST00062" HPOS="332" VPOS="452" WIDTH="49" HEIGHT="26" CONTENT="did" WC="0.82" CC="050"/>
						<SP ID="P39_SP00054" HPOS="381" VPOS="486" WIDTH="23"/>
						<String ID="P39_ST00063" HPOS="404" VPOS="457" WIDTH="50" HEIGHT="21" CONTENT="not" WC="1.00" CC="000"/>
						<SP ID="P39_SP00055" HPOS="454" VPOS="486" WIDTH="22"/>
						<String ID="P39_ST00064" HPOS="476" VPOS="452" WIDTH="54" HEIGHT="26" CONTENT="last" WC="1.00" CC="0000"/>
						<SP ID="P39_SP00056" HPOS="530" VPOS="486" WIDTH="23"/>
						<String ID="P39_ST00065" HPOS="553" VPOS="453" WIDTH="65" HEIGHT="35" CONTENT="long" WC="0.75" CC="0306"/>
						<SP ID="P39_SP00057" HPOS="618" VPOS="488" WIDTH="14"/>
						<String ID="P39_ST00066" HPOS="632" VPOS="463" WIDTH="5" HEIGHT="22" CONTENT=";" WC="1.00" CC="0"/>
						<SP ID="P39_SP00058" HPOS="637" VPOS="488" WIDTH="25"/>
						<String ID="P39_ST00067" HPOS="662" VPOS="454" WIDTH="55" HEIGHT="24" CONTENT="and" WC="1.00" CC="000"/>
						<SP ID="P39_SP00059" HPOS="717" VPOS="488" WIDTH="21"/>
						<String ID="P39_ST00068" HPOS="738" VPOS="453" WIDTH="47" HEIGHT="26" CONTENT="the" WC="0.87" CC="030"/>
						<SP ID="P39_SP00060" HPOS="785" VPOS="488" WIDTH="24"/>
						<String ID="P39_ST00069" HPOS="809" VPOS="453" WIDTH="102" HEIGHT="31" CONTENT="bearer," WC="0.99" CC="0000000"/>
						<SP ID="P39_SP00061" HPOS="911" VPOS="488" WIDTH="16"/>
						<String ID="P39_ST00070" HPOS="927" VPOS="454" WIDTH="70" HEIGHT="25" CONTENT="after" WC="0.93" CC="00003"/>
					</TextLine>
					<TextLine ID="P39_TL00010" HPOS="69" VPOS="499" WIDTH="924" HEIGHT="34">
						<String ID="P39_ST00071" HPOS="69" VPOS="499" WIDTH="85" HEIGHT="33" CONTENT="being" WC="0.64" CC="00709"/>
						<SP ID="P39_SP00062" HPOS="154" VPOS="532" WIDTH="13"/>
						<String ID="P39_ST00072" HPOS="167" VPOS="499" WIDTH="95" HEIGHT="26" CONTENT="driven" WC="0.89" CC="006000"/>
						<SP ID="P39_SP00063" HPOS="262" VPOS="532" WIDTH="15"/>
						<String ID="P39_ST00073" HPOS="277" VPOS="499" WIDTH="70" HEIGHT="27" CONTENT="from" WC="1.00" CC="0000"/>
						<SP ID="P39_SP00064" HPOS="347" VPOS="532" WIDTH="23"/>
						<String ID="P39_ST00074" HPOS="370" VPOS="499" WIDTH="49" HEIGHT="27" CONTENT="the" WC="0.88" CC="030"/>
						<SP ID="P39_SP00065" HPOS="419" VPOS="532" WIDTH="23"/>
						<String ID="P39_ST00075" HPOS="442" VPOS="509" WIDTH="132" HEIGHT="24" CONTENT="presence" WC="0.96" CC="03000000"/>
						<SP ID="P39_SP00066" HPOS="574" VPOS="533" WIDTH="13"/>
						<String ID="P39_ST00076" HPOS="587" VPOS="500" WIDTH="66" HEIGHT="26" CONTENT="with" WC="0.83" CC="0600"/>
						<SP ID="P39_SP00067" HPOS="653" VPOS="533" WIDTH="23"/>
						<String ID="P39_ST00077" HPOS="676" VPOS="509" WIDTH="80" HEIGHT="17" CONTENT="scorn" WC="1.00" CC="00000"/>
						<SP ID="P39_SP00068" HPOS="756" VPOS="533" WIDTH="22"/>
						<String ID="P39_ST00078" HPOS="778" VPOS="500" WIDTH="55" HEIGHT="26" CONTENT="and" WC="0.83" CC="050"/>
						<SP ID="P39_SP00069" HPOS="833" VPOS="533" WIDTH="21"/>
						<String ID="P39_ST00079" HPOS="854" VPOS="510" WIDTH="16" HEIGHT="16" CONTENT="a" WC="1.00" CC="0"/>
						<SP ID="P39_SP00070" HPOS="870" VPOS="533" WIDTH="19"/>
						<String ID="P39_ST00080" HPOS="889" VPOS="501" WIDTH="104" HEIGHT="26" CONTENT="certain" WC="0.83" CC="0000019"/>
					</TextLine>
					<TextLine ID="P39_TL00011" HPOS="68" VPOS="547" WIDTH="926" HEIGHT="34">
						<String ID="P39_ST00081" HPOS="68" VPOS="550" WIDTH="116" HEIGHT="22" CONTENT="amount" WC="0.90" CC="000033"/>
						<SP ID="P39_SP00071" HPOS="184" VPOS="572" WIDTH="14"/>
						<String ID="P39_ST00082" HPOS="198" VPOS="547" WIDTH="31" HEIGHT="25" CONTENT="of" WC="1.00" CC="00"/>
						<SP ID="P39_SP00072" HPOS="229" VPOS="572" WIDTH="16"/>
						<String ID="P39_ST00083" HPOS="245" VPOS="555" WIDTH="91" HEIGHT="26" CONTENT="angry" WC="1.00" CC="00000"/>
						<SP ID="P39_SP00073" HPOS="336" VPOS="581" WIDTH="12"/>
						<String ID="P39_ST00084" HPOS="348" VPOS="548" WIDTH="98" HEIGHT="30" CONTENT="words," WC="1.00" CC="000000"/>
						<SP ID="P39_SP00074" HPOS="446" VPOS="581" WIDTH="15"/>
						<String ID="P39_ST00085" HPOS="461" VPOS="547" WIDTH="92" HEIGHT="26" CONTENT="would" WC="1.00" CC="00000"/>
						<SP ID="P39_SP00075" HPOS="553" VPOS="581" WIDTH="21"/>
						<String ID="P39_ST00086" HPOS="574" VPOS="556" WIDTH="105" HEIGHT="25" CONTENT="appear" WC="0.75" CC="000086"/>
						<SP ID="P39_SP00076" HPOS="679" VPOS="581" WIDTH="22"/>
						<String ID="P39_ST00087" HPOS="701" VPOS="551" WIDTH="28" HEIGHT="22" CONTENT="at" WC="1.00" CC="00"/>
						<SP ID="P39_SP00077" HPOS="729" VPOS="581" WIDTH="22"/>
						<String ID="P39_ST00088" HPOS="751" VPOS="547" WIDTH="47" HEIGHT="26" CONTENT="the" WC="0.84" CC="040"/>
						<SP ID="P39_SP00078" HPOS="798" VPOS="581" WIDTH="21"/>
						<String ID="P39_ST00089" HPOS="819" VPOS="551" WIDTH="70" HEIGHT="22" CONTENT="next" WC="0.98" CC="0000"/>
						<SP ID="P39_SP00079" HPOS="889" VPOS="581" WIDTH="22"/>
						<String ID="P39_ST00090" HPOS="911" VPOS="549" WIDTH="83" HEIGHT="24" CONTENT="inter" SUBS_TYPE="HypPart1" SUBS_CONTENT="interview," WC="0.84" CC="610001"/>
						<HYP CONTENT="-"/>
					</TextLine>
					<TextLine ID="P39_TL00012" HPOS="66" VPOS="593" WIDTH="932" HEIGHT="35">
						<String ID="P39_ST00091" HPOS="66" VPOS="593" WIDTH="77" HEIGHT="32" CONTENT="view," SUBS_TYPE="HypPart2" SUBS_CONTENT="interview," WC="0.60" CC="06093"/>
						<SP ID="P39_SP00080" HPOS="143" VPOS="625" WIDTH="14"/>
						<String ID="P39_ST00092" HPOS="157" VPOS="593" WIDTH="63" HEIGHT="27" CONTENT="half" WC="0.65" CC="6060"/>
						<SP ID="P39_SP00081" HPOS="220" VPOS="625" WIDTH="15"/>
						<String ID="P39_ST00093" HPOS="235" VPOS="603" WIDTH="35" HEIGHT="17" CONTENT="an" WC="0.67" CC="06"/>
						<SP ID="P39_SP00082" HPOS="270" VPOS="625" WIDTH="24"/>
						<String ID="P39_ST00094" HPOS="294" VPOS="594" WIDTH="70" HEIGHT="26" CONTENT="hour" WC="1.00" CC="0000"/>
						<SP ID="P39_SP00083" HPOS="364" VPOS="625" WIDTH="13"/>
						<String ID="P39_ST00095" HPOS="377" VPOS="594" WIDTH="167" HEIGHT="32" CONTENT="afterwards," WC="0.99" CC="00000000001"/>
						<SP ID="P39_SP00084" HPOS="544" VPOS="626" WIDTH="15"/>
						<String ID="P39_ST00096" HPOS="559" VPOS="603" WIDTH="31" HEIGHT="17" CONTENT="as" WC="1.00" CC="00"/>
						<SP ID="P39_SP00085" HPOS="590" VPOS="626" WIDTH="19"/>
						<String ID="P39_ST00097" HPOS="609" VPOS="604" WIDTH="85" HEIGHT="24" CONTENT="grave" WC="1.00" CC="00000"/>
						<SP ID="P39_SP00086" HPOS="694" VPOS="628" WIDTH="13"/>
						<String ID="P39_ST00098" HPOS="707" VPOS="594" WIDTH="55" HEIGHT="26" CONTENT="and" WC="0.79" CC="060"/>
						<SP ID="P39_SP00087" HPOS="762" VPOS="628" WIDTH="15"/>
						<String ID="P39_ST00099" HPOS="777" VPOS="595" WIDTH="133" HEIGHT="25" CONTENT="decorous" WC="0.94" CC="00000004"/>
						<SP ID="P39_SP00088" HPOS="910" VPOS="628" WIDTH="14"/>
						<String ID="P39_ST00100" HPOS="924" VPOS="604" WIDTH="31" HEIGHT="16" CONTENT="as" WC="1.00" CC="00"/>
						<SP ID="P39_SP00089" HPOS="955" VPOS="628" WIDTH="20"/>
						<String ID="P39_ST00101" HPOS="975" VPOS="595" WIDTH="23" HEIGHT="25" CONTENT="if" WC="0.68" CC="50"/>
					</TextLine>
					<TextLine ID="P39_TL00013" HPOS="66" VPOS="641" WIDTH="343" HEIGHT="32">
						<String ID="P39_ST00102" HPOS="66" VPOS="641" WIDTH="120" HEIGHT="32" CONTENT="nothing" WC="0.88" CC="0002600"/>
						<SP ID="P39_SP00090" HPOS="186" VPOS="673" WIDTH="12"/>
						<String ID="P39_ST00103" HPOS="198" VPOS="641" WIDTH="57" HEIGHT="25" CONTENT="had" WC="0.97" CC="000"/>
						<SP ID="P39_SP00091" HPOS="255" VPOS="673" WIDTH="15"/>
						<String ID="P39_ST00104" HPOS="270" VPOS="642" WIDTH="139" HEIGHT="25" CONTENT="occurred." WC="0.92" CC="000004002"/>
					</TextLine>
				</TextBlock>
				<TextBlock ID="P39_TB00005" HPOS="64" VPOS="688" WIDTH="929" HEIGHT="128" STYLEREFS="TXT_2 PAR_LEFT">
					<TextLine ID="P39_TL00014" HPOS="102" VPOS="688" WIDTH="891" HEIGHT="34">
						<String ID="P39_ST00105" HPOS="102" VPOS="688" WIDTH="62" HEIGHT="26" CONTENT="The" WC="1.00" CC="000"/>
						<SP ID="P39_SP00092" HPOS="164" VPOS="714" WIDTH="13"/>
						<String ID="P39_ST00106" HPOS="177" VPOS="697" WIDTH="77" HEIGHT="17" CONTENT="same" WC="1.00" CC="0000"/>
						<SP ID="P39_SP00093" HPOS="254" VPOS="714" WIDTH="15"/>
						<String ID="P39_ST00107" HPOS="269" VPOS="688" WIDTH="123" HEIGHT="26" CONTENT="remarks" WC="1.00" CC="0000000"/>
						<SP ID="P39_SP00094" HPOS="392" VPOS="714" WIDTH="13"/>
						<String ID="P39_ST00108" HPOS="405" VPOS="688" WIDTH="86" HEIGHT="34" CONTENT="apply" WC="0.95" CC="00020"/>
						<SP ID="P39_SP00095" HPOS="491" VPOS="722" WIDTH="15"/>
						<String ID="P39_ST00109" HPOS="506" VPOS="692" WIDTH="29" HEIGHT="22" CONTENT="to" WC="1.00" CC="00"/>
						<SP ID="P39_SP00096" HPOS="535" VPOS="722" WIDTH="23"/>
						<String ID="P39_ST00110" HPOS="558" VPOS="688" WIDTH="48" HEIGHT="26" CONTENT="the" WC="0.92" CC="020"/>
						<SP ID="P39_SP00097" HPOS="606" VPOS="722" WIDTH="18"/>
						<String ID="P39_ST00111" HPOS="624" VPOS="688" WIDTH="189" HEIGHT="26" CONTENT="khansamar's" WC="0.92" CC="40021000000"/>
						<SP ID="P39_SP00098" HPOS="813" VPOS="722" WIDTH="14"/>
						<String ID="P39_ST00112" HPOS="827" VPOS="689" WIDTH="56" HEIGHT="31" CONTENT="bill," WC="0.83" CC="05002"/>
						<SP ID="P39_SP00099" HPOS="883" VPOS="722" WIDTH="14"/>
						<String ID="P39_ST00113" HPOS="897" VPOS="689" WIDTH="96" HEIGHT="31" CONTENT="where," WC="0.80" CC="020503"/>
					</TextLine>
					<TextLine ID="P39_TL00015" HPOS="66" VPOS="735" WIDTH="927" HEIGHT="35">
						<String ID="P39_ST00114" HPOS="66" VPOS="744" WIDTH="104" HEIGHT="26" CONTENT="among" WC="0.75" CC="00029"/>
						<SP ID="P39_SP00100" HPOS="170" VPOS="770" WIDTH="20"/>
						<String ID="P39_ST00115" HPOS="190" VPOS="735" WIDTH="80" HEIGHT="26" CONTENT="other" WC="1.00" CC="00000"/>
						<SP ID="P39_SP00101" HPOS="270" VPOS="770" WIDTH="22"/>
						<String ID="P39_ST00116" HPOS="292" VPOS="736" WIDTH="101" HEIGHT="34" CONTENT="things," WC="0.83" CC="0650000"/>
						<SP ID="P39_SP00102" HPOS="393" VPOS="770" WIDTH="21"/>
						<String ID="P39_ST00117" HPOS="414" VPOS="735" WIDTH="48" HEIGHT="26" CONTENT="the" WC="1.00" CC="000"/>
						<SP ID="P39_SP00103" HPOS="462" VPOS="770" WIDTH="24"/>
						<String ID="P39_ST00118" HPOS="486" VPOS="736" WIDTH="117" HEIGHT="25" CONTENT="number" WC="0.97" CC="000100"/>
						<SP ID="P39_SP00104" HPOS="603" VPOS="770" WIDTH="14"/>
						<String ID="P39_ST00119" HPOS="617" VPOS="736" WIDTH="31" HEIGHT="25" CONTENT="of" WC="1.00" CC="00"/>
						<SP ID="P39_SP00105" HPOS="648" VPOS="770" WIDTH="16"/>
						<String ID="P39_ST00120" HPOS="664" VPOS="744" WIDTH="68" HEIGHT="26" CONTENT="eggs" WC="1.00" CC="0000"/>
						<SP ID="P39_SP00106" HPOS="732" VPOS="770" WIDTH="22"/>
						<String ID="P39_ST00121" HPOS="754" VPOS="736" WIDTH="151" HEIGHT="26" CONTENT="consumed" WC="0.94" CC="00400000"/>
						<SP ID="P39_SP00107" HPOS="905" VPOS="770" WIDTH="24"/>
						<String ID="P39_ST00122" HPOS="929" VPOS="737" WIDTH="27" HEIGHT="25" CONTENT="in" WC="0.47" CC="54"/>
						<SP ID="P39_SP00108" HPOS="956" VPOS="770" WIDTH="22"/>
						<String ID="P39_ST00123" HPOS="978" VPOS="746" WIDTH="15" HEIGHT="16" CONTENT="a" WC="0.51" CC="4"/>
					</TextLine>
					<TextLine ID="P39_TL00016" HPOS="65" VPOS="782" WIDTH="600" HEIGHT="34">
						<String ID="P39_ST00124" HPOS="65" VPOS="782" WIDTH="98" HEIGHT="26" CONTENT="month" WC="0.86" CC="00600"/>
						<SP ID="P39_SP00109" HPOS="163" VPOS="808" WIDTH="14"/>
						<String ID="P39_ST00125" HPOS="177" VPOS="792" WIDTH="55" HEIGHT="16" CONTENT="was" WC="1.00" CC="000"/>
						<SP ID="P39_SP00110" HPOS="232" VPOS="808" WIDTH="15"/>
						<String ID="P39_ST00126" HPOS="247" VPOS="783" WIDTH="102" HEIGHT="33" CONTENT="always" WC="1.00" CC="000000"/>
						<SP ID="P39_SP00111" HPOS="349" VPOS="816" WIDTH="15"/>
						<String ID="P39_ST00127" HPOS="364" VPOS="782" WIDTH="136" HEIGHT="34" CONTENT="perfectly" WC="0.90" CC="000200050"/>
						<SP ID="P39_SP00112" HPOS="500" VPOS="816" WIDTH="15"/>
						<String ID="P39_ST00128" HPOS="515" VPOS="783" WIDTH="150" HEIGHT="33" CONTENT="appalling." WC="0.86" CC="0000700700"/>
					</TextLine>
				</TextBlock>
				<TextBlock ID="P39_TB00006" HPOS="57" VPOS="829" WIDTH="936" HEIGHT="458" STYLEREFS="TXT_2 PAR_LEFT">
					<TextLine ID="P39_TL00017" HPOS="100" VPOS="830" WIDTH="893" HEIGHT="33">
						<String ID="P39_ST00129" HPOS="100" VPOS="830" WIDTH="89" HEIGHT="33" CONTENT="Being" WC="0.57" CC="60049"/>
						<SP ID="P39_SP00113" HPOS="189" VPOS="863" WIDTH="14"/>
						<String ID="P39_ST00130" HPOS="203" VPOS="830" WIDTH="223" HEIGHT="33" CONTENT="inexperienced," WC="0.90" CC="21000000080001"/>
						<SP ID="P39_SP00114" HPOS="426" VPOS="863" WIDTH="16"/>
						<String ID="P39_ST00131" HPOS="442" VPOS="830" WIDTH="56" HEIGHT="26" CONTENT="and" WC="1.00" CC="000"/>
						<SP ID="P39_SP00115" HPOS="498" VPOS="863" WIDTH="15"/>
						<String ID="P39_ST00132" HPOS="513" VPOS="834" WIDTH="28" HEIGHT="22" CONTENT="at" WC="1.00" CC="00"/>
						<SP ID="P39_SP00116" HPOS="541" VPOS="863" WIDTH="15"/>
						<String ID="P39_ST00133" HPOS="556" VPOS="830" WIDTH="47" HEIGHT="26" CONTENT="the" WC="0.71" CC="530"/>
						<SP ID="P39_SP00117" HPOS="603" VPOS="863" WIDTH="14"/>
						<String ID="P39_ST00134" HPOS="617" VPOS="839" WIDTH="77" HEIGHT="17" CONTENT="same" WC="1.00" CC="0000"/>
						<SP ID="P39_SP00118" HPOS="694" VPOS="863" WIDTH="13"/>
						<String ID="P39_ST00135" HPOS="707" VPOS="830" WIDTH="68" HEIGHT="26" CONTENT="time" WC="1.00" CC="0000"/>
						<SP ID="P39_SP00119" HPOS="775" VPOS="863" WIDTH="20"/>
						<String ID="P39_ST00136" HPOS="795" VPOS="830" WIDTH="94" HEIGHT="26" CONTENT="bound" WC="1.00" CC="00000"/>
						<SP ID="P39_SP00120" HPOS="889" VPOS="863" WIDTH="16"/>
						<String ID="P39_ST00137" HPOS="905" VPOS="834" WIDTH="28" HEIGHT="22" CONTENT="to" WC="0.99" CC="00"/>
						<SP ID="P39_SP00121" HPOS="933" VPOS="863" WIDTH="15"/>
						<String ID="P39_ST00138" HPOS="948" VPOS="839" WIDTH="45" HEIGHT="17" CONTENT="see" WC="1.00" CC="000"/>
					</TextLine>
					<TextLine ID="P39_TL00018" HPOS="62" VPOS="876" WIDTH="931" HEIGHT="34">
						<String ID="P39_ST00139" HPOS="62" VPOS="876" WIDTH="62" HEIGHT="26" CONTENT="that" WC="1.00" CC="0000"/>
						<SP ID="P39_SP00122" HPOS="124" VPOS="902" WIDTH="17"/>
						<String ID="P39_ST00140" HPOS="141" VPOS="877" WIDTH="47" HEIGHT="25" CONTENT="the" WC="1.00" CC="000"/>
						<SP ID="P39_SP00123" HPOS="188" VPOS="902" WIDTH="22"/>
						<String ID="P39_ST00141" HPOS="210" VPOS="877" WIDTH="109" HEIGHT="25" CONTENT="limited" WC="0.98" CC="0001000"/>
						<SP ID="P39_SP00124" HPOS="319" VPOS="902" WIDTH="23"/>
						<String ID="P39_ST00142" HPOS="342" VPOS="885" WIDTH="141" HEIGHT="18" CONTENT="resources" WC="0.97" CC="000200000"/>
						<SP ID="P39_SP00125" HPOS="483" VPOS="903" WIDTH="14"/>
						<String ID="P39_ST00143" HPOS="497" VPOS="877" WIDTH="32" HEIGHT="26" CONTENT="of" WC="0.94" CC="10"/>
						<SP ID="P39_SP00126" HPOS="529" VPOS="903" WIDTH="17"/>
						<String ID="P39_ST00144" HPOS="546" VPOS="886" WIDTH="48" HEIGHT="24" CONTENT="my" WC="1.00" CC="00"/>
						<SP ID="P39_SP00127" HPOS="594" VPOS="910" WIDTH="13"/>
						<String ID="P39_ST00145" HPOS="607" VPOS="877" WIDTH="98" HEIGHT="26" CONTENT="chums" WC="1.00" CC="00000"/>
						<SP ID="P39_SP00128" HPOS="705" VPOS="910" WIDTH="13"/>
						<String ID="P39_ST00146" HPOS="718" VPOS="886" WIDTH="71" HEIGHT="16" CONTENT="were" WC="1.00" CC="0000"/>
						<SP ID="P39_SP00129" HPOS="789" VPOS="910" WIDTH="14"/>
						<String ID="P39_ST00147" HPOS="803" VPOS="881" WIDTH="48" HEIGHT="21" CONTENT="not" WC="0.99" CC="000"/>
						<SP ID="P39_SP00130" HPOS="851" VPOS="910" WIDTH="15"/>
						<String ID="P39_ST00148" HPOS="866" VPOS="881" WIDTH="127" HEIGHT="21" CONTENT="extrava" SUBS_TYPE="HypPart1" SUBS_CONTENT="extravagantly" WC="0.98" CC="00000001"/>
						<HYP CONTENT="-"/>
					</TextLine>
					<TextLine ID="P39_TL00019" HPOS="61" VPOS="924" WIDTH="931" HEIGHT="33">
						<String ID="P39_ST00149" HPOS="61" VPOS="924" WIDTH="100" HEIGHT="33" CONTENT="gantly" SUBS_TYPE="HypPart2" SUBS_CONTENT="extravagantly" WC="0.86" CC="003040"/>
						<SP ID="P39_SP00131" HPOS="161" VPOS="957" WIDTH="25"/>
						<String ID="P39_ST00150" HPOS="186" VPOS="925" WIDTH="115" HEIGHT="31" CONTENT="wasted," WC="0.83" CC="9000002"/>
						<SP ID="P39_SP00132" HPOS="301" VPOS="957" WIDTH="20"/>
						<String ID="P39_ST00151" HPOS="321" VPOS="924" WIDTH="49" HEIGHT="27" CONTENT="the" WC="0.92" CC="002"/>
						<SP ID="P39_SP00133" HPOS="370" VPOS="957" WIDTH="26"/>
						<String ID="P39_ST00152" HPOS="396" VPOS="924" WIDTH="99" HEIGHT="27" CONTENT="labour" WC="0.89" CC="000060"/>
						<SP ID="P39_SP00134" HPOS="495" VPOS="957" WIDTH="22"/>
						<String ID="P39_ST00153" HPOS="517" VPOS="925" WIDTH="31" HEIGHT="26" CONTENT="of" WC="1.00" CC="00"/>
						<SP ID="P39_SP00135" HPOS="548" VPOS="957" WIDTH="25"/>
						<String ID="P39_ST00154" HPOS="573" VPOS="925" WIDTH="120" HEIGHT="32" CONTENT="arriving" WC="0.79" CC="00060640"/>
						<SP ID="P39_SP00136" HPOS="693" VPOS="957" WIDTH="26"/>
						<String ID="P39_ST00155" HPOS="719" VPOS="929" WIDTH="28" HEIGHT="21" CONTENT="at" WC="1.00" CC="00"/>
						<SP ID="P39_SP00137" HPOS="747" VPOS="957" WIDTH="26"/>
						<String ID="P39_ST00156" HPOS="773" VPOS="934" WIDTH="16" HEIGHT="16" CONTENT="a" WC="0.14" CC="8"/>
						<SP ID="P39_SP00138" HPOS="789" VPOS="957" WIDTH="26"/>
						<String ID="P39_ST00157" HPOS="815" VPOS="924" WIDTH="177" HEIGHT="33" CONTENT="satisfactory" WC="0.89" CC="000606000000"/>
					</TextLine>
					<TextLine ID="P39_TL00020" HPOS="60" VPOS="971" WIDTH="931" HEIGHT="34">
						<String ID="P39_ST00158" HPOS="60" VPOS="971" WIDTH="163" HEIGHT="26" CONTENT="settlement" WC="0.97" CC="0000200000"/>
						<SP ID="P39_SP00139" HPOS="223" VPOS="997" WIDTH="14"/>
						<String ID="P39_ST00159" HPOS="237" VPOS="972" WIDTH="31" HEIGHT="25" CONTENT="of" WC="1.00" CC="00"/>
						<SP ID="P39_SP00140" HPOS="268" VPOS="997" WIDTH="16"/>
						<String ID="P39_ST00160" HPOS="284" VPOS="972" WIDTH="79" HEIGHT="25" CONTENT="these" WC="1.00" CC="00000"/>
						<SP ID="P39_SP00141" HPOS="363" VPOS="997" WIDTH="14"/>
						<String ID="P39_ST00161" HPOS="377" VPOS="972" WIDTH="63" HEIGHT="25" CONTENT="bills" WC="0.72" CC="05440"/>
						<SP ID="P39_SP00142" HPOS="440" VPOS="997" WIDTH="13"/>
						<String ID="P39_ST00162" HPOS="453" VPOS="980" WIDTH="56" HEIGHT="17" CONTENT="was" WC="0.99" CC="000"/>
						<SP ID="P39_SP00143" HPOS="509" VPOS="997" WIDTH="23"/>
						<String ID="P39_ST00163" HPOS="532" VPOS="971" WIDTH="185" HEIGHT="34" CONTENT="exceedingly" WC="0.92" CC="00000006020"/>
						<SP ID="P39_SP00144" HPOS="717" VPOS="1005" WIDTH="14"/>
						<String ID="P39_ST00164" HPOS="731" VPOS="971" WIDTH="127" HEIGHT="31" CONTENT="irksome," WC="0.91" CC="60000000"/>
						<SP ID="P39_SP00145" HPOS="858" VPOS="1005" WIDTH="15"/>
						<String ID="P39_ST00165" HPOS="873" VPOS="972" WIDTH="55" HEIGHT="25" CONTENT="and" WC="0.94" CC="010"/>
						<SP ID="P39_SP00146" HPOS="928" VPOS="1005" WIDTH="15"/>
						<String ID="P39_ST00166" HPOS="943" VPOS="972" WIDTH="48" HEIGHT="25" CONTENT="did" WC="1.00" CC="000"/>
					</TextLine>
					<TextLine ID="P39_TL00021" HPOS="60" VPOS="1018" WIDTH="930" HEIGHT="34">
						<String ID="P39_ST00167" HPOS="60" VPOS="1022" WIDTH="56" HEIGHT="28" CONTENT="not," WC="0.96" CC="0010"/>
						<SP ID="P39_SP00147" HPOS="116" VPOS="1050" WIDTH="17"/>
						<String ID="P39_ST00168" HPOS="133" VPOS="1018" WIDTH="12" HEIGHT="26" CONTENT="I" WC="1.00" CC="0"/>
						<SP ID="P39_SP00148" HPOS="145" VPOS="1050" WIDTH="15"/>
						<String ID="P39_ST00169" HPOS="160" VPOS="1018" WIDTH="88" HEIGHT="32" CONTENT="think," WC="0.79" CC="035002"/>
						<SP ID="P39_SP00149" HPOS="248" VPOS="1050" WIDTH="17"/>
						<String ID="P39_ST00170" HPOS="265" VPOS="1023" WIDTH="75" HEIGHT="22" CONTENT="meet" WC="1.00" CC="0000"/>
						<SP ID="P39_SP00150" HPOS="340" VPOS="1050" WIDTH="13"/>
						<String ID="P39_ST00171" HPOS="353" VPOS="1018" WIDTH="66" HEIGHT="27" CONTENT="with" WC="0.72" CC="0604"/>
						<SP ID="P39_SP00151" HPOS="419" VPOS="1050" WIDTH="15"/>
						<String ID="P39_ST00172" HPOS="434" VPOS="1018" WIDTH="47" HEIGHT="27" CONTENT="the" WC="1.00" CC="000"/>
						<SP ID="P39_SP00152" HPOS="481" VPOS="1050" WIDTH="21"/>
						<String ID="P39_ST00173" HPOS="502" VPOS="1018" WIDTH="141" HEIGHT="34" CONTENT="gratitude" WC="0.89" CC="000072000"/>
						<SP ID="P39_SP00153" HPOS="643" VPOS="1052" WIDTH="22"/>
						<String ID="P39_ST00174" HPOS="665" VPOS="1019" WIDTH="20" HEIGHT="25" CONTENT="it" WC="0.81" CC="30"/>
						<SP ID="P39_SP00154" HPOS="685" VPOS="1052" WIDTH="15"/>
						<String ID="P39_ST00175" HPOS="700" VPOS="1018" WIDTH="139" HEIGHT="26" CONTENT="deserved." WC="1.00" CC="000000000"/>
						<SP ID="P39_SP00155" HPOS="839" VPOS="1052" WIDTH="55"/>
						<String ID="P39_ST00176" HPOS="894" VPOS="1018" WIDTH="27" HEIGHT="26" CONTENT="It" WC="1.00" CC="00"/>
						<SP ID="P39_SP00156" HPOS="921" VPOS="1052" WIDTH="13"/>
						<String ID="P39_ST00177" HPOS="934" VPOS="1028" WIDTH="56" HEIGHT="16" CONTENT="was" WC="0.67" CC="009"/>
					</TextLine>
					<TextLine ID="P39_TL00022" HPOS="60" VPOS="1065" WIDTH="930" HEIGHT="33">
						<String ID="P39_ST00178" HPOS="60" VPOS="1074" WIDTH="78" HEIGHT="17" CONTENT="some" WC="1.00" CC="0000"/>
						<SP ID="P39_SP00157" HPOS="138" VPOS="1091" WIDTH="13"/>
						<String ID="P39_ST00179" HPOS="151" VPOS="1066" WIDTH="182" HEIGHT="31" CONTENT="consolation," WC="0.88" CC="400000005003"/>
						<SP ID="P39_SP00158" HPOS="333" VPOS="1097" WIDTH="15"/>
						<String ID="P39_ST00180" HPOS="348" VPOS="1066" WIDTH="134" HEIGHT="31" CONTENT="however," WC="0.97" CC="00000020"/>
						<SP ID="P39_SP00159" HPOS="482" VPOS="1097" WIDTH="15"/>
						<String ID="P39_ST00181" HPOS="497" VPOS="1069" WIDTH="30" HEIGHT="22" CONTENT="to" WC="1.00" CC="00"/>
						<SP ID="P39_SP00160" HPOS="527" VPOS="1097" WIDTH="14"/>
						<String ID="P39_ST00182" HPOS="541" VPOS="1066" WIDTH="58" HEIGHT="25" CONTENT="find" WC="0.83" CC="3300"/>
						<SP ID="P39_SP00161" HPOS="599" VPOS="1097" WIDTH="21"/>
						<String ID="P39_ST00183" HPOS="620" VPOS="1066" WIDTH="62" HEIGHT="25" CONTENT="that" WC="0.91" CC="0300"/>
						<SP ID="P39_SP00162" HPOS="682" VPOS="1097" WIDTH="14"/>
						<String ID="P39_ST00184" HPOS="696" VPOS="1065" WIDTH="149" HEIGHT="26" CONTENT="O'Connor" WC="0.97" CC="00000200"/>
						<SP ID="P39_SP00163" HPOS="845" VPOS="1097" WIDTH="13"/>
						<String ID="P39_ST00185" HPOS="858" VPOS="1074" WIDTH="56" HEIGHT="17" CONTENT="was" WC="1.00" CC="000"/>
						<SP ID="P39_SP00164" HPOS="914" VPOS="1097" WIDTH="17"/>
						<String ID="P39_ST00186" HPOS="931" VPOS="1065" WIDTH="59" HEIGHT="33" CONTENT="just" WC="1.00" CC="0000"/>
					</TextLine>
					<TextLine ID="P39_TL00023" HPOS="59" VPOS="1112" WIDTH="930" HEIGHT="32">
						<String ID="P39_ST00187" HPOS="59" VPOS="1121" WIDTH="30" HEIGHT="17" CONTENT="as" WC="0.96" CC="00"/>
						<SP ID="P39_SP00165" HPOS="89" VPOS="1138" WIDTH="15"/>
						<String ID="P39_ST00188" HPOS="104" VPOS="1112" WIDTH="83" HEIGHT="27" CONTENT="much" WC="0.96" CC="0001"/>
						<SP ID="P39_SP00166" HPOS="187" VPOS="1139" WIDTH="14"/>
						<String ID="P39_ST00189" HPOS="201" VPOS="1113" WIDTH="135" HEIGHT="26" CONTENT="bothered" WC="0.86" CC="00060500"/>
						<SP ID="P39_SP00167" HPOS="336" VPOS="1139" WIDTH="15"/>
						<String ID="P39_ST00190" HPOS="351" VPOS="1113" WIDTH="65" HEIGHT="26" CONTENT="with" WC="0.89" CC="0400"/>
						<SP ID="P39_SP00168" HPOS="416" VPOS="1139" WIDTH="22"/>
						<String ID="P39_ST00191" HPOS="438" VPOS="1113" WIDTH="48" HEIGHT="26" CONTENT="the" WC="0.85" CC="040"/>
						<SP ID="P39_SP00169" HPOS="486" VPOS="1139" WIDTH="22"/>
						<String ID="P39_ST00192" HPOS="508" VPOS="1113" WIDTH="89" HEIGHT="26" CONTENT="stable" WC="0.96" CC="020000"/>
						<SP ID="P39_SP00170" HPOS="597" VPOS="1139" WIDTH="22"/>
						<String ID="P39_ST00193" HPOS="619" VPOS="1117" WIDTH="140" HEIGHT="27" CONTENT="accounts," WC="0.91" CC="000004004"/>
						<SP ID="P39_SP00171" HPOS="759" VPOS="1144" WIDTH="15"/>
						<String ID="P39_ST00194" HPOS="774" VPOS="1113" WIDTH="54" HEIGHT="25" CONTENT="and" WC="0.80" CC="050"/>
						<SP ID="P39_SP00172" HPOS="828" VPOS="1144" WIDTH="22"/>
						<String ID="P39_ST00195" HPOS="850" VPOS="1112" WIDTH="139" HEIGHT="26" CONTENT="occasion" SUBS_TYPE="HypPart1" SUBS_CONTENT="occasionally" WC="0.80" CC="000406042"/>
						<HYP CONTENT="-"/>
					</TextLine>
					<TextLine ID="P39_TL00024" HPOS="59" VPOS="1160" WIDTH="929" HEIGHT="35">
						<String ID="P39_ST00196" HPOS="59" VPOS="1160" WIDTH="56" HEIGHT="34" CONTENT="ally" SUBS_TYPE="HypPart2" SUBS_CONTENT="occasionally" WC="0.85" CC="0050"/>
						<SP ID="P39_SP00173" HPOS="115" VPOS="1194" WIDTH="10"/>
						<String ID="P39_ST00197" HPOS="125" VPOS="1161" WIDTH="140" HEIGHT="34" CONTENT="appeared" WC="1.00" CC="00000000"/>
						<SP ID="P39_SP00174" HPOS="265" VPOS="1195" WIDTH="14"/>
						<String ID="P39_ST00198" HPOS="279" VPOS="1164" WIDTH="30" HEIGHT="22" CONTENT="to" WC="1.00" CC="00"/>
						<SP ID="P39_SP00175" HPOS="309" VPOS="1195" WIDTH="14"/>
						<String ID="P39_ST00199" HPOS="323" VPOS="1161" WIDTH="34" HEIGHT="25" CONTENT="be" WC="1.00" CC="00"/>
						<SP ID="P39_SP00176" HPOS="357" VPOS="1195" WIDTH="14"/>
						<String ID="P39_ST00200" HPOS="371" VPOS="1161" WIDTH="133" HEIGHT="34" CONTENT="suffering" WC="0.86" CC="000000650"/>
						<SP ID="P39_SP00177" HPOS="504" VPOS="1195" WIDTH="11"/>
						<String ID="P39_ST00201" HPOS="515" VPOS="1160" WIDTH="70" HEIGHT="26" CONTENT="from" WC="0.83" CC="3200"/>
						<SP ID="P39_SP00178" HPOS="585" VPOS="1195" WIDTH="13"/>
						<String ID="P39_ST00202" HPOS="598" VPOS="1161" WIDTH="191" HEIGHT="33" CONTENT="curry-combs" WC="1.00" CC="00000000000"/>
						<SP ID="P39_SP00179" HPOS="789" VPOS="1195" WIDTH="15"/>
						<String ID="P39_ST00203" HPOS="804" VPOS="1160" WIDTH="55" HEIGHT="25" CONTENT="and" WC="0.84" CC="040"/>
						<SP ID="P39_SP00180" HPOS="859" VPOS="1195" WIDTH="14"/>
						<String ID="P39_ST00204" HPOS="873" VPOS="1160" WIDTH="115" HEIGHT="26" CONTENT="brushes" WC="0.98" CC="0000100"/>
					</TextLine>
					<TextLine ID="P39_TL00025" HPOS="58" VPOS="1206" WIDTH="929" HEIGHT="33">
						<String ID="P39_ST00205" HPOS="58" VPOS="1216" WIDTH="35" HEIGHT="17" CONTENT="on" WC="1.00" CC="00"/>
						<SP ID="P39_SP00181" HPOS="93" VPOS="1233" WIDTH="15"/>
						<String ID="P39_ST00206" HPOS="108" VPOS="1207" WIDTH="47" HEIGHT="26" CONTENT="the" WC="1.00" CC="000"/>
						<SP ID="P39_SP00182" HPOS="155" VPOS="1233" WIDTH="23"/>
						<String ID="P39_ST00207" HPOS="178" VPOS="1207" WIDTH="87" HEIGHT="26" CONTENT="brain." WC="0.91" CC="000500"/>
						<SP ID="P39_SP00183" HPOS="265" VPOS="1233" WIDTH="39"/>
						<String ID="P39_ST00208" HPOS="304" VPOS="1206" WIDTH="62" HEIGHT="27" CONTENT="The" WC="0.80" CC="050"/>
						<SP ID="P39_SP00184" HPOS="366" VPOS="1233" WIDTH="23"/>
						<String ID="P39_ST00209" HPOS="389" VPOS="1211" WIDTH="119" HEIGHT="22" CONTENT="amount" WC="0.88" CC="002050"/>
						<SP ID="P39_SP00185" HPOS="508" VPOS="1233" WIDTH="20"/>
						<String ID="P39_ST00210" HPOS="528" VPOS="1207" WIDTH="31" HEIGHT="26" CONTENT="of" WC="1.00" CC="00"/>
						<SP ID="P39_SP00186" HPOS="559" VPOS="1233" WIDTH="15"/>
						<String ID="P39_ST00211" HPOS="574" VPOS="1207" WIDTH="61" HEIGHT="32" CONTENT="salt," WC="0.73" CC="00552"/>
						<SP ID="P39_SP00187" HPOS="635" VPOS="1239" WIDTH="16"/>
						<String ID="P39_ST00212" HPOS="651" VPOS="1211" WIDTH="55" HEIGHT="28" CONTENT="too," WC="1.00" CC="0000"/>
						<SP ID="P39_SP00188" HPOS="706" VPOS="1239" WIDTH="16"/>
						<String ID="P39_ST00213" HPOS="722" VPOS="1206" WIDTH="61" HEIGHT="27" CONTENT="that" WC="1.00" CC="0000"/>
						<SP ID="P39_SP00189" HPOS="783" VPOS="1239" WIDTH="23"/>
						<String ID="P39_ST00214" HPOS="806" VPOS="1206" WIDTH="95" HEIGHT="27" CONTENT="horses" WC="0.96" CC="200000"/>
						<SP ID="P39_SP00190" HPOS="901" VPOS="1239" WIDTH="21"/>
						<String ID="P39_ST00215" HPOS="922" VPOS="1216" WIDTH="65" HEIGHT="17" CONTENT="con" SUBS_TYPE="HypPart1" SUBS_CONTENT="consume" WC="0.88" CC="0040"/>
						<HYP CONTENT="-"/>
					</TextLine>
					<TextLine ID="P39_TL00026" HPOS="58" VPOS="1255" WIDTH="538" HEIGHT="32">
						<String ID="P39_ST00216" HPOS="58" VPOS="1264" WIDTH="78" HEIGHT="17" CONTENT="sume" SUBS_TYPE="HypPart2" SUBS_CONTENT="consume" WC="0.92" CC="0300"/>
						<SP ID="P39_SP00191" HPOS="136" VPOS="1281" WIDTH="14"/>
						<String ID="P39_ST00217" HPOS="150" VPOS="1255" WIDTH="27" HEIGHT="26" CONTENT="in" WC="0.74" CC="50"/>
						<SP ID="P39_SP00192" HPOS="177" VPOS="1281" WIDTH="16"/>
						<String ID="P39_ST00218" HPOS="193" VPOS="1255" WIDTH="82" HEIGHT="26" CONTENT="India" WC="0.75" CC="05060"/>
						<SP ID="P39_SP00193" HPOS="275" VPOS="1281" WIDTH="13"/>
						<String ID="P39_ST00219" HPOS="288" VPOS="1255" WIDTH="22" HEIGHT="26" CONTENT="is" WC="1.00" CC="00"/>
						<SP ID="P39_SP00194" HPOS="310" VPOS="1281" WIDTH="19"/>
						<String ID="P39_ST00220" HPOS="329" VPOS="1264" WIDTH="68" HEIGHT="23" CONTENT="very" WC="1.00" CC="0000"/>
						<SP ID="P39_SP00195" HPOS="397" VPOS="1287" WIDTH="14"/>
						<String ID="P39_ST00221" HPOS="411" VPOS="1255" WIDTH="185" HEIGHT="32" CONTENT="astonishing." WC="0.77" CC="000020006890"/>
					</TextLine>
				</TextBlock>
				<TextBlock ID="P39_TB00007" HPOS="56" VPOS="1301" WIDTH="930" HEIGHT="82" STYLEREFS="TXT_2 PAR_LEFT">
					<TextLine ID="P39_TL00027" HPOS="93" VPOS="1301" WIDTH="893" HEIGHT="35">
						<String ID="P39_ST00222" HPOS="93" VPOS="1302" WIDTH="131" HEIGHT="26" CONTENT="Another" WC="0.90" CC="0600000"/>
						<SP ID="P39_SP00196" HPOS="224" VPOS="1328" WIDTH="24"/>
						<String ID="P39_ST00223" HPOS="248" VPOS="1302" WIDTH="111" HEIGHT="26" CONTENT="trouble" WC="0.90" CC="0100050"/>
						<SP ID="P39_SP00197" HPOS="359" VPOS="1328" WIDTH="26"/>
						<String ID="P39_ST00224" HPOS="385" VPOS="1311" WIDTH="56" HEIGHT="16" CONTENT="was" WC="0.56" CC="058"/>
						<SP ID="P39_SP00198" HPOS="441" VPOS="1328" WIDTH="33"/>
						<String ID="P39_ST00225" HPOS="474" VPOS="1302" WIDTH="47" HEIGHT="26" CONTENT="the" WC="1.00" CC="000"/>
						<SP ID="P39_SP00199" HPOS="521" VPOS="1328" WIDTH="26"/>
						<String ID="P39_ST00226" HPOS="547" VPOS="1305" WIDTH="130" HEIGHT="23" CONTENT="constant" WC="0.94" CC="00030000"/>
						<SP ID="P39_SP00200" HPOS="677" VPOS="1328" WIDTH="31"/>
						<String ID="P39_ST00227" HPOS="708" VPOS="1301" WIDTH="143" HEIGHT="35" CONTENT="bickering" WC="0.89" CC="100000520"/>
						<SP ID="P39_SP00201" HPOS="851" VPOS="1336" WIDTH="26"/>
						<String ID="P39_ST00228" HPOS="877" VPOS="1302" WIDTH="32" HEIGHT="25" CONTENT="of" WC="0.75" CC="05"/>
						<SP ID="P39_SP00202" HPOS="909" VPOS="1336" WIDTH="28"/>
						<String ID="P39_ST00229" HPOS="937" VPOS="1311" WIDTH="49" HEIGHT="16" CONTENT="our" WC="1.00" CC="000"/>
					</TextLine>
					<TextLine ID="P39_TL00028" HPOS="56" VPOS="1351" WIDTH="298" HEIGHT="32">
						<String ID="P39_ST00230" HPOS="56" VPOS="1351" WIDTH="153" HEIGHT="32" CONTENT="respective" WC="0.92" CC="3000000400"/>
						<SP ID="P39_SP00203" HPOS="209" VPOS="1383" WIDTH="13"/>
						<String ID="P39_ST00231" HPOS="222" VPOS="1354" WIDTH="132" HEIGHT="22" CONTENT="servants." WC="0.97" CC="000000200"/>
					</TextLine>
				</TextBlock>
				<TextBlock ID="P39_TB00008" HPOS="54" VPOS="1396" WIDTH="932" HEIGHT="178" STYLEREFS="TXT_2 PAR_LEFT">
					<TextLine ID="P39_TL00029" HPOS="92" VPOS="1396" WIDTH="894" HEIGHT="33">
						<String ID="P39_ST00232" HPOS="92" VPOS="1398" WIDTH="62" HEIGHT="26" CONTENT="The" WC="1.00" CC="000"/>
						<SP ID="P39_SP00204" HPOS="154" VPOS="1424" WIDTH="22"/>
						<String ID="P39_ST00233" HPOS="176" VPOS="1401" WIDTH="127" HEIGHT="23" CONTENT="servants" WC="0.96" CC="00000200"/>
						<SP ID="P39_SP00205" HPOS="303" VPOS="1424" WIDTH="22"/>
						<String ID="P39_ST00234" HPOS="325" VPOS="1406" WIDTH="132" HEIGHT="17" CONTENT="common" WC="1.00" CC="000000"/>
						<SP ID="P39_SP00206" HPOS="457" VPOS="1424" WIDTH="23"/>
						<String ID="P39_ST00235" HPOS="480" VPOS="1401" WIDTH="30" HEIGHT="22" CONTENT="to" WC="1.00" CC="00"/>
						<SP ID="P39_SP00207" HPOS="510" VPOS="1424" WIDTH="14"/>
						<String ID="P39_ST00236" HPOS="524" VPOS="1397" WIDTH="36" HEIGHT="25" CONTENT="all" WC="0.89" CC="030"/>
						<SP ID="P39_SP00208" HPOS="560" VPOS="1424" WIDTH="14"/>
						<String ID="P39_ST00237" HPOS="574" VPOS="1397" WIDTH="33" HEIGHT="25" CONTENT="of" WC="1.00" CC="00"/>
						<SP ID="P39_SP00209" HPOS="607" VPOS="1424" WIDTH="16"/>
						<String ID="P39_ST00238" HPOS="623" VPOS="1406" WIDTH="30" HEIGHT="17" CONTENT="us" WC="0.83" CC="30"/>
						<SP ID="P39_SP00210" HPOS="653" VPOS="1424" WIDTH="15"/>
						<String ID="P39_ST00239" HPOS="668" VPOS="1405" WIDTH="70" HEIGHT="18" CONTENT="were" WC="1.00" CC="0000"/>
						<SP ID="P39_SP00211" HPOS="738" VPOS="1424" WIDTH="23"/>
						<String ID="P39_ST00240" HPOS="761" VPOS="1396" WIDTH="48" HEIGHT="27" CONTENT="the" WC="0.83" CC="040"/>
						<SP ID="P39_SP00212" HPOS="809" VPOS="1424" WIDTH="13"/>
						<String ID="P39_ST00241" HPOS="822" VPOS="1397" WIDTH="118" HEIGHT="32" CONTENT="derwan," WC="1.00" CC="0000000"/>
						<SP ID="P39_SP00213" HPOS="940" VPOS="1429" WIDTH="16"/>
						<String ID="P39_ST00242" HPOS="956" VPOS="1406" WIDTH="30" HEIGHT="16" CONTENT="or" WC="1.00" CC="00"/>
					</TextLine>
					<TextLine ID="P39_TL00030" HPOS="55" VPOS="1444" WIDTH="930" HEIGHT="35">
						<String ID="P39_ST00243" HPOS="55" VPOS="1445" WIDTH="192" HEIGHT="34" CONTENT="door-keeper," WC="1.00" CC="000000000000"/>
						<SP ID="P39_SP00214" HPOS="247" VPOS="1479" WIDTH="23"/>
						<String ID="P39_ST00244" HPOS="270" VPOS="1454" WIDTH="18" HEIGHT="17" CONTENT="a" WC="1.00" CC="0"/>
						<SP ID="P39_SP00215" HPOS="288" VPOS="1479" WIDTH="20"/>
						<String ID="P39_ST00245" HPOS="308" VPOS="1453" WIDTH="68" HEIGHT="25" CONTENT="very" WC="0.86" CC="5000"/>
						<SP ID="P39_SP00216" HPOS="376" VPOS="1479" WIDTH="20"/>
						<String ID="P39_ST00246" HPOS="396" VPOS="1444" WIDTH="153" HEIGHT="34" CONTENT="important" WC="0.92" CC="600000000"/>
						<SP ID="P39_SP00217" HPOS="549" VPOS="1479" WIDTH="19"/>
						<String ID="P39_ST00247" HPOS="568" VPOS="1453" WIDTH="109" HEIGHT="25" CONTENT="person," WC="0.96" CC="0000002"/>
						<SP ID="P39_SP00218" HPOS="677" VPOS="1479" WIDTH="24"/>
						<String ID="P39_ST00248" HPOS="701" VPOS="1444" WIDTH="61" HEIGHT="26" CONTENT="who" WC="0.91" CC="020"/>
						<SP ID="P39_SP00219" HPOS="762" VPOS="1479" WIDTH="26"/>
						<String ID="P39_ST00249" HPOS="788" VPOS="1449" WIDTH="129" HEIGHT="29" CONTENT="prevents" WC="1.00" CC="00000000"/>
						<SP ID="P39_SP00220" HPOS="917" VPOS="1479" WIDTH="21"/>
						<String ID="P39_ST00250" HPOS="938" VPOS="1444" WIDTH="47" HEIGHT="26" CONTENT="the" WC="1.00" CC="000"/>
					</TextLine>
					<TextLine ID="P39_TL00031" HPOS="55" VPOS="1491" WIDTH="928" HEIGHT="36">
						<String ID="P39_ST00251" HPOS="55" VPOS="1493" WIDTH="105" HEIGHT="34" CONTENT="ingress" WC="0.90" CC="4000002"/>
						<SP ID="P39_SP00221" HPOS="160" VPOS="1527" WIDTH="22"/>
						<String ID="P39_ST00252" HPOS="182" VPOS="1492" WIDTH="56" HEIGHT="27" CONTENT="and" WC="1.00" CC="000"/>
						<SP ID="P39_SP00222" HPOS="238" VPOS="1527" WIDTH="24"/>
						<String ID="P39_ST00253" HPOS="262" VPOS="1500" WIDTH="93" HEIGHT="26" CONTENT="egress" WC="0.96" CC="002000"/>
						<SP ID="P39_SP00223" HPOS="355" VPOS="1527" WIDTH="21"/>
						<String ID="P39_ST00254" HPOS="376" VPOS="1492" WIDTH="32" HEIGHT="25" CONTENT="of" WC="1.00" CC="00"/>
						<SP ID="P39_SP00224" HPOS="408" VPOS="1527" WIDTH="17"/>
						<String ID="P39_ST00255" HPOS="425" VPOS="1491" WIDTH="130" HEIGHT="26" CONTENT="doubtful" WC="0.80" CC="00910400"/>
						<SP ID="P39_SP00225" HPOS="555" VPOS="1527" WIDTH="24"/>
						<String ID="P39_ST00256" HPOS="579" VPOS="1492" WIDTH="163" HEIGHT="30" CONTENT="characters," WC="0.95" CC="03000000001"/>
						<SP ID="P39_SP00226" HPOS="742" VPOS="1527" WIDTH="19"/>
						<String ID="P39_ST00257" HPOS="761" VPOS="1492" WIDTH="55" HEIGHT="25" CONTENT="and" WC="0.91" CC="020"/>
						<SP ID="P39_SP00227" HPOS="816" VPOS="1527" WIDTH="23"/>
						<String ID="P39_ST00258" HPOS="839" VPOS="1492" WIDTH="144" HEIGHT="25" CONTENT="examines" WC="0.84" CC="00006600"/>
					</TextLine>
					<TextLine ID="P39_TL00032" HPOS="54" VPOS="1538" WIDTH="928" HEIGHT="36">
						<String ID="P39_ST00259" HPOS="54" VPOS="1550" WIDTH="56" HEIGHT="24" CONTENT="any" WC="1.00" CC="000"/>
						<SP ID="P39_SP00228" HPOS="110" VPOS="1574" WIDTH="14"/>
						<String ID="P39_ST00260" HPOS="124" VPOS="1539" WIDTH="285" HEIGHT="35" CONTENT="suspicious-looking" WC="0.86" CC="020060320000000540"/>
						<SP ID="P39_SP00229" HPOS="409" VPOS="1574" WIDTH="14"/>
						<String ID="P39_ST00261" HPOS="423" VPOS="1539" WIDTH="118" HEIGHT="26" CONTENT="bundles" WC="0.86" CC="0450000"/>
						<SP ID="P39_SP00230" HPOS="541" VPOS="1574" WIDTH="15"/>
						<String ID="P39_ST00262" HPOS="556" VPOS="1539" WIDTH="105" HEIGHT="26" CONTENT="carried" WC="0.92" CC="0000500"/>
						<SP ID="P39_SP00231" HPOS="661" VPOS="1574" WIDTH="20"/>
						<String ID="P39_ST00263" HPOS="681" VPOS="1543" WIDTH="49" HEIGHT="22" CONTENT="out" WC="1.00" CC="000"/>
						<SP ID="P39_SP00232" HPOS="730" VPOS="1574" WIDTH="21"/>
						<String ID="P39_ST00264" HPOS="751" VPOS="1538" WIDTH="38" HEIGHT="34" CONTENT="by" WC="1.00" CC="00"/>
						<SP ID="P39_SP00233" HPOS="789" VPOS="1574" WIDTH="14"/>
						<String ID="P39_ST00265" HPOS="803" VPOS="1548" WIDTH="55" HEIGHT="24" CONTENT="any" WC="0.98" CC="000"/>
						<SP ID="P39_SP00234" HPOS="858" VPOS="1574" WIDTH="14"/>
						<String ID="P39_ST00266" HPOS="872" VPOS="1542" WIDTH="110" HEIGHT="23" CONTENT="servant" WC="0.92" CC="0100030"/>
					</TextLine>
				</TextBlock>
			</PrintSpace>
		</Page>
	</Layout>
</alto>
