<?xml version="1.0" encoding="UTF-8"?>
<alto xmlns:xsi="http://www.w3.org/2001/XMLSchema-instance" xsi:noNamespaceSchemaLocation="http://www.bl.uk/schemas/alto/alto-1-4.xsd" xmlns:xlink="http://www.w3.org/1999/xlink">
	<Description>
		<MeasurementUnit>mm10</MeasurementUnit>
		<sourceImageInformation>
			<fileName>//head1/IN/2008-11/A0011351408.1/007169.jp2</fileName>
		</sourceImageInformation>
		<OCRProcessing ID="OCRPROCESSING_1">
			<preProcessingStep>
				<processingSoftware>
					<softwareCreator>CCS Content Conversion Specialists GmbH, Germany</softwareCreator>
					<softwareName>CCS docWORKS</softwareName>
					<softwareVersion>6.1-0.67</softwareVersion>
				</processingSoftware>
			</preProcessingStep>
			<ocrProcessingStep>
				<processingSoftware>
					<softwareCreator>ABBYY (BIT Software), Russia</softwareCreator>
					<softwareName>Finereader</softwareName>
				</processingSoftware>
			</ocrProcessingStep>
		</OCRProcessing>
	</Description>
	<Styles>
		<TextStyle ID="TXT_0" FONTSIZE="10" FONTFAMILY="Courier New"/>
		<TextStyle ID="TXT_1" FONTSIZE="11" FONTFAMILY="Courier New"/>
		<TextStyle ID="TXT_2" FONTSIZE="9" FONTFAMILY="Courier New"/>
		<ParagraphStyle ID="PAR_LEFT" ALIGN="Left"/>
		<ParagraphStyle ID="PAR_RIGHT" ALIGN="Right"/>
	</Styles>
	<Layout>
		<Page ID="P85" PHYSICAL_IMG_NR="85" HEIGHT="1706" WIDTH="1150" PRINTED_IMG_NR="77" POSITION="Right" ACCURACY="91.57">
			<TopMargin ID="P85_TM00001" HPOS="0" VPOS="0" WIDTH="1149" HEIGHT="132">
				<TextBlock ID="P85_TB00001" HPOS="383" VPOS="92" WIDTH="313" HEIGHT="40" STYLEREFS="TXT_0 PAR_LEFT">
					<TextLine ID="P85_TL00001" HPOS="384" VPOS="93" WIDTH="312" HEIGHT="39">
						<String ID="P85_ST00001" HPOS="384" VPOS="94" WIDTH="33" HEIGHT="29" CONTENT="A" WC="1.00" CC="0"/>
						<SP ID="P85_SP00001" HPOS="417" VPOS="123" WIDTH="25"/>
						<String ID="P85_ST00002" HPOS="442" VPOS="93" WIDTH="126" HEIGHT="30" CONTENT="Dinner" WC="0.89" CC="003300"/>
						<SP ID="P85_SP00002" HPOS="568" VPOS="123" WIDTH="21"/>
						<String ID="P85_ST00003" HPOS="589" VPOS="93" WIDTH="107" HEIGHT="39" CONTENT="Party." WC="0.88" CC="070000"/>
					</TextLine>
				</TextBlock>
				<TextBlock ID="P85_TB00002" HPOS="972" VPOS="101" WIDTH="35" HEIGHT="29" STYLEREFS="TXT_1 PAR_RIGHT">
					<TextLine ID="P85_TL00002" HPOS="972" VPOS="101" WIDTH="35" HEIGHT="29">
						<String ID="P85_ST00004" HPOS="972" VPOS="101" WIDTH="35" HEIGHT="29" CONTENT="77" WC="1.00" CC="00"/>
					</TextLine>
				</TextBlock>
			</TopMargin>
			<LeftMargin ID="P85_LM00001" HPOS="0" VPOS="132" WIDTH="79" HEIGHT="1445"/>
			<RightMargin ID="P85_RM00001" HPOS="1024" VPOS="132" WIDTH="125" HEIGHT="1445"/>
			<BottomMargin ID="P85_BM00001" HPOS="0" VPOS="1577" WIDTH="1149" HEIGHT="129"/>
			<PrintSpace ID="P85_PS00001" HPOS="79" VPOS="132" WIDTH="945" HEIGHT="1445">
				<TextBlock ID="P85_TB00003" HPOS="79" VPOS="176" WIDTH="931" HEIGHT="127" STYLEREFS="TXT_2 PAR_LEFT">
					<TextLine ID="P85_TL00003" HPOS="80" VPOS="177" WIDTH="930" HEIGHT="34">
						<String ID="P85_ST00005" HPOS="80" VPOS="180" WIDTH="30" HEIGHT="23" CONTENT="to" WC="1.00" CC="00"/>
						<SP ID="P85_SP00003" HPOS="110" VPOS="203" WIDTH="22"/>
						<String ID="P85_ST00006" HPOS="132" VPOS="177" WIDTH="50" HEIGHT="26" CONTENT="ask" WC="1.00" CC="000"/>
						<SP ID="P85_SP00004" HPOS="182" VPOS="203" WIDTH="14"/>
						<String ID="P85_ST00007" HPOS="196" VPOS="186" WIDTH="35" HEIGHT="18" CONTENT="an" WC="0.57" CC="26"/>
						<SP ID="P85_SP00005" HPOS="231" VPOS="204" WIDTH="15"/>
						<String ID="P85_ST00008" HPOS="246" VPOS="177" WIDTH="118" HEIGHT="34" CONTENT="English" WC="0.83" CC="0100504"/>
						<SP ID="P85_SP00006" HPOS="364" VPOS="211" WIDTH="21"/>
						<String ID="P85_ST00009" HPOS="385" VPOS="181" WIDTH="110" HEIGHT="22" CONTENT="servant" WC="0.92" CC="0000050"/>
						<SP ID="P85_SP00007" HPOS="495" VPOS="211" WIDTH="14"/>
						<String ID="P85_ST00010" HPOS="509" VPOS="181" WIDTH="30" HEIGHT="22" CONTENT="to" WC="0.96" CC="00"/>
						<SP ID="P85_SP00008" HPOS="539" VPOS="211" WIDTH="14"/>
						<String ID="P85_ST00011" HPOS="553" VPOS="177" WIDTH="42" HEIGHT="26" CONTENT="do." WC="1.00" CC="000"/>
						<SP ID="P85_SP00009" HPOS="595" VPOS="211" WIDTH="40"/>
						<String ID="P85_ST00012" HPOS="635" VPOS="178" WIDTH="6" HEIGHT="11" CONTENT="'" WC="0.59" CC="4"/>
						<SP ID="P85_SP00010" HPOS="641" VPOS="211" WIDTH="10"/>
						<String ID="P85_ST00013" HPOS="651" VPOS="177" WIDTH="48" HEIGHT="26" CONTENT="It's" WC="0.94" CC="0010"/>
						<SP ID="P85_SP00011" HPOS="699" VPOS="211" WIDTH="20"/>
						<String ID="P85_ST00014" HPOS="719" VPOS="186" WIDTH="16" HEIGHT="17" CONTENT="a" WC="1.00" CC="0"/>
						<SP ID="P85_SP00012" HPOS="735" VPOS="211" WIDTH="14"/>
						<String ID="P85_ST00015" HPOS="749" VPOS="186" WIDTH="61" HEIGHT="24" CONTENT="way" WC="1.00" CC="000"/>
						<SP ID="P85_SP00013" HPOS="810" VPOS="211" WIDTH="13"/>
						<String ID="P85_ST00016" HPOS="823" VPOS="187" WIDTH="55" HEIGHT="24" CONTENT="you" WC="1.00" CC="000"/>
						<SP ID="P85_SP00014" HPOS="878" VPOS="211" WIDTH="15"/>
						<String ID="P85_ST00017" HPOS="893" VPOS="177" WIDTH="70" HEIGHT="27" CONTENT="have" WC="0.76" CC="1070"/>
						<SP ID="P85_SP00015" HPOS="963" VPOS="211" WIDTH="19"/>
						<String ID="P85_ST00018" HPOS="982" VPOS="178" WIDTH="28" HEIGHT="26" CONTENT="in" WC="0.70" CC="50"/>
					</TextLine>
					<TextLine ID="P85_TL00004" HPOS="81" VPOS="224" WIDTH="929" HEIGHT="35">
						<String ID="P85_ST00019" HPOS="81" VPOS="224" WIDTH="48" HEIGHT="26" CONTENT="the" WC="0.93" CC="010"/>
						<SP ID="P85_SP00016" HPOS="129" VPOS="250" WIDTH="20"/>
						<String ID="P85_ST00020" HPOS="149" VPOS="225" WIDTH="95" HEIGHT="34" CONTENT="army,'" WC="1.00" CC="000000"/>
						<SP ID="P85_SP00017" HPOS="244" VPOS="259" WIDTH="22"/>
						<String ID="P85_ST00021" HPOS="266" VPOS="226" WIDTH="55" HEIGHT="25" CONTENT="and" WC="1.00" CC="000"/>
						<SP ID="P85_SP00018" HPOS="321" VPOS="259" WIDTH="23"/>
						<String ID="P85_ST00022" HPOS="344" VPOS="225" WIDTH="13" HEIGHT="25" CONTENT="I" WC="1.00" CC="0"/>
						<SP ID="P85_SP00019" HPOS="357" VPOS="259" WIDTH="23"/>
						<String ID="P85_ST00023" HPOS="380" VPOS="224" WIDTH="80" HEIGHT="26" CONTENT="think" WC="0.91" CC="00400"/>
						<SP ID="P85_SP00020" HPOS="460" VPOS="259" WIDTH="20"/>
						<String ID="P85_ST00024" HPOS="480" VPOS="225" WIDTH="21" HEIGHT="24" CONTENT="it" WC="0.65" CC="70"/>
						<SP ID="P85_SP00021" HPOS="501" VPOS="259" WIDTH="22"/>
						<String ID="P85_ST00025" HPOS="523" VPOS="224" WIDTH="68" HEIGHT="34" CONTENT="fully" WC="0.91" CC="01020"/>
						<SP ID="P85_SP00022" HPOS="591" VPOS="259" WIDTH="22"/>
						<String ID="P85_ST00026" HPOS="613" VPOS="228" WIDTH="130" HEIGHT="21" CONTENT="accounts" WC="0.80" CC="00003470"/>
						<SP ID="P85_SP00023" HPOS="743" VPOS="259" WIDTH="15"/>
						<String ID="P85_ST00027" HPOS="758" VPOS="224" WIDTH="41" HEIGHT="25" CONTENT="for" WC="1.00" CC="000"/>
						<SP ID="P85_SP00024" HPOS="799" VPOS="259" WIDTH="19"/>
						<String ID="P85_ST00028" HPOS="818" VPOS="224" WIDTH="47" HEIGHT="26" CONTENT="the" WC="0.88" CC="030"/>
						<SP ID="P85_SP00025" HPOS="865" VPOS="259" WIDTH="13"/>
						<String ID="P85_ST00029" HPOS="878" VPOS="234" WIDTH="67" HEIGHT="25" CONTENT="very" WC="0.75" CC="0009"/>
						<SP ID="P85_SP00026" HPOS="945" VPOS="259" WIDTH="14"/>
						<String ID="P85_ST00030" HPOS="959" VPOS="225" WIDTH="51" HEIGHT="25" CONTENT="low" WC="0.87" CC="300"/>
					</TextLine>
					<TextLine ID="P85_TL00005" HPOS="82" VPOS="271" WIDTH="634" HEIGHT="32">
						<String ID="P85_ST00031" HPOS="82" VPOS="271" WIDTH="144" HEIGHT="27" CONTENT="character" WC="0.94" CC="020001010"/>
						<SP ID="P85_SP00027" HPOS="226" VPOS="298" WIDTH="14"/>
						<String ID="P85_ST00032" HPOS="240" VPOS="272" WIDTH="86" HEIGHT="26" CONTENT="borne" WC="1.00" CC="00000"/>
						<SP ID="P85_SP00028" HPOS="326" VPOS="298" WIDTH="14"/>
						<String ID="P85_ST00033" HPOS="340" VPOS="272" WIDTH="38" HEIGHT="31" CONTENT="by" WC="1.00" CC="00"/>
						<SP ID="P85_SP00029" HPOS="378" VPOS="303" WIDTH="13"/>
						<String ID="P85_ST00034" HPOS="391" VPOS="271" WIDTH="165" HEIGHT="32" CONTENT="regimental" WC="0.92" CC="0001201002"/>
						<SP ID="P85_SP00030" HPOS="556" VPOS="303" WIDTH="14"/>
						<String ID="P85_ST00035" HPOS="570" VPOS="271" WIDTH="146" HEIGHT="26" CONTENT='servants."' WC="0.92" CC="0010007000"/>
					</TextLine>
				</TextBlock>
				<TextBlock ID="P85_TB00004" HPOS="82" VPOS="317" WIDTH="928" HEIGHT="127" STYLEREFS="TXT_2 PAR_LEFT">
					<TextLine ID="P85_TL00006" HPOS="119" VPOS="318" WIDTH="891" HEIGHT="34">
						<String ID="P85_ST00036" HPOS="119" VPOS="320" WIDTH="15" HEIGHT="11" CONTENT='"' WC="1.00" CC="0"/>
						<SP ID="P85_SP00031" HPOS="134" VPOS="331" WIDTH="10"/>
						<String ID="P85_ST00037" HPOS="144" VPOS="319" WIDTH="102" HEIGHT="25" CONTENT="You're" WC="0.89" CC="006000"/>
						<SP ID="P85_SP00032" HPOS="246" VPOS="344" WIDTH="23"/>
						<String ID="P85_ST00038" HPOS="269" VPOS="328" WIDTH="16" HEIGHT="16" CONTENT="a" WC="1.00" CC="0"/>
						<SP ID="P85_SP00033" HPOS="285" VPOS="344" WIDTH="22"/>
						<String ID="P85_ST00039" HPOS="307" VPOS="319" WIDTH="93" HEIGHT="33" CONTENT="Judge" WC="0.88" CC="06000"/>
						<SP ID="P85_SP00034" HPOS="400" VPOS="352" WIDTH="24"/>
						<String ID="P85_ST00040" HPOS="424" VPOS="318" WIDTH="110" HEIGHT="31" CONTENT='Sahib,"' WC="0.84" CC="0060004"/>
						<SP ID="P85_SP00035" HPOS="534" VPOS="352" WIDTH="16"/>
						<String ID="P85_ST00041" HPOS="550" VPOS="318" WIDTH="60" HEIGHT="25" CONTENT="said" WC="0.90" CC="0030"/>
						<SP ID="P85_SP00036" HPOS="610" VPOS="352" WIDTH="23"/>
						<String ID="P85_ST00042" HPOS="633" VPOS="318" WIDTH="146" HEIGHT="31" CONTENT="Williams," WC="0.78" CC="016350002"/>
						<SP ID="P85_SP00037" HPOS="779" VPOS="352" WIDTH="25"/>
						<String ID="P85_ST00043" HPOS="804" VPOS="320" WIDTH="14" HEIGHT="11" CONTENT='"' WC="1.00" CC="0"/>
						<SP ID="P85_SP00038" HPOS="818" VPOS="352" WIDTH="10"/>
						<String ID="P85_ST00044" HPOS="828" VPOS="319" WIDTH="55" HEIGHT="25" CONTENT="and" WC="1.00" CC="000"/>
						<SP ID="P85_SP00039" HPOS="883" VPOS="352" WIDTH="24"/>
						<String ID="P85_ST00045" HPOS="907" VPOS="319" WIDTH="36" HEIGHT="25" CONTENT="all" WC="0.98" CC="000"/>
						<SP ID="P85_SP00040" HPOS="943" VPOS="352" WIDTH="21"/>
						<String ID="P85_ST00046" HPOS="964" VPOS="319" WIDTH="46" HEIGHT="25" CONTENT="the" WC="0.62" CC="730"/>
					</TextLine>
					<TextLine ID="P85_TL00007" HPOS="83" VPOS="364" WIDTH="927" HEIGHT="34">
						<String ID="P85_ST00047" HPOS="83" VPOS="366" WIDTH="108" HEIGHT="25" CONTENT="natives" WC="0.91" CC="0006000"/>
						<SP ID="P85_SP00041" HPOS="191" VPOS="391" WIDTH="23"/>
						<String ID="P85_ST00048" HPOS="214" VPOS="365" WIDTH="119" HEIGHT="26" CONTENT="kowtow" WC="1.00" CC="000000"/>
						<SP ID="P85_SP00042" HPOS="333" VPOS="391" WIDTH="22"/>
						<String ID="P85_ST00049" HPOS="355" VPOS="369" WIDTH="30" HEIGHT="22" CONTENT="to" WC="1.00" CC="00"/>
						<SP ID="P85_SP00043" HPOS="385" VPOS="391" WIDTH="22"/>
						<String ID="P85_ST00050" HPOS="407" VPOS="364" WIDTH="80" HEIGHT="34" CONTENT='you."' WC="0.93" CC="00300"/>
						<SP ID="P85_SP00044" HPOS="487" VPOS="398" WIDTH="52"/>
						<String ID="P85_ST00051" HPOS="539" VPOS="364" WIDTH="68" HEIGHT="26" CONTENT="And" WC="1.00" CC="000"/>
						<SP ID="P85_SP00045" HPOS="607" VPOS="398" WIDTH="24"/>
						<String ID="P85_ST00052" HPOS="631" VPOS="364" WIDTH="20" HEIGHT="26" CONTENT="it" WC="0.72" CC="50"/>
						<SP ID="P85_SP00046" HPOS="651" VPOS="398" WIDTH="21"/>
						<String ID="P85_ST00053" HPOS="672" VPOS="365" WIDTH="110" HEIGHT="26" CONTENT="seemed" WC="1.00" CC="000000"/>
						<SP ID="P85_SP00047" HPOS="782" VPOS="398" WIDTH="22"/>
						<String ID="P85_ST00054" HPOS="804" VPOS="365" WIDTH="160" HEIGHT="33" CONTENT="impossible" WC="0.91" CC="1001005000"/>
						<SP ID="P85_SP00048" HPOS="964" VPOS="398" WIDTH="19"/>
						<String ID="P85_ST00055" HPOS="983" VPOS="370" WIDTH="27" HEIGHT="21" CONTENT="to" WC="1.00" CC="00"/>
					</TextLine>
					<TextLine ID="P85_TL00008" HPOS="85" VPOS="410" WIDTH="493" HEIGHT="34">
						<String ID="P85_ST00056" HPOS="85" VPOS="416" WIDTH="47" HEIGHT="28" CONTENT="get" WC="1.00" CC="000"/>
						<SP ID="P85_SP00049" HPOS="132" VPOS="444" WIDTH="15"/>
						<String ID="P85_ST00057" HPOS="147" VPOS="412" WIDTH="111" HEIGHT="32" CONTENT="beyond" WC="1.00" CC="000000"/>
						<SP ID="P85_SP00050" HPOS="258" VPOS="444" WIDTH="15"/>
						<String ID="P85_ST00058" HPOS="273" VPOS="411" WIDTH="54" HEIGHT="25" CONTENT="this" WC="1.00" CC="0000"/>
						<SP ID="P85_SP00051" HPOS="327" VPOS="444" WIDTH="14"/>
						<String ID="P85_ST00059" HPOS="341" VPOS="412" WIDTH="80" HEIGHT="32" CONTENT="point" WC="0.86" CC="00700"/>
						<SP ID="P85_SP00052" HPOS="421" VPOS="444" WIDTH="13"/>
						<String ID="P85_ST00060" HPOS="434" VPOS="410" WIDTH="66" HEIGHT="26" CONTENT="with" WC="0.65" CC="0707"/>
						<SP ID="P85_SP00053" HPOS="500" VPOS="444" WIDTH="13"/>
						<String ID="P85_ST00061" HPOS="513" VPOS="411" WIDTH="65" HEIGHT="26" CONTENT="him." WC="0.70" CC="6500"/>
					</TextLine>
				</TextBlock>
				<TextBlock ID="P85_TB00005" HPOS="84" VPOS="457" WIDTH="932" HEIGHT="316" STYLEREFS="TXT_2 PAR_LEFT">
					<TextLine ID="P85_TL00009" HPOS="121" VPOS="458" WIDTH="893" HEIGHT="34">
						<String ID="P85_ST00062" HPOS="121" VPOS="458" WIDTH="84" HEIGHT="26" CONTENT="After" WC="0.94" CC="02000"/>
						<SP ID="P85_SP00054" HPOS="205" VPOS="484" WIDTH="14"/>
						<String ID="P85_ST00063" HPOS="219" VPOS="458" WIDTH="98" HEIGHT="26" CONTENT="dinner" WC="0.77" CC="052500"/>
						<SP ID="P85_SP00055" HPOS="317" VPOS="484" WIDTH="12"/>
						<String ID="P85_ST00064" HPOS="329" VPOS="467" WIDTH="41" HEIGHT="17" CONTENT="we" WC="1.00" CC="00"/>
						<SP ID="P85_SP00056" HPOS="370" VPOS="484" WIDTH="14"/>
						<String ID="P85_ST00065" HPOS="384" VPOS="458" WIDTH="55" HEIGHT="26" CONTENT="had" WC="0.81" CC="500"/>
						<SP ID="P85_SP00057" HPOS="439" VPOS="484" WIDTH="21"/>
						<String ID="P85_ST00066" HPOS="460" VPOS="467" WIDTH="78" HEIGHT="17" CONTENT="some" WC="1.00" CC="0000"/>
						<SP ID="P85_SP00058" HPOS="538" VPOS="484" WIDTH="13"/>
						<String ID="P85_ST00067" HPOS="551" VPOS="468" WIDTH="68" HEIGHT="24" CONTENT="very" WC="1.00" CC="0000"/>
						<SP ID="P85_SP00059" HPOS="619" VPOS="492" WIDTH="14"/>
						<String ID="P85_ST00068" HPOS="633" VPOS="459" WIDTH="73" HEIGHT="33" CONTENT="good" WC="1.00" CC="0000"/>
						<SP ID="P85_SP00060" HPOS="706" VPOS="492" WIDTH="15"/>
						<String ID="P85_ST00069" HPOS="721" VPOS="459" WIDTH="93" HEIGHT="26" CONTENT="music." WC="0.89" CC="000500"/>
						<SP ID="P85_SP00061" HPOS="814" VPOS="492" WIDTH="40"/>
						<String ID="P85_ST00070" HPOS="854" VPOS="459" WIDTH="64" HEIGHT="26" CONTENT="Mrs." WC="0.94" CC="0020"/>
						<SP ID="P85_SP00062" HPOS="918" VPOS="492" WIDTH="18"/>
						<String ID="P85_ST00071" HPOS="936" VPOS="459" WIDTH="78" HEIGHT="26" CONTENT="Law" SUBS_TYPE="HypPart1" SUBS_CONTENT="Lawson" WC="0.94" CC="0002"/>
						<HYP CONTENT="-"/>
					</TextLine>
					<TextLine ID="P85_TL00010" HPOS="85" VPOS="504" WIDTH="929" HEIGHT="32">
						<String ID="P85_ST00072" HPOS="85" VPOS="513" WIDTH="50" HEIGHT="18" CONTENT="son" SUBS_TYPE="HypPart2" SUBS_CONTENT="Lawson" WC="0.73" CC="034"/>
						<SP ID="P85_SP00063" HPOS="135" VPOS="531" WIDTH="12"/>
						<String ID="P85_ST00073" HPOS="147" VPOS="505" WIDTH="55" HEIGHT="25" CONTENT="had" WC="0.95" CC="100"/>
						<SP ID="P85_SP00064" HPOS="202" VPOS="531" WIDTH="12"/>
						<String ID="P85_ST00074" HPOS="214" VPOS="505" WIDTH="118" HEIGHT="25" CONTENT="married" WC="0.91" CC="6000000"/>
						<SP ID="P85_SP00065" HPOS="332" VPOS="531" WIDTH="13"/>
						<String ID="P85_ST00075" HPOS="345" VPOS="504" WIDTH="62" HEIGHT="32" CONTENT="late," WC="0.88" CC="40001"/>
						<SP ID="P85_SP00066" HPOS="407" VPOS="536" WIDTH="12"/>
						<String ID="P85_ST00076" HPOS="419" VPOS="504" WIDTH="55" HEIGHT="26" CONTENT="and" WC="1.00" CC="000"/>
						<SP ID="P85_SP00067" HPOS="474" VPOS="536" WIDTH="15"/>
						<String ID="P85_ST00077" HPOS="489" VPOS="505" WIDTH="137" HEIGHT="26" CONTENT="therefore" WC="0.95" CC="000400000"/>
						<SP ID="P85_SP00068" HPOS="626" VPOS="536" WIDTH="11"/>
						<String ID="P85_ST00078" HPOS="637" VPOS="506" WIDTH="55" HEIGHT="25" CONTENT="had" WC="1.00" CC="000"/>
						<SP ID="P85_SP00069" HPOS="692" VPOS="536" WIDTH="14"/>
						<String ID="P85_ST00079" HPOS="706" VPOS="507" WIDTH="67" HEIGHT="24" CONTENT="time" WC="1.00" CC="0000"/>
						<SP ID="P85_SP00070" HPOS="773" VPOS="536" WIDTH="11"/>
						<String ID="P85_ST00080" HPOS="784" VPOS="510" WIDTH="30" HEIGHT="21" CONTENT="to" WC="0.64" CC="70"/>
						<SP ID="P85_SP00071" HPOS="814" VPOS="536" WIDTH="14"/>
						<String ID="P85_ST00081" HPOS="828" VPOS="506" WIDTH="95" HEIGHT="25" CONTENT="obtain" WC="0.85" CC="030050"/>
						<SP ID="P85_SP00072" HPOS="923" VPOS="536" WIDTH="15"/>
						<String ID="P85_ST00082" HPOS="938" VPOS="514" WIDTH="76" HEIGHT="17" CONTENT="more" WC="1.00" CC="0000"/>
					</TextLine>
					<TextLine ID="P85_TL00011" HPOS="85" VPOS="552" WIDTH="929" HEIGHT="34">
						<String ID="P85_ST00083" HPOS="85" VPOS="552" WIDTH="32" HEIGHT="26" CONTENT="of" WC="0.91" CC="01"/>
						<SP ID="P85_SP00073" HPOS="117" VPOS="578" WIDTH="19"/>
						<String ID="P85_ST00084" HPOS="136" VPOS="552" WIDTH="48" HEIGHT="26" CONTENT="the" WC="1.00" CC="000"/>
						<SP ID="P85_SP00074" HPOS="184" VPOS="578" WIDTH="19"/>
						<String ID="P85_ST00085" HPOS="203" VPOS="552" WIDTH="174" HEIGHT="34" CONTENT="advantages" WC="0.98" CC="0000100000"/>
						<SP ID="P85_SP00075" HPOS="377" VPOS="586" WIDTH="19"/>
						<String ID="P85_ST00086" HPOS="396" VPOS="552" WIDTH="33" HEIGHT="26" CONTENT="of" WC="1.00" CC="00"/>
						<SP ID="P85_SP00076" HPOS="429" VPOS="586" WIDTH="17"/>
						<String ID="P85_ST00087" HPOS="446" VPOS="554" WIDTH="14" HEIGHT="10" CONTENT='"' WC="0.72" CC="2"/>
						<SP ID="P85_SP00077" HPOS="460" VPOS="586" WIDTH="13"/>
						<String ID="P85_ST00088" HPOS="473" VPOS="552" WIDTH="127" HEIGHT="26" CONTENT="Western" WC="1.00" CC="0000000"/>
						<SP ID="P85_SP00078" HPOS="600" VPOS="586" WIDTH="22"/>
						<String ID="P85_ST00089" HPOS="622" VPOS="553" WIDTH="165" HEIGHT="26" CONTENT="civilization" WC="0.81" CC="040000008521"/>
						<SP ID="P85_SP00079" HPOS="787" VPOS="586" WIDTH="12"/>
						<String ID="P85_ST00090" HPOS="799" VPOS="552" WIDTH="11" HEIGHT="11" CONTENT='"' WC="0.45" CC="5"/>
						<SP ID="P85_SP00080" HPOS="810" VPOS="586" WIDTH="22"/>
						<String ID="P85_ST00091" HPOS="832" VPOS="553" WIDTH="68" HEIGHT="26" CONTENT="than" WC="1.00" CC="0000"/>
						<SP ID="P85_SP00081" HPOS="900" VPOS="586" WIDTH="20"/>
						<String ID="P85_ST00092" HPOS="920" VPOS="562" WIDTH="94" HEIGHT="24" CONTENT="young" WC="1.00" CC="00000"/>
					</TextLine>
					<TextLine ID="P85_TL00012" HPOS="86" VPOS="599" WIDTH="929" HEIGHT="35">
						<String ID="P85_ST00093" HPOS="86" VPOS="600" WIDTH="65" HEIGHT="34" CONTENT="girls" WC="0.56" CC="93440"/>
						<SP ID="P85_SP00082" HPOS="151" VPOS="634" WIDTH="13"/>
						<String ID="P85_ST00094" HPOS="164" VPOS="599" WIDTH="62" HEIGHT="26" CONTENT="who" WC="1.00" CC="000"/>
						<SP ID="P85_SP00083" HPOS="226" VPOS="634" WIDTH="20"/>
						<String ID="P85_ST00095" HPOS="246" VPOS="607" WIDTH="81" HEIGHT="18" CONTENT="come" WC="1.00" CC="0000"/>
						<SP ID="P85_SP00084" HPOS="327" VPOS="634" WIDTH="13"/>
						<String ID="P85_ST00096" HPOS="340" VPOS="603" WIDTH="50" HEIGHT="22" CONTENT="out" WC="1.00" CC="000"/>
						<SP ID="P85_SP00085" HPOS="390" VPOS="634" WIDTH="20"/>
						<String ID="P85_ST00097" HPOS="410" VPOS="603" WIDTH="29" HEIGHT="21" CONTENT="to" WC="1.00" CC="00"/>
						<SP ID="P85_SP00086" HPOS="439" VPOS="634" WIDTH="17"/>
						<String ID="P85_ST00098" HPOS="456" VPOS="599" WIDTH="71" HEIGHT="26" CONTENT="their" WC="0.87" CC="06000"/>
						<SP ID="P85_SP00087" HPOS="527" VPOS="634" WIDTH="13"/>
						<String ID="P85_ST00099" HPOS="540" VPOS="604" WIDTH="111" HEIGHT="29" CONTENT="parents" WC="0.89" CC="0000070"/>
						<SP ID="P85_SP00088" HPOS="651" VPOS="634" WIDTH="21"/>
						<String ID="P85_ST00100" HPOS="672" VPOS="604" WIDTH="28" HEIGHT="21" CONTENT="at" WC="0.54" CC="09"/>
						<SP ID="P85_SP00089" HPOS="700" VPOS="634" WIDTH="14"/>
						<String ID="P85_ST00101" HPOS="714" VPOS="603" WIDTH="155" HEIGHT="22" CONTENT="seventeen." WC="0.99" CC="0000000000"/>
						<SP ID="P85_SP00090" HPOS="869" VPOS="634" WIDTH="39"/>
						<String ID="P85_ST00102" HPOS="908" VPOS="600" WIDTH="107" HEIGHT="31" CONTENT="Alison," WC="0.95" CC="0300000"/>
					</TextLine>
					<TextLine ID="P85_TL00013" HPOS="86" VPOS="646" WIDTH="930" HEIGHT="34">
						<String ID="P85_ST00103" HPOS="86" VPOS="651" WIDTH="56" HEIGHT="27" CONTENT="too," WC="0.95" CC="0100"/>
						<SP ID="P85_SP00091" HPOS="142" VPOS="678" WIDTH="16"/>
						<String ID="P85_ST00104" HPOS="158" VPOS="655" WIDTH="70" HEIGHT="25" CONTENT="sang" WC="1.00" CC="0000"/>
						<SP ID="P85_SP00092" HPOS="228" VPOS="680" WIDTH="20"/>
						<String ID="P85_ST00105" HPOS="248" VPOS="646" WIDTH="88" HEIGHT="33" CONTENT="really" WC="0.97" CC="100000"/>
						<SP ID="P85_SP00093" HPOS="336" VPOS="680" WIDTH="13"/>
						<String ID="P85_ST00106" HPOS="349" VPOS="646" WIDTH="70" HEIGHT="26" CONTENT="well." WC="0.89" CC="00500"/>
						<SP ID="P85_SP00094" HPOS="419" VPOS="680" WIDTH="41"/>
						<String ID="P85_ST00107" HPOS="460" VPOS="646" WIDTH="160" HEIGHT="26" CONTENT="Rawlinson" WC="0.95" CC="000120000"/>
						<SP ID="P85_SP00095" HPOS="620" VPOS="680" WIDTH="22"/>
						<String ID="P85_ST00108" HPOS="642" VPOS="646" WIDTH="111" HEIGHT="26" CONTENT="seemed" WC="0.93" CC="000040"/>
						<SP ID="P85_SP00096" HPOS="753" VPOS="680" WIDTH="21"/>
						<String ID="P85_ST00109" HPOS="774" VPOS="646" WIDTH="96" HEIGHT="34" CONTENT="happy" WC="0.97" CC="10000"/>
						<SP ID="P85_SP00097" HPOS="870" VPOS="680" WIDTH="12"/>
						<String ID="P85_ST00110" HPOS="882" VPOS="646" WIDTH="66" HEIGHT="26" CONTENT="with" WC="0.93" CC="0200"/>
						<SP ID="P85_SP00098" HPOS="948" VPOS="680" WIDTH="22"/>
						<String ID="P85_ST00111" HPOS="970" VPOS="647" WIDTH="46" HEIGHT="26" CONTENT="the" WC="1.00" CC="000"/>
					</TextLine>
					<TextLine ID="P85_TL00014" HPOS="89" VPOS="693" WIDTH="927" HEIGHT="35">
						<String ID="P85_ST00112" HPOS="89" VPOS="694" WIDTH="69" HEIGHT="25" CONTENT="Miss" WC="1.00" CC="0000"/>
						<SP ID="P85_SP00099" HPOS="158" VPOS="719" WIDTH="28"/>
						<String ID="P85_ST00113" HPOS="186" VPOS="693" WIDTH="160" HEIGHT="26" CONTENT="Coldhams." WC="0.93" CC="004000010"/>
						<SP ID="P85_SP00100" HPOS="346" VPOS="719" WIDTH="39"/>
						<String ID="P85_ST00114" HPOS="385" VPOS="693" WIDTH="101" HEIGHT="26" CONTENT="Alison" WC="0.92" CC="022000"/>
						<SP ID="P85_SP00101" HPOS="486" VPOS="719" WIDTH="27"/>
						<String ID="P85_ST00115" HPOS="513" VPOS="697" WIDTH="28" HEIGHT="22" CONTENT="at" WC="0.92" CC="01"/>
						<SP ID="P85_SP00102" HPOS="541" VPOS="719" WIDTH="21"/>
						<String ID="P85_ST00116" HPOS="562" VPOS="693" WIDTH="98" HEIGHT="35" CONTENT="length" WC="0.95" CC="000002"/>
						<SP ID="P85_SP00103" HPOS="660" VPOS="728" WIDTH="22"/>
						<String ID="P85_ST00117" HPOS="682" VPOS="702" WIDTH="70" HEIGHT="25" CONTENT="gave" WC="0.80" CC="0070"/>
						<SP ID="P85_SP00104" HPOS="752" VPOS="728" WIDTH="27"/>
						<String ID="P85_ST00118" HPOS="779" VPOS="703" WIDTH="31" HEIGHT="16" CONTENT="us" WC="1.00" CC="00"/>
						<SP ID="P85_SP00105" HPOS="810" VPOS="728" WIDTH="23"/>
						<String ID="P85_ST00119" HPOS="833" VPOS="702" WIDTH="16" HEIGHT="17" CONTENT="a" WC="1.00" CC="0"/>
						<SP ID="P85_SP00106" HPOS="849" VPOS="728" WIDTH="23"/>
						<String ID="P85_ST00120" HPOS="872" VPOS="694" WIDTH="41" HEIGHT="25" CONTENT="lift" WC="0.78" CC="0530"/>
						<SP ID="P85_SP00107" HPOS="913" VPOS="728" WIDTH="21"/>
						<String ID="P85_ST00121" HPOS="934" VPOS="694" WIDTH="82" HEIGHT="25" CONTENT="home" WC="0.90" CC="3000"/>
					</TextLine>
					<TextLine ID="P85_TL00015" HPOS="88" VPOS="740" WIDTH="460" HEIGHT="33">
						<String ID="P85_ST00122" HPOS="88" VPOS="740" WIDTH="104" HEIGHT="26" CONTENT="behind" WC="0.80" CC="003520"/>
						<SP ID="P85_SP00108" HPOS="192" VPOS="766" WIDTH="15"/>
						<String ID="P85_ST00123" HPOS="207" VPOS="740" WIDTH="42" HEIGHT="26" CONTENT="his" WC="1.00" CC="000"/>
						<SP ID="P85_SP00109" HPOS="249" VPOS="766" WIDTH="14"/>
						<String ID="P85_ST00124" HPOS="263" VPOS="740" WIDTH="187" HEIGHT="33" CONTENT="fast-trotting" WC="0.98" CC="2000000000000"/>
						<SP ID="P85_SP00110" HPOS="450" VPOS="773" WIDTH="13"/>
						<String ID="P85_ST00125" HPOS="463" VPOS="749" WIDTH="85" HEIGHT="17" CONTENT="mare." WC="1.00" CC="00000"/>
					</TextLine>
				</TextBlock>
				<TextBlock ID="P85_TB00006" HPOS="89" VPOS="786" WIDTH="928" HEIGHT="80" STYLEREFS="TXT_2 PAR_LEFT">
					<TextLine ID="P85_TL00016" HPOS="128" VPOS="787" WIDTH="889" HEIGHT="34">
						<String ID="P85_ST00126" HPOS="128" VPOS="788" WIDTH="100" HEIGHT="25" CONTENT='"Hard' WC="0.92" CC="04000"/>
						<SP ID="P85_SP00111" HPOS="228" VPOS="813" WIDTH="14"/>
						<String ID="P85_ST00127" HPOS="242" VPOS="787" WIDTH="93" HEIGHT="31" CONTENT='lines,"' WC="1.00" CC="0000000"/>
						<SP ID="P85_SP00112" HPOS="335" VPOS="818" WIDTH="16"/>
						<String ID="P85_ST00128" HPOS="351" VPOS="787" WIDTH="11" HEIGHT="25" CONTENT="I" WC="1.00" CC="0"/>
						<SP ID="P85_SP00113" HPOS="362" VPOS="818" WIDTH="17"/>
						<String ID="P85_ST00129" HPOS="379" VPOS="788" WIDTH="66" HEIGHT="30" CONTENT="said," WC="1.00" CC="00000"/>
						<SP ID="P85_SP00114" HPOS="445" VPOS="818" WIDTH="17"/>
						<String ID="P85_ST00130" HPOS="462" VPOS="787" WIDTH="64" HEIGHT="25" CONTENT='"for' WC="1.00" CC="0000"/>
						<SP ID="P85_SP00115" HPOS="526" VPOS="818" WIDTH="13"/>
						<String ID="P85_ST00131" HPOS="539" VPOS="796" WIDTH="69" HEIGHT="25" CONTENT="poor" WC="0.88" CC="0040"/>
						<SP ID="P85_SP00116" HPOS="608" VPOS="821" WIDTH="14"/>
						<String ID="P85_ST00132" HPOS="622" VPOS="788" WIDTH="69" HEIGHT="25" CONTENT="Miss" WC="1.00" CC="0000"/>
						<SP ID="P85_SP00117" HPOS="691" VPOS="821" WIDTH="12"/>
						<String ID="P85_ST00133" HPOS="703" VPOS="787" WIDTH="91" HEIGHT="32" CONTENT="Pease," WC="0.91" CC="500000"/>
						<SP ID="P85_SP00118" HPOS="794" VPOS="821" WIDTH="16"/>
						<String ID="P85_ST00134" HPOS="810" VPOS="796" WIDTH="82" HEIGHT="17" CONTENT="never" WC="1.00" CC="00000"/>
						<SP ID="P85_SP00119" HPOS="892" VPOS="821" WIDTH="12"/>
						<String ID="P85_ST00135" HPOS="904" VPOS="792" WIDTH="30" HEIGHT="21" CONTENT="to" WC="1.00" CC="00"/>
						<SP ID="P85_SP00120" HPOS="934" VPOS="821" WIDTH="14"/>
						<String ID="P85_ST00136" HPOS="948" VPOS="788" WIDTH="69" HEIGHT="25" CONTENT="have" WC="1.00" CC="0000"/>
					</TextLine>
					<TextLine ID="P85_TL00017" HPOS="90" VPOS="834" WIDTH="383" HEIGHT="32">
						<String ID="P85_ST00137" HPOS="90" VPOS="835" WIDTH="70" HEIGHT="26" CONTENT="been" WC="1.00" CC="0000"/>
						<SP ID="P85_SP00121" HPOS="160" VPOS="861" WIDTH="15"/>
						<String ID="P85_ST00138" HPOS="175" VPOS="834" WIDTH="83" HEIGHT="26" CONTENT="home" WC="0.89" CC="4000"/>
						<SP ID="P85_SP00122" HPOS="258" VPOS="861" WIDTH="15"/>
						<String ID="P85_ST00139" HPOS="273" VPOS="839" WIDTH="29" HEIGHT="21" CONTENT="to" WC="0.97" CC="00"/>
						<SP ID="P85_SP00123" HPOS="302" VPOS="861" WIDTH="16"/>
						<String ID="P85_ST00140" HPOS="318" VPOS="834" WIDTH="155" HEIGHT="32" CONTENT='England."' WC="0.92" CC="000002004"/>
					</TextLine>
				</TextBlock>
				<TextBlock ID="P85_TB00007" HPOS="89" VPOS="879" WIDTH="935" HEIGHT="698" STYLEREFS="TXT_2 PAR_LEFT">
					<TextLine ID="P85_TL00018" HPOS="127" VPOS="881" WIDTH="891" HEIGHT="35">
						<String ID="P85_ST00141" HPOS="127" VPOS="883" WIDTH="14" HEIGHT="11" CONTENT='"' WC="0.78" CC="2"/>
						<SP ID="P85_SP00124" HPOS="141" VPOS="894" WIDTH="12"/>
						<String ID="P85_ST00142" HPOS="153" VPOS="881" WIDTH="56" HEIGHT="27" CONTENT="She" WC="1.00" CC="000"/>
						<SP ID="P85_SP00125" HPOS="209" VPOS="908" WIDTH="15"/>
						<String ID="P85_ST00143" HPOS="224" VPOS="882" WIDTH="67" HEIGHT="25" CONTENT="does" WC="1.00" CC="0000"/>
						<SP ID="P85_SP00126" HPOS="291" VPOS="908" WIDTH="15"/>
						<String ID="P85_ST00144" HPOS="306" VPOS="885" WIDTH="49" HEIGHT="21" CONTENT="not" WC="0.69" CC="009"/>
						<SP ID="P85_SP00127" HPOS="355" VPOS="908" WIDTH="14"/>
						<String ID="P85_ST00145" HPOS="369" VPOS="881" WIDTH="67" HEIGHT="25" CONTENT="miss" WC="0.84" CC="0600"/>
						<SP ID="P85_SP00128" HPOS="436" VPOS="908" WIDTH="14"/>
						<String ID="P85_ST00146" HPOS="450" VPOS="881" WIDTH="127" HEIGHT="34" CONTENT="pleasure" WC="0.92" CC="06000000"/>
						<SP ID="P85_SP00129" HPOS="577" VPOS="915" WIDTH="13"/>
						<String ID="P85_ST00147" HPOS="590" VPOS="881" WIDTH="49" HEIGHT="25" CONTENT="she" WC="1.00" CC="000"/>
						<SP ID="P85_SP00130" HPOS="639" VPOS="915" WIDTH="13"/>
						<String ID="P85_ST00148" HPOS="652" VPOS="881" WIDTH="49" HEIGHT="26" CONTENT="has" WC="0.86" CC="201"/>
						<SP ID="P85_SP00131" HPOS="701" VPOS="915" WIDTH="15"/>
						<String ID="P85_ST00149" HPOS="716" VPOS="890" WIDTH="83" HEIGHT="17" CONTENT="never" WC="0.95" CC="00200"/>
						<SP ID="P85_SP00132" HPOS="799" VPOS="915" WIDTH="12"/>
						<String ID="P85_ST00150" HPOS="811" VPOS="882" WIDTH="207" HEIGHT="34" CONTENT='experienced,"' WC="0.94" CC="0000000200022"/>
					</TextLine>
					<TextLine ID="P85_TL00019" HPOS="91" VPOS="928" WIDTH="928" HEIGHT="34">
						<String ID="P85_ST00151" HPOS="91" VPOS="928" WIDTH="59" HEIGHT="27" CONTENT="said" WC="1.00" CC="0000"/>
						<SP ID="P85_SP00133" HPOS="150" VPOS="955" WIDTH="14"/>
						<String ID="P85_ST00152" HPOS="164" VPOS="928" WIDTH="101" HEIGHT="26" CONTENT="Alison" WC="0.81" CC="054010"/>
						<SP ID="P85_SP00134" HPOS="265" VPOS="955" WIDTH="14"/>
						<String ID="P85_ST00153" HPOS="279" VPOS="937" WIDTH="6" HEIGHT="23" CONTENT=";" WC="0.77" CC="2"/>
						<SP ID="P85_SP00135" HPOS="285" VPOS="960" WIDTH="21"/>
						<String ID="P85_ST00154" HPOS="306" VPOS="930" WIDTH="14" HEIGHT="10" CONTENT='"' WC="1.00" CC="0"/>
						<SP ID="P85_SP00136" HPOS="320" VPOS="960" WIDTH="10"/>
						<String ID="P85_ST00155" HPOS="330" VPOS="928" WIDTH="55" HEIGHT="26" CONTENT="and" WC="1.00" CC="000"/>
						<SP ID="P85_SP00137" HPOS="385" VPOS="960" WIDTH="16"/>
						<String ID="P85_ST00156" HPOS="401" VPOS="937" WIDTH="143" HEIGHT="17" CONTENT="moreover" WC="0.98" CC="00100000"/>
						<SP ID="P85_SP00138" HPOS="544" VPOS="960" WIDTH="12"/>
						<String ID="P85_ST00157" HPOS="556" VPOS="928" WIDTH="49" HEIGHT="26" CONTENT="she" WC="0.88" CC="030"/>
						<SP ID="P85_SP00139" HPOS="605" VPOS="960" WIDTH="14"/>
						<String ID="P85_ST00158" HPOS="619" VPOS="929" WIDTH="22" HEIGHT="25" CONTENT="is" WC="0.67" CC="60"/>
						<SP ID="P85_SP00140" HPOS="641" VPOS="960" WIDTH="20"/>
						<String ID="P85_ST00159" HPOS="661" VPOS="929" WIDTH="86" HEIGHT="33" CONTENT="going" WC="0.46" CC="90519"/>
						<SP ID="P85_SP00141" HPOS="747" VPOS="962" WIDTH="13"/>
						<String ID="P85_ST00160" HPOS="760" VPOS="933" WIDTH="29" HEIGHT="22" CONTENT="to" WC="0.64" CC="70"/>
						<SP ID="P85_SP00142" HPOS="789" VPOS="962" WIDTH="14"/>
						<String ID="P85_ST00161" HPOS="803" VPOS="929" WIDTH="34" HEIGHT="26" CONTENT="be" WC="1.00" CC="00"/>
						<SP ID="P85_SP00143" HPOS="837" VPOS="962" WIDTH="15"/>
						<String ID="P85_ST00162" HPOS="852" VPOS="930" WIDTH="117" HEIGHT="25" CONTENT="married" WC="0.95" CC="0000300"/>
						<SP ID="P85_SP00144" HPOS="969" VPOS="962" WIDTH="21"/>
						<String ID="P85_ST00163" HPOS="990" VPOS="933" WIDTH="29" HEIGHT="22" CONTENT="to" WC="1.00" CC="00"/>
					</TextLine>
					<TextLine ID="P85_TL00020" HPOS="92" VPOS="975" WIDTH="928" HEIGHT="35">
						<String ID="P85_ST00164" HPOS="92" VPOS="984" WIDTH="16" HEIGHT="17" CONTENT="a" WC="1.00" CC="0"/>
						<SP ID="P85_SP00145" HPOS="108" VPOS="1001" WIDTH="13"/>
						<String ID="P85_ST00165" HPOS="121" VPOS="976" WIDTH="125" HEIGHT="25" CONTENT="member" WC="1.00" CC="000000"/>
						<SP ID="P85_SP00146" HPOS="246" VPOS="1001" WIDTH="14"/>
						<String ID="P85_ST00166" HPOS="260" VPOS="975" WIDTH="32" HEIGHT="26" CONTENT="of" WC="1.00" CC="00"/>
						<SP ID="P85_SP00147" HPOS="292" VPOS="1001" WIDTH="15"/>
						<String ID="P85_ST00167" HPOS="307" VPOS="983" WIDTH="51" HEIGHT="17" CONTENT="our" WC="1.00" CC="000"/>
						<SP ID="P85_SP00148" HPOS="358" VPOS="1001" WIDTH="13"/>
						<String ID="P85_ST00168" HPOS="371" VPOS="975" WIDTH="110" HEIGHT="31" CONTENT="service," WC="0.90" CC="00003004"/>
						<SP ID="P85_SP00149" HPOS="481" VPOS="1006" WIDTH="15"/>
						<String ID="P85_ST00169" HPOS="496" VPOS="975" WIDTH="63" HEIGHT="25" CONTENT="who" WC="1.00" CC="000"/>
						<SP ID="P85_SP00150" HPOS="559" VPOS="1006" WIDTH="13"/>
						<String ID="P85_ST00170" HPOS="572" VPOS="976" WIDTH="22" HEIGHT="25" CONTENT="is" WC="0.70" CC="50"/>
						<SP ID="P85_SP00151" HPOS="594" VPOS="1006" WIDTH="15"/>
						<String ID="P85_ST00171" HPOS="609" VPOS="979" WIDTH="28" HEIGHT="22" CONTENT="at" WC="1.00" CC="00"/>
						<SP ID="P85_SP00152" HPOS="637" VPOS="1006" WIDTH="14"/>
						<String ID="P85_ST00172" HPOS="651" VPOS="980" WIDTH="110" HEIGHT="29" CONTENT="present" WC="1.00" CC="0000000"/>
						<SP ID="P85_SP00153" HPOS="761" VPOS="1009" WIDTH="14"/>
						<String ID="P85_ST00173" HPOS="775" VPOS="977" WIDTH="26" HEIGHT="24" CONTENT="in" WC="0.76" CC="40"/>
						<SP ID="P85_SP00154" HPOS="801" VPOS="1009" WIDTH="14"/>
						<String ID="P85_ST00174" HPOS="815" VPOS="976" WIDTH="101" HEIGHT="34" CONTENT="charge" WC="1.00" CC="000000"/>
						<SP ID="P85_SP00155" HPOS="916" VPOS="1010" WIDTH="15"/>
						<String ID="P85_ST00175" HPOS="931" VPOS="977" WIDTH="31" HEIGHT="25" CONTENT="of" WC="1.00" CC="00"/>
						<SP ID="P85_SP00156" HPOS="962" VPOS="1010" WIDTH="10"/>
						<String ID="P85_ST00176" HPOS="972" VPOS="977" WIDTH="48" HEIGHT="25" CONTENT="the" WC="1.00" CC="000"/>
					</TextLine>
					<TextLine ID="P85_TL00021" HPOS="91" VPOS="1022" WIDTH="929" HEIGHT="27">
						<String ID="P85_ST00177" HPOS="91" VPOS="1022" WIDTH="173" HEIGHT="27" CONTENT="subdivision" WC="0.86" CC="00007010600"/>
						<SP ID="P85_SP00157" HPOS="264" VPOS="1049" WIDTH="19"/>
						<String ID="P85_ST00178" HPOS="283" VPOS="1022" WIDTH="30" HEIGHT="26" CONTENT="of" WC="1.00" CC="00"/>
						<SP ID="P85_SP00158" HPOS="313" VPOS="1049" WIDTH="18"/>
						<String ID="P85_ST00179" HPOS="331" VPOS="1022" WIDTH="151" HEIGHT="26" CONTENT="Sasseram." WC="0.98" CC="000000001"/>
						<SP ID="P85_SP00159" HPOS="482" VPOS="1049" WIDTH="41"/>
						<String ID="P85_ST00180" HPOS="523" VPOS="1022" WIDTH="46" HEIGHT="26" CONTENT="He" WC="0.79" CC="40"/>
						<SP ID="P85_SP00160" HPOS="569" VPOS="1049" WIDTH="17"/>
						<String ID="P85_ST00181" HPOS="586" VPOS="1022" WIDTH="21" HEIGHT="26" CONTENT="is" WC="0.67" CC="50"/>
						<SP ID="P85_SP00161" HPOS="607" VPOS="1049" WIDTH="15"/>
						<String ID="P85_ST00182" HPOS="622" VPOS="1022" WIDTH="36" HEIGHT="26" CONTENT="all" WC="0.83" CC="005"/>
						<SP ID="P85_SP00162" HPOS="658" VPOS="1049" WIDTH="23"/>
						<String ID="P85_ST00183" HPOS="681" VPOS="1022" WIDTH="79" HEIGHT="27" CONTENT="alone" WC="0.90" CC="04000"/>
						<SP ID="P85_SP00163" HPOS="760" VPOS="1049" WIDTH="18"/>
						<String ID="P85_ST00184" HPOS="778" VPOS="1022" WIDTH="76" HEIGHT="27" CONTENT="there" WC="0.97" CC="01000"/>
						<SP ID="P85_SP00164" HPOS="854" VPOS="1049" WIDTH="14"/>
						<String ID="P85_ST00185" HPOS="868" VPOS="1023" WIDTH="116" HEIGHT="26" CONTENT="without" WC="0.82" CC="0306020"/>
						<SP ID="P85_SP00165" HPOS="984" VPOS="1049" WIDTH="19"/>
						<String ID="P85_ST00186" HPOS="1003" VPOS="1033" WIDTH="17" HEIGHT="16" CONTENT="a" WC="1.00" CC="0"/>
					</TextLine>
					<TextLine ID="P85_TL00022" HPOS="92" VPOS="1069" WIDTH="928" HEIGHT="31">
						<String ID="P85_ST00187" HPOS="92" VPOS="1071" WIDTH="83" HEIGHT="25" CONTENT="white" WC="0.80" CC="04500"/>
						<SP ID="P85_SP00166" HPOS="175" VPOS="1096" WIDTH="22"/>
						<String ID="P85_ST00188" HPOS="197" VPOS="1070" WIDTH="60" HEIGHT="25" CONTENT="face" WC="1.00" CC="0000"/>
						<SP ID="P85_SP00167" HPOS="257" VPOS="1096" WIDTH="14"/>
						<String ID="P85_ST00189" HPOS="271" VPOS="1078" WIDTH="66" HEIGHT="17" CONTENT="near" WC="0.95" CC="0002"/>
						<SP ID="P85_SP00168" HPOS="337" VPOS="1096" WIDTH="20"/>
						<String ID="P85_ST00190" HPOS="357" VPOS="1070" WIDTH="65" HEIGHT="30" CONTENT="him," WC="0.84" CC="0600"/>
						<SP ID="P85_SP00169" HPOS="422" VPOS="1100" WIDTH="16"/>
						<String ID="P85_ST00191" HPOS="438" VPOS="1069" WIDTH="55" HEIGHT="26" CONTENT="and" WC="1.00" CC="000"/>
						<SP ID="P85_SP00170" HPOS="493" VPOS="1100" WIDTH="21"/>
						<String ID="P85_ST00192" HPOS="514" VPOS="1069" WIDTH="49" HEIGHT="26" CONTENT="her" WC="0.83" CC="500"/>
						<SP ID="P85_SP00171" HPOS="563" VPOS="1100" WIDTH="22"/>
						<String ID="P85_ST00193" HPOS="585" VPOS="1069" WIDTH="89" HEIGHT="26" CONTENT="father" WC="1.00" CC="000000"/>
						<SP ID="P85_SP00172" HPOS="674" VPOS="1100" WIDTH="13"/>
						<String ID="P85_ST00194" HPOS="687" VPOS="1078" WIDTH="55" HEIGHT="17" CONTENT="was" WC="0.79" CC="060"/>
						<SP ID="P85_SP00173" HPOS="742" VPOS="1100" WIDTH="21"/>
						<String ID="P85_ST00195" HPOS="763" VPOS="1074" WIDTH="61" HEIGHT="22" CONTENT="sent" WC="0.95" CC="0020"/>
						<SP ID="P85_SP00174" HPOS="824" VPOS="1100" WIDTH="14"/>
						<String ID="P85_ST00196" HPOS="838" VPOS="1071" WIDTH="82" HEIGHT="25" CONTENT="down" WC="0.82" CC="0007"/>
						<SP ID="P85_SP00175" HPOS="920" VPOS="1100" WIDTH="14"/>
						<String ID="P85_ST00197" HPOS="934" VPOS="1074" WIDTH="30" HEIGHT="22" CONTENT="to" WC="1.00" CC="00"/>
						<SP ID="P85_SP00176" HPOS="964" VPOS="1100" WIDTH="20"/>
						<String ID="P85_ST00198" HPOS="984" VPOS="1071" WIDTH="36" HEIGHT="25" CONTENT="do" WC="1.00" CC="00"/>
					</TextLine>
					<TextLine ID="P85_TL00023" HPOS="93" VPOS="1116" WIDTH="928" HEIGHT="35">
						<String ID="P85_ST00199" HPOS="93" VPOS="1126" WIDTH="77" HEIGHT="17" CONTENT="some" WC="0.77" CC="0090"/>
						<SP ID="P85_SP00177" HPOS="170" VPOS="1143" WIDTH="21"/>
						<String ID="P85_ST00200" HPOS="191" VPOS="1116" WIDTH="162" HEIGHT="27" CONTENT="settlement" WC="0.99" CC="0000000010"/>
						<SP ID="P85_SP00178" HPOS="353" VPOS="1143" WIDTH="20"/>
						<String ID="P85_ST00201" HPOS="373" VPOS="1116" WIDTH="83" HEIGHT="26" CONTENT="work." WC="0.86" CC="00060"/>
						<SP ID="P85_SP00179" HPOS="456" VPOS="1143" WIDTH="41"/>
						<String ID="P85_ST00202" HPOS="497" VPOS="1116" WIDTH="46" HEIGHT="26" CONTENT="He" WC="0.83" CC="30"/>
						<SP ID="P85_SP00180" HPOS="543" VPOS="1143" WIDTH="23"/>
						<String ID="P85_ST00203" HPOS="566" VPOS="1116" WIDTH="68" HEIGHT="26" CONTENT="took" WC="0.99" CC="0000"/>
						<SP ID="P85_SP00181" HPOS="634" VPOS="1143" WIDTH="23"/>
						<String ID="P85_ST00204" HPOS="657" VPOS="1116" WIDTH="42" HEIGHT="27" CONTENT="his" WC="0.76" CC="070"/>
						<SP ID="P85_SP00182" HPOS="699" VPOS="1143" WIDTH="22"/>
						<String ID="P85_ST00205" HPOS="721" VPOS="1117" WIDTH="61" HEIGHT="26" CONTENT="wife" WC="0.86" CC="0500"/>
						<SP ID="P85_SP00183" HPOS="782" VPOS="1143" WIDTH="24"/>
						<String ID="P85_ST00206" HPOS="806" VPOS="1117" WIDTH="54" HEIGHT="26" CONTENT="and" WC="0.97" CC="000"/>
						<SP ID="P85_SP00184" HPOS="860" VPOS="1143" WIDTH="24"/>
						<String ID="P85_ST00207" HPOS="884" VPOS="1117" WIDTH="137" HEIGHT="34" CONTENT="daughter" WC="0.96" CC="00003000"/>
					</TextLine>
					<TextLine ID="P85_TL00024" HPOS="93" VPOS="1164" WIDTH="928" HEIGHT="34">
						<String ID="P85_ST00208" HPOS="93" VPOS="1165" WIDTH="67" HEIGHT="25" CONTENT="with" WC="0.86" CC="0500"/>
						<SP ID="P85_SP00185" HPOS="160" VPOS="1190" WIDTH="21"/>
						<String ID="P85_ST00209" HPOS="181" VPOS="1164" WIDTH="66" HEIGHT="31" CONTENT="him," WC="0.99" CC="0000"/>
						<SP ID="P85_SP00186" HPOS="247" VPOS="1195" WIDTH="15"/>
						<String ID="P85_ST00210" HPOS="262" VPOS="1165" WIDTH="55" HEIGHT="24" CONTENT="and" WC="1.00" CC="000"/>
						<SP ID="P85_SP00187" HPOS="317" VPOS="1195" WIDTH="23"/>
						<String ID="P85_ST00211" HPOS="340" VPOS="1164" WIDTH="12" HEIGHT="25" CONTENT="I" WC="1.00" CC="0"/>
						<SP ID="P85_SP00188" HPOS="352" VPOS="1195" WIDTH="16"/>
						<String ID="P85_ST00212" HPOS="368" VPOS="1172" WIDTH="121" HEIGHT="26" CONTENT="suppose" WC="0.95" CC="0300000"/>
						<SP ID="P85_SP00189" HPOS="489" VPOS="1198" WIDTH="20"/>
						<String ID="P85_ST00213" HPOS="509" VPOS="1164" WIDTH="68" HEIGHT="33" CONTENT="they" WC="1.00" CC="0000"/>
						<SP ID="P85_SP00190" HPOS="577" VPOS="1198" WIDTH="13"/>
						<String ID="P85_ST00214" HPOS="590" VPOS="1164" WIDTH="69" HEIGHT="25" CONTENT="both" WC="0.67" CC="0094"/>
						<SP ID="P85_SP00191" HPOS="659" VPOS="1198" WIDTH="20"/>
						<String ID="P85_ST00215" HPOS="679" VPOS="1165" WIDTH="139" HEIGHT="33" CONTENT="appeared" WC="1.00" CC="00000000"/>
						<SP ID="P85_SP00192" HPOS="818" VPOS="1198" WIDTH="14"/>
						<String ID="P85_ST00216" HPOS="832" VPOS="1173" WIDTH="30" HEIGHT="17" CONTENT="as" WC="0.95" CC="10"/>
						<SP ID="P85_SP00193" HPOS="862" VPOS="1198" WIDTH="14"/>
						<String ID="P85_ST00217" HPOS="876" VPOS="1165" WIDTH="96" HEIGHT="33" CONTENT="angels" WC="0.87" CC="030040"/>
						<SP ID="P85_SP00194" HPOS="972" VPOS="1198" WIDTH="20"/>
						<String ID="P85_ST00218" HPOS="992" VPOS="1168" WIDTH="29" HEIGHT="22" CONTENT="to" WC="1.00" CC="00"/>
					</TextLine>
					<TextLine ID="P85_TL00025" HPOS="93" VPOS="1210" WIDTH="929" HEIGHT="35">
						<String ID="P85_ST00219" HPOS="93" VPOS="1220" WIDTH="70" HEIGHT="25" CONTENT="poor" WC="0.89" CC="0301"/>
						<SP ID="P85_SP00195" HPOS="163" VPOS="1245" WIDTH="14"/>
						<String ID="P85_ST00220" HPOS="177" VPOS="1211" WIDTH="93" HEIGHT="26" CONTENT="Smith" WC="0.94" CC="00003"/>
						<SP ID="P85_SP00196" HPOS="270" VPOS="1245" WIDTH="21"/>
						<String ID="P85_ST00221" HPOS="291" VPOS="1211" WIDTH="26" HEIGHT="25" CONTENT="in" WC="0.48" CC="63"/>
						<SP ID="P85_SP00197" HPOS="317" VPOS="1245" WIDTH="14"/>
						<String ID="P85_ST00222" HPOS="331" VPOS="1210" WIDTH="42" HEIGHT="27" CONTENT="his" WC="0.55" CC="750"/>
						<SP ID="P85_SP00198" HPOS="373" VPOS="1245" WIDTH="22"/>
						<String ID="P85_ST00223" HPOS="395" VPOS="1211" WIDTH="125" HEIGHT="26" CONTENT="solitude." WC="0.92" CC="000500000"/>
						<SP ID="P85_SP00199" HPOS="520" VPOS="1245" WIDTH="40"/>
						<String ID="P85_ST00224" HPOS="560" VPOS="1211" WIDTH="83" HEIGHT="34" CONTENT="They" WC="0.85" CC="0500"/>
						<SP ID="P85_SP00200" HPOS="643" VPOS="1245" WIDTH="12"/>
						<String ID="P85_ST00225" HPOS="655" VPOS="1220" WIDTH="47" HEIGHT="17" CONTENT="are" WC="1.00" CC="000"/>
						<SP ID="P85_SP00201" HPOS="702" VPOS="1245" WIDTH="19"/>
						<String ID="P85_ST00226" HPOS="721" VPOS="1215" WIDTH="30" HEIGHT="22" CONTENT="to" WC="1.00" CC="00"/>
						<SP ID="P85_SP00202" HPOS="751" VPOS="1245" WIDTH="15"/>
						<String ID="P85_ST00227" HPOS="766" VPOS="1211" WIDTH="33" HEIGHT="26" CONTENT="be" WC="1.00" CC="00"/>
						<SP ID="P85_SP00203" HPOS="799" VPOS="1245" WIDTH="15"/>
						<String ID="P85_ST00228" HPOS="814" VPOS="1212" WIDTH="117" HEIGHT="25" CONTENT="married" WC="0.91" CC="0000600"/>
						<SP ID="P85_SP00204" HPOS="931" VPOS="1245" WIDTH="21"/>
						<String ID="P85_ST00229" HPOS="952" VPOS="1216" WIDTH="70" HEIGHT="22" CONTENT="next" WC="1.00" CC="0000"/>
					</TextLine>
					<TextLine ID="P85_TL00026" HPOS="95" VPOS="1258" WIDTH="926" HEIGHT="35">
						<String ID="P85_ST00230" HPOS="95" VPOS="1259" WIDTH="105" HEIGHT="26" CONTENT="month." WC="0.76" CC="005700"/>
						<SP ID="P85_SP00205" HPOS="200" VPOS="1285" WIDTH="41"/>
						<String ID="P85_ST00231" HPOS="241" VPOS="1259" WIDTH="57" HEIGHT="26" CONTENT="She" WC="0.87" CC="030"/>
						<SP ID="P85_SP00206" HPOS="298" VPOS="1285" WIDTH="20"/>
						<String ID="P85_ST00232" HPOS="318" VPOS="1258" WIDTH="143" HEIGHT="26" CONTENT="doubtless" WC="0.95" CC="000003000"/>
						<SP ID="P85_SP00207" HPOS="461" VPOS="1285" WIDTH="14"/>
						<String ID="P85_ST00233" HPOS="475" VPOS="1258" WIDTH="49" HEIGHT="26" CONTENT="has" WC="0.97" CC="000"/>
						<SP ID="P85_SP00208" HPOS="524" VPOS="1285" WIDTH="21"/>
						<String ID="P85_ST00234" HPOS="545" VPOS="1259" WIDTH="82" HEIGHT="25" CONTENT="much" WC="1.00" CC="0000"/>
						<SP ID="P85_SP00209" HPOS="627" VPOS="1285" WIDTH="15"/>
						<String ID="P85_ST00235" HPOS="642" VPOS="1259" WIDTH="46" HEIGHT="25" CONTENT="the" WC="1.00" CC="000"/>
						<SP ID="P85_SP00210" HPOS="688" VPOS="1285" WIDTH="15"/>
						<String ID="P85_ST00236" HPOS="703" VPOS="1259" WIDTH="61" HEIGHT="26" CONTENT="best" WC="1.00" CC="0000"/>
						<SP ID="P85_SP00211" HPOS="764" VPOS="1285" WIDTH="14"/>
						<String ID="P85_ST00237" HPOS="778" VPOS="1259" WIDTH="32" HEIGHT="25" CONTENT="of" WC="1.00" CC="00"/>
						<SP ID="P85_SP00212" HPOS="810" VPOS="1285" WIDTH="17"/>
						<String ID="P85_ST00238" HPOS="827" VPOS="1259" WIDTH="47" HEIGHT="26" CONTENT="the" WC="0.85" CC="040"/>
						<SP ID="P85_SP00213" HPOS="874" VPOS="1285" WIDTH="14"/>
						<String ID="P85_ST00239" HPOS="888" VPOS="1259" WIDTH="114" HEIGHT="34" CONTENT="bargain" WC="0.92" CC="0000050"/>
						<SP ID="P85_SP00214" HPOS="1002" VPOS="1293" WIDTH="14"/>
						<String ID="P85_ST00240" HPOS="1016" VPOS="1270" WIDTH="5" HEIGHT="22" CONTENT=";" WC="0.84" CC="1"/>
					</TextLine>
					<TextLine ID="P85_TL00027" HPOS="95" VPOS="1304" WIDTH="927" HEIGHT="36">
						<String ID="P85_ST00241" HPOS="95" VPOS="1306" WIDTH="55" HEIGHT="25" CONTENT="and" WC="1.00" CC="000"/>
						<SP ID="P85_SP00215" HPOS="150" VPOS="1331" WIDTH="17"/>
						<String ID="P85_ST00242" HPOS="167" VPOS="1306" WIDTH="11" HEIGHT="25" CONTENT="I" WC="1.00" CC="0"/>
						<SP ID="P85_SP00216" HPOS="178" VPOS="1331" WIDTH="16"/>
						<String ID="P85_ST00243" HPOS="194" VPOS="1305" WIDTH="66" HEIGHT="26" CONTENT="dare" WC="1.00" CC="0000"/>
						<SP ID="P85_SP00217" HPOS="260" VPOS="1331" WIDTH="14"/>
						<String ID="P85_ST00244" HPOS="274" VPOS="1314" WIDTH="50" HEIGHT="25" CONTENT="say" WC="1.00" CC="000"/>
						<SP ID="P85_SP00218" HPOS="324" VPOS="1339" WIDTH="13"/>
						<String ID="P85_ST00245" HPOS="337" VPOS="1304" WIDTH="80" HEIGHT="27" CONTENT="when" WC="1.00" CC="0000"/>
						<SP ID="P85_SP00219" HPOS="417" VPOS="1339" WIDTH="13"/>
						<String ID="P85_ST00246" HPOS="430" VPOS="1305" WIDTH="36" HEIGHT="26" CONTENT="he" WC="0.69" CC="60"/>
						<SP ID="P85_SP00220" HPOS="466" VPOS="1339" WIDTH="12"/>
						<String ID="P85_ST00247" HPOS="478" VPOS="1309" WIDTH="62" HEIGHT="30" CONTENT="gets" WC="0.84" CC="0006"/>
						<SP ID="P85_SP00221" HPOS="540" VPOS="1339" WIDTH="15"/>
						<String ID="P85_ST00248" HPOS="555" VPOS="1306" WIDTH="59" HEIGHT="25" CONTENT="into" WC="0.82" CC="7000"/>
						<SP ID="P85_SP00222" HPOS="614" VPOS="1339" WIDTH="19"/>
						<String ID="P85_ST00249" HPOS="633" VPOS="1306" WIDTH="126" HEIGHT="25" CONTENT="civilized" WC="0.85" CC="050105000"/>
						<SP ID="P85_SP00223" HPOS="759" VPOS="1339" WIDTH="15"/>
						<String ID="P85_ST00250" HPOS="774" VPOS="1307" WIDTH="104" HEIGHT="33" CONTENT="society" WC="0.94" CC="2010000"/>
						<SP ID="P85_SP00224" HPOS="878" VPOS="1340" WIDTH="14"/>
						<String ID="P85_ST00251" HPOS="892" VPOS="1307" WIDTH="82" HEIGHT="33" CONTENT="again" WC="0.99" CC="00000"/>
						<SP ID="P85_SP00225" HPOS="974" VPOS="1340" WIDTH="14"/>
						<String ID="P85_ST00252" HPOS="988" VPOS="1307" WIDTH="34" HEIGHT="26" CONTENT="he" WC="0.86" CC="20"/>
					</TextLine>
					<TextLine ID="P85_TL00028" HPOS="96" VPOS="1352" WIDTH="926" HEIGHT="34">
						<String ID="P85_ST00253" HPOS="96" VPOS="1353" WIDTH="54" HEIGHT="25" CONTENT="will" WC="0.70" CC="0433"/>
						<SP ID="P85_SP00226" HPOS="150" VPOS="1378" WIDTH="15"/>
						<String ID="P85_ST00254" HPOS="165" VPOS="1356" WIDTH="91" HEIGHT="30" CONTENT="regret" WC="0.98" CC="000000"/>
						<SP ID="P85_SP00227" HPOS="256" VPOS="1386" WIDTH="14"/>
						<String ID="P85_ST00255" HPOS="270" VPOS="1353" WIDTH="27" HEIGHT="31" CONTENT="it," WC="0.75" CC="330"/>
						<SP ID="P85_SP00228" HPOS="297" VPOS="1386" WIDTH="16"/>
						<String ID="P85_ST00256" HPOS="313" VPOS="1353" WIDTH="55" HEIGHT="25" CONTENT="and" WC="1.00" CC="000"/>
						<SP ID="P85_SP00229" HPOS="368" VPOS="1386" WIDTH="22"/>
						<String ID="P85_ST00257" HPOS="390" VPOS="1353" WIDTH="11" HEIGHT="24" CONTENT="I" WC="1.00" CC="0"/>
						<SP ID="P85_SP00230" HPOS="401" VPOS="1386" WIDTH="16"/>
						<String ID="P85_ST00258" HPOS="417" VPOS="1352" WIDTH="70" HEIGHT="26" CONTENT="have" WC="0.91" CC="3000"/>
						<SP ID="P85_SP00231" HPOS="487" VPOS="1386" WIDTH="20"/>
						<String ID="P85_ST00259" HPOS="507" VPOS="1353" WIDTH="101" HEIGHT="26" CONTENT="almost" WC="1.00" CC="000000"/>
						<SP ID="P85_SP00232" HPOS="608" VPOS="1386" WIDTH="14"/>
						<String ID="P85_ST00260" HPOS="622" VPOS="1353" WIDTH="133" HEIGHT="26" CONTENT="ventured" WC="0.95" CC="00201000"/>
						<SP ID="P85_SP00233" HPOS="755" VPOS="1386" WIDTH="22"/>
						<String ID="P85_ST00261" HPOS="777" VPOS="1358" WIDTH="28" HEIGHT="22" CONTENT="to" WC="1.00" CC="00"/>
						<SP ID="P85_SP00234" HPOS="805" VPOS="1386" WIDTH="15"/>
						<String ID="P85_ST00262" HPOS="820" VPOS="1353" WIDTH="60" HEIGHT="27" CONTENT="hint" WC="0.90" CC="1030"/>
						<SP ID="P85_SP00235" HPOS="880" VPOS="1386" WIDTH="16"/>
						<String ID="P85_ST00263" HPOS="896" VPOS="1364" WIDTH="30" HEIGHT="16" CONTENT="as" WC="1.00" CC="00"/>
						<SP ID="P85_SP00236" HPOS="926" VPOS="1386" WIDTH="15"/>
						<String ID="P85_ST00264" HPOS="941" VPOS="1354" WIDTH="81" HEIGHT="26" CONTENT="much" WC="0.93" CC="0002"/>
					</TextLine>
					<TextLine ID="P85_TL00029" HPOS="96" VPOS="1399" WIDTH="927" HEIGHT="31">
						<String ID="P85_ST00265" HPOS="96" VPOS="1404" WIDTH="29" HEIGHT="21" CONTENT="to" WC="1.00" CC="00"/>
						<SP ID="P85_SP00237" HPOS="125" VPOS="1425" WIDTH="21"/>
						<String ID="P85_ST00266" HPOS="146" VPOS="1400" WIDTH="65" HEIGHT="30" CONTENT="him," WC="0.92" CC="0003"/>
						<SP ID="P85_SP00238" HPOS="211" VPOS="1430" WIDTH="15"/>
						<String ID="P85_ST00267" HPOS="226" VPOS="1400" WIDTH="50" HEIGHT="25" CONTENT="but" WC="1.00" CC="000"/>
						<SP ID="P85_SP00239" HPOS="276" VPOS="1430" WIDTH="20"/>
						<String ID="P85_ST00268" HPOS="296" VPOS="1399" WIDTH="116" HEIGHT="26" CONTENT="without" WC="1.00" CC="0000000"/>
						<SP ID="P85_SP00240" HPOS="412" VPOS="1430" WIDTH="22"/>
						<String ID="P85_ST00269" HPOS="434" VPOS="1399" WIDTH="86" HEIGHT="26" CONTENT="effect." WC="1.00" CC="0000000"/>
						<SP ID="P85_SP00241" HPOS="520" VPOS="1430" WIDTH="41"/>
						<String ID="P85_ST00270" HPOS="561" VPOS="1400" WIDTH="12" HEIGHT="25" CONTENT="I" WC="1.00" CC="0"/>
						<SP ID="P85_SP00242" HPOS="573" VPOS="1430" WIDTH="21"/>
						<String ID="P85_ST00271" HPOS="594" VPOS="1400" WIDTH="71" HEIGHT="25" CONTENT="have" WC="0.94" CC="2000"/>
						<SP ID="P85_SP00243" HPOS="665" VPOS="1430" WIDTH="13"/>
						<String ID="P85_ST00272" HPOS="678" VPOS="1409" WIDTH="65" HEIGHT="17" CONTENT="seen" WC="1.00" CC="0000"/>
						<SP ID="P85_SP00244" HPOS="743" VPOS="1430" WIDTH="20"/>
						<String ID="P85_ST00273" HPOS="763" VPOS="1409" WIDTH="53" HEIGHT="17" CONTENT="one" WC="1.00" CC="000"/>
						<SP ID="P85_SP00245" HPOS="816" VPOS="1430" WIDTH="14"/>
						<String ID="P85_ST00274" HPOS="830" VPOS="1410" WIDTH="31" HEIGHT="17" CONTENT="or" WC="1.00" CC="00"/>
						<SP ID="P85_SP00246" HPOS="861" VPOS="1430" WIDTH="13"/>
						<String ID="P85_ST00275" HPOS="874" VPOS="1405" WIDTH="55" HEIGHT="22" CONTENT="two" WC="0.84" CC="004"/>
						<SP ID="P85_SP00247" HPOS="929" VPOS="1430" WIDTH="18"/>
						<String ID="P85_ST00276" HPOS="947" VPOS="1410" WIDTH="76" HEIGHT="17" CONTENT="cases" WC="1.00" CC="00000"/>
					</TextLine>
					<TextLine ID="P85_TL00030" HPOS="96" VPOS="1447" WIDTH="928" HEIGHT="36">
						<String ID="P85_ST00277" HPOS="96" VPOS="1447" WIDTH="31" HEIGHT="26" CONTENT="of" WC="1.00" CC="00"/>
						<SP ID="P85_SP00248" HPOS="127" VPOS="1473" WIDTH="18"/>
						<String ID="P85_ST00278" HPOS="145" VPOS="1447" WIDTH="48" HEIGHT="26" CONTENT="the" WC="1.00" CC="000"/>
						<SP ID="P85_SP00249" HPOS="193" VPOS="1473" WIDTH="21"/>
						<String ID="P85_ST00279" HPOS="214" VPOS="1451" WIDTH="64" HEIGHT="21" CONTENT="sort." WC="1.00" CC="00000"/>
						<SP ID="P85_SP00250" HPOS="278" VPOS="1473" WIDTH="39"/>
						<String ID="P85_ST00280" HPOS="317" VPOS="1447" WIDTH="63" HEIGHT="25" CONTENT="You" WC="0.82" CC="005"/>
						<SP ID="P85_SP00251" HPOS="380" VPOS="1473" WIDTH="23"/>
						<String ID="P85_ST00281" HPOS="403" VPOS="1447" WIDTH="54" HEIGHT="25" CONTENT="and" WC="0.84" CC="040"/>
						<SP ID="P85_SP00252" HPOS="457" VPOS="1473" WIDTH="22"/>
						<String ID="P85_ST00282" HPOS="479" VPOS="1447" WIDTH="160" HEIGHT="26" CONTENT="Rawlinson" WC="0.86" CC="000360020"/>
						<SP ID="P85_SP00253" HPOS="639" VPOS="1473" WIDTH="13"/>
						<String ID="P85_ST00283" HPOS="652" VPOS="1448" WIDTH="55" HEIGHT="26" CONTENT="will" WC="0.68" CC="0650"/>
						<SP ID="P85_SP00254" HPOS="707" VPOS="1474" WIDTH="20"/>
						<String ID="P85_ST00284" HPOS="727" VPOS="1447" WIDTH="71" HEIGHT="27" CONTENT="have" WC="0.83" CC="6000"/>
						<SP ID="P85_SP00255" HPOS="798" VPOS="1474" WIDTH="22"/>
						<String ID="P85_ST00285" HPOS="820" VPOS="1452" WIDTH="28" HEIGHT="22" CONTENT="to" WC="1.00" CC="00"/>
						<SP ID="P85_SP00256" HPOS="848" VPOS="1474" WIDTH="16"/>
						<String ID="P85_ST00286" HPOS="864" VPOS="1449" WIDTH="123" HEIGHT="34" CONTENT="undergo" WC="0.94" CC="3000000"/>
						<SP ID="P85_SP00257" HPOS="987" VPOS="1483" WIDTH="21"/>
						<String ID="P85_ST00287" HPOS="1008" VPOS="1458" WIDTH="16" HEIGHT="16" CONTENT="a" WC="1.00" CC="0"/>
					</TextLine>
					<TextLine ID="P85_TL00031" HPOS="97" VPOS="1494" WIDTH="926" HEIGHT="35">
						<String ID="P85_ST00288" HPOS="97" VPOS="1495" WIDTH="105" HEIGHT="24" CONTENT="similar" WC="0.88" CC="0034000"/>
						<SP ID="P85_SP00258" HPOS="202" VPOS="1519" WIDTH="13"/>
						<String ID="P85_ST00289" HPOS="215" VPOS="1502" WIDTH="109" HEIGHT="23" CONTENT="course;" WC="0.95" CC="3000000"/>
						<SP ID="P85_SP00259" HPOS="324" VPOS="1525" WIDTH="15"/>
						<String ID="P85_ST00290" HPOS="339" VPOS="1494" WIDTH="55" HEIGHT="25" CONTENT="and" WC="1.00" CC="000"/>
						<SP ID="P85_SP00260" HPOS="394" VPOS="1525" WIDTH="14"/>
						<String ID="P85_ST00291" HPOS="408" VPOS="1494" WIDTH="93" HEIGHT="26" CONTENT="before" WC="0.94" CC="003000"/>
						<SP ID="P85_SP00261" HPOS="501" VPOS="1525" WIDTH="14"/>
						<String ID="P85_ST00292" HPOS="515" VPOS="1503" WIDTH="56" HEIGHT="25" CONTENT="you" WC="1.00" CC="000"/>
						<SP ID="P85_SP00262" HPOS="571" VPOS="1528" WIDTH="14"/>
						<String ID="P85_ST00293" HPOS="585" VPOS="1495" WIDTH="103" HEIGHT="34" CONTENT="plunge" WC="0.83" CC="000090"/>
						<SP ID="P85_SP00263" HPOS="688" VPOS="1529" WIDTH="16"/>
						<String ID="P85_ST00294" HPOS="704" VPOS="1496" WIDTH="12" HEIGHT="25" CONTENT="I" WC="1.00" CC="0"/>
						<SP ID="P85_SP00264" HPOS="716" VPOS="1529" WIDTH="15"/>
						<String ID="P85_ST00295" HPOS="731" VPOS="1496" WIDTH="100" HEIGHT="26" CONTENT="should" WC="0.80" CC="040330"/>
						<SP ID="P85_SP00265" HPOS="831" VPOS="1529" WIDTH="15"/>
						<String ID="P85_ST00296" HPOS="846" VPOS="1498" WIDTH="177" HEIGHT="26" CONTENT="recommend" WC="1.00" CC="000000000"/>
					</TextLine>
					<TextLine ID="P85_TL00032" HPOS="97" VPOS="1541" WIDTH="927" HEIGHT="36">
						<String ID="P85_ST00297" HPOS="97" VPOS="1551" WIDTH="56" HEIGHT="24" CONTENT="you" WC="1.00" CC="000"/>
						<SP ID="P85_SP00266" HPOS="153" VPOS="1575" WIDTH="22"/>
						<String ID="P85_ST00298" HPOS="175" VPOS="1546" WIDTH="28" HEIGHT="21" CONTENT="to" WC="1.00" CC="00"/>
						<SP ID="P85_SP00267" HPOS="203" VPOS="1575" WIDTH="14"/>
						<String ID="P85_ST00299" HPOS="217" VPOS="1541" WIDTH="80" HEIGHT="26" CONTENT="think" WC="0.99" CC="00000"/>
						<SP ID="P85_SP00268" HPOS="297" VPOS="1575" WIDTH="14"/>
						<String ID="P85_ST00300" HPOS="311" VPOS="1541" WIDTH="32" HEIGHT="25" CONTENT="of" WC="1.00" CC="00"/>
						<SP ID="P85_SP00269" HPOS="343" VPOS="1575" WIDTH="14"/>
						<String ID="P85_ST00301" HPOS="357" VPOS="1550" WIDTH="72" HEIGHT="24" CONTENT="your" WC="1.00" CC="0000"/>
						<SP ID="P85_SP00270" HPOS="429" VPOS="1575" WIDTH="18"/>
						<String ID="P85_ST00302" HPOS="447" VPOS="1541" WIDTH="99" HEIGHT="33" CONTENT="people" WC="0.99" CC="000000"/>
						<SP ID="P85_SP00271" HPOS="546" VPOS="1575" WIDTH="20"/>
						<String ID="P85_ST00303" HPOS="566" VPOS="1546" WIDTH="28" HEIGHT="22" CONTENT="at" WC="1.00" CC="00"/>
						<SP ID="P85_SP00272" HPOS="594" VPOS="1575" WIDTH="15"/>
						<String ID="P85_ST00304" HPOS="609" VPOS="1542" WIDTH="89" HEIGHT="26" CONTENT="home." WC="0.95" CC="10001"/>
						<SP ID="P85_SP00273" HPOS="698" VPOS="1575" WIDTH="40"/>
						<String ID="P85_ST00305" HPOS="738" VPOS="1543" WIDTH="13" HEIGHT="25" CONTENT="I" WC="1.00" CC="0"/>
						<SP ID="P85_SP00274" HPOS="751" VPOS="1575" WIDTH="21"/>
						<String ID="P85_ST00306" HPOS="772" VPOS="1543" WIDTH="71" HEIGHT="26" CONTENT="have" WC="0.94" CC="0020"/>
						<SP ID="P85_SP00275" HPOS="843" VPOS="1575" WIDTH="14"/>
						<String ID="P85_ST00307" HPOS="857" VPOS="1545" WIDTH="103" HEIGHT="32" CONTENT="myself" WC="1.00" CC="000000"/>
						<SP ID="P85_SP00276" HPOS="960" VPOS="1577" WIDTH="16"/>
						<String ID="P85_ST00308" HPOS="976" VPOS="1545" WIDTH="48" HEIGHT="26" CONTENT="felt" WC="0.87" CC="0050"/>
					</TextLine>
				</TextBlock>
			</PrintSpace>
		</Page>
	</Layout>
</alto>
